track_id,cls,t,x,y,z,w,l,h,vx,vy,theta,conf
100,0,13.300000,-97.879500,205.645800,1.336600,1.740000,4.030000,1.410000,0.851200,-1.569200,-1.183650,0.900000
100,0,13.400000,-97.794200,205.488600,1.336000,1.740000,4.030000,1.410000,0.851100,-1.569500,-1.183650,0.900000
100,0,13.500000,-97.708900,205.331300,1.335500,1.740000,4.030000,1.410000,0.849400,-1.569900,-1.183650,0.900000
100,0,13.600000,-97.624000,205.174000,1.335000,1.740000,4.030000,1.410000,0.847500,-1.575100,-1.183650,0.900000
100,0,13.700000,-97.539600,205.016700,1.334500,1.740000,4.030000,1.410000,0.840400,-1.575100,-1.183650,0.900000
100,0,13.800000,-97.456100,204.859400,1.334000,1.740000,4.030000,1.410000,0.830400,-1.569600,-1.183650,0.900000
100,0,13.900000,-97.373200,204.702100,1.333500,1.740000,4.030000,1.410000,0.829100,-1.573500,-1.183650,0.900000
100,0,14.000000,-97.290500,204.545100,1.333000,1.740000,4.030000,1.410000,0.831200,-1.577800,-1.183650,0.900000
101,0,3.700000,-65.675700,120.163900,2.877800,1.922700,4.436900,1.579300,3.241700,-1.592900,0.013950,0.900000
101,0,3.800000,-65.350900,120.004300,2.900200,1.922700,4.436900,1.579300,3.254900,-1.601400,-0.018380,0.900000
101,0,3.900000,-65.025700,119.844000,2.922600,1.922700,4.436900,1.579300,3.260000,-1.612900,-0.050740,0.900000
101,0,4.000000,-64.699800,119.682100,2.945000,1.922700,4.436900,1.579300,3.255200,-1.629000,-0.083090,0.900000
101,0,4.100000,-64.373300,119.517600,2.967500,1.922700,4.436900,1.579300,3.272400,-1.666200,-0.115490,0.900000
101,0,4.200000,-64.046200,119.349300,2.990000,1.922700,4.436900,1.579300,3.276600,-1.709000,-0.147940,0.900000
101,0,4.300000,-63.718900,119.176200,3.012600,1.922700,4.436900,1.579300,3.264600,-1.758000,-0.180360,0.900000
101,0,4.400000,-63.392000,118.997000,3.035100,1.922700,4.436900,1.579300,3.267600,-1.831300,-0.212780,0.900000
101,0,4.500000,-63.066300,118.810500,3.057600,1.922700,4.436900,1.579300,3.253500,-1.911600,-0.245190,0.900000
101,0,4.600000,-62.742200,118.615200,3.079900,1.922700,4.436900,1.579300,3.223200,-1.997900,-0.277590,0.900000
101,0,4.700000,-62.420300,118.410100,3.102000,1.922700,4.436900,1.579300,3.199200,-2.102600,-0.309970,0.900000
101,0,4.800000,-62.101100,118.193900,3.123900,1.922700,4.436900,1.579300,3.181800,-2.225600,-0.342360,0.900000
101,0,4.900000,-61.784800,117.965600,3.145600,1.922700,4.436900,1.579300,3.150400,-2.351100,-0.374740,0.900000
101,0,5.000000,-61.471800,117.724300,3.167200,1.922700,4.436900,1.579300,3.106000,-2.476400,-0.425230,0.900000
101,0,5.100000,-61.162400,117.469300,3.188500,1.922700,4.436900,1.579300,3.079900,-2.624300,-0.475710,0.900000
101,0,5.200000,-60.856700,117.200200,3.209600,1.922700,4.436900,1.579300,3.042300,-2.768200,-0.526170,0.900000
101,0,5.300000,-60.554800,116.916400,3.230600,1.922700,4.436900,1.579300,2.995100,-2.905700,-0.576620,0.900000
101,0,5.400000,-60.256500,116.617900,3.251500,1.922700,4.436900,1.579300,2.919100,-3.012200,-0.627040,0.900000
101,0,5.503000,-59.961400,116.304100,3.272400,1.922700,4.436900,1.579300,2.941200,-3.218300,-0.677490,0.900000
101,0,5.600000,-59.669100,115.975100,3.293200,1.922700,4.436900,1.579300,2.958000,-3.422100,-0.727910,0.900000
101,0,5.700000,-59.379100,115.630500,3.314100,1.922700,4.436900,1.579300,2.882100,-3.518100,-0.778360,0.900000
101,0,5.800000,-59.091500,115.270100,3.335000,1.922700,4.436900,1.579300,2.869700,-3.688900,-0.828850,0.900000
101,0,5.900000,-58.806000,114.893700,3.356200,1.922700,4.436900,1.579300,2.849500,-3.848500,-0.879320,0.900000
101,0,6.000000,-58.522400,114.501400,3.377500,1.922700,4.436900,1.579300,2.821900,-3.993500,-0.929800,0.900000
101,0,6.100000,-58.240500,114.093400,3.399100,1.922700,4.436900,1.579300,2.805100,-4.148100,-0.980340,0.900000
101,0,6.200000,-57.960300,113.670200,3.420800,1.922700,4.436900,1.579300,2.798900,-4.312700,-1.030840,0.900000
101,0,6.300000,-57.681500,113.232100,3.442800,1.922700,4.436900,1.579300,2.784600,-4.457900,-1.081370,0.900000
101,0,6.400000,-57.404100,112.779800,3.464900,1.922700,4.436900,1.579300,2.761400,-4.580700,-1.083300,0.900000
101,0,6.500000,-57.128100,112.314100,3.487100,1.922700,4.436900,1.579300,2.707800,-4.642700,-1.085230,0.900000
101,0,6.603000,-56.853700,111.836100,3.509300,1.922700,4.436900,1.579300,2.740100,-4.844300,-1.087140,0.900000
101,0,6.700000,-56.580800,111.346600,3.531400,1.922700,4.436900,1.579300,2.763300,-5.025700,-1.089060,0.900000
101,0,6.800000,-56.309700,110.846700,3.553300,1.922700,4.436900,1.579300,2.706300,-5.051800,-1.090950,0.900000
101,0,6.900000,-56.040300,110.337600,3.575000,1.922700,4.436900,1.579300,2.688800,-5.139900,-1.092820,0.900000
101,0,7.000000,-55.772700,109.820100,3.596300,1.922700,4.436900,1.579300,2.661400,-5.200000,-1.094740,0.900000
101,0,7.100000,-55.507000,109.295500,3.617100,1.922700,4.436900,1.579300,2.642100,-5.265500,-1.096630,0.900000
101,0,7.200000,-55.243200,108.765000,3.637300,1.922700,4.436900,1.579300,2.631400,-5.338600,-1.098620,0.900000
101,0,7.300000,-54.981400,108.229300,3.656900,1.922700,4.436900,1.579300,2.612500,-5.385900,-1.100480,0.900000
101,0,7.400000,-54.721400,107.689200,3.675800,1.922700,4.436900,1.579300,2.585600,-5.407300,-1.102370,0.900000
101,0,7.500000,-54.463300,107.145700,3.693900,1.922700,4.436900,1.579300,2.568000,-5.439900,-1.104260,0.900000
101,0,7.600000,-54.206800,106.599100,3.711200,1.922700,4.436900,1.579300,2.559800,-5.485400,-1.106080,0.900000
101,0,7.700000,-53.952000,106.050100,3.727600,1.922700,4.436900,1.579300,2.543700,-5.508300,-1.108020,0.900000
101,0,7.800000,-53.698800,105.498900,3.743100,1.922700,4.436900,1.579300,2.520100,-5.510300,-1.109910,0.900000
101,0,7.900000,-53.447000,104.945800,3.757700,1.922700,4.436900,1.579300,2.514500,-5.548800,-1.111720,0.900000
101,0,8.000000,-53.196500,104.390700,3.771400,1.922700,4.436900,1.579300,2.501400,-5.569700,-1.113650,0.900000
101,0,8.100000,-52.947400,103.833400,3.784200,1.922700,4.436900,1.579300,2.481100,-5.572700,-1.115400,0.900000
101,0,8.200000,-52.699300,103.274000,3.796200,1.922700,4.436900,1.579300,2.470300,-5.595200,-1.117010,0.900000
101,0,8.300000,-52.452300,102.712200,3.807400,1.922700,4.436900,1.579300,2.469100,-5.637900,-1.115230,0.900000
101,0,8.400000,-52.206200,102.147900,3.817700,1.922700,4.436900,1.579300,2.461300,-5.662800,-1.113490,0.900000
101,0,8.500000,-51.960700,101.581200,3.827200,1.922700,4.436900,1.579300,2.446700,-5.668000,-1.111870,0.900000
101,0,8.600000,-51.715900,101.012100,3.835900,1.922700,4.436900,1.579300,2.449900,-5.709600,-1.110130,0.900000
101,0,8.700000,-51.471400,100.440700,3.843900,1.922700,4.436900,1.579300,2.446800,-5.731800,-1.108300,0.900000
101,0,8.800000,-51.227200,99.867200,3.851000,1.922700,4.436900,1.579300,2.438000,-5.734300,-1.106580,0.900000
101,0,8.900000,-50.982900,99.291600,3.857300,1.922700,4.436900,1.579300,2.448000,-5.773300,-1.104970,0.900000
101,0,9.000000,-50.738200,98.714100,3.862800,1.922700,4.436900,1.579300,2.453200,-5.793100,-1.103360,0.900000
101,0,9.100000,-50.492900,98.134600,3.867600,1.922700,4.436900,1.579300,2.453500,-5.795700,-1.101750,0.900000
101,0,9.200000,-50.246600,97.552700,3.871500,1.922700,4.436900,1.579300,2.473500,-5.838000,-1.100130,0.900000
101,0,9.300000,-49.998800,96.968600,3.874500,1.922700,4.436900,1.579300,2.489600,-5.862600,-1.098520,0.900000
101,0,9.400000,-49.749300,96.381800,3.876800,1.922700,4.436900,1.579300,2.502700,-5.872800,-1.096900,0.900000
101,0,9.500000,-49.497300,95.791700,3.878100,1.922700,4.436900,1.579300,2.530500,-5.910300,-1.095300,0.900000
101,0,9.600000,-49.242200,95.197400,3.878600,1.922700,4.436900,1.579300,2.574500,-5.978300,-1.093670,0.900000
101,0,9.700000,-48.983100,94.597600,3.878200,1.922700,4.436900,1.579300,2.618700,-6.040000,-1.092020,0.900000
101,0,9.800000,-48.719200,93.991000,3.877000,1.922700,4.436900,1.579300,2.663800,-6.096900,-1.090350,0.900000
101,0,9.900000,-48.449300,93.375900,3.874800,1.922700,4.436900,1.579300,2.735400,-6.208100,-1.088670,0.900000
101,0,10.000000,-48.172800,92.751100,3.871600,1.922700,4.436900,1.579300,2.806000,-6.310900,-1.087040,0.900000
101,0,10.100000,-47.888900,92.115400,3.867500,1.922700,4.436900,1.579300,2.874400,-6.404100,-1.085400,0.900000
101,0,10.200000,-47.596800,91.467700,3.862400,1.922700,4.436900,1.579300,2.968900,-6.550700,-1.086280,0.900000
101,0,10.300000,-47.295900,90.807000,3.856300,1.922700,4.436900,1.579300,3.059200,-6.684800,-1.086260,0.900000
101,0,10.400000,-46.985800,90.132600,3.849000,1.922700,4.436900,1.579300,3.142300,-6.801600,-1.086250,0.900000
101,0,10.500000,-46.666200,89.444000,3.840600,1.922700,4.436900,1.579300,3.236000,-6.942300,-1.086240,0.900000
101,0,10.600000,-46.337300,88.741400,3.830900,1.922700,4.436900,1.579300,3.338800,-7.105400,-1.086240,0.900000
101,0,10.700000,-45.999400,88.024800,3.819900,1.922700,4.436900,1.579300,3.427200,-7.243500,-1.086240,0.900000
101,0,10.800000,-45.652800,87.294600,3.807500,1.922700,4.436900,1.579300,3.499300,-7.355700,-1.086260,0.900000
101,0,10.900000,-45.298100,86.550800,3.793700,1.922700,4.436900,1.579300,3.588000,-7.515100,-1.086250,0.900000
101,0,11.000000,-44.936100,85.793600,3.778300,1.922700,4.436900,1.579300,3.657300,-7.649200,-1.086210,0.900000
101,0,11.100000,-44.567700,85.023000,3.761300,1.922700,4.436900,1.579300,3.706600,-7.756800,-1.086170,0.900000
101,0,11.200000,-44.193400,84.239200,3.742700,1.922700,4.436900,1.579300,3.774000,-7.914100,-1.086090,0.900000
101,0,11.300000,-43.813900,83.442400,3.722300,1.922700,4.436900,1.579300,3.823800,-8.043200,-1.086030,0.900000
101,0,11.400000,-43.429700,82.632800,3.700200,1.922700,4.436900,1.579300,3.856700,-8.142600,-1.085990,0.900000
101,0,11.500000,-43.041000,81.810700,3.676300,1.922700,4.436900,1.579300,3.899200,-8.265700,-1.085980,0.900000
101,0,11.600000,-42.648300,80.976400,3.650500,1.922700,4.436900,1.579300,3.952600,-8.413300,-1.085950,0.900000
101,0,11.700000,-42.251600,80.130200,3.622900,1.922700,4.436900,1.579300,3.991400,-8.529700,-1.086780,0.900000
101,0,11.800000,-41.851100,79.272700,3.593500,1.922700,4.436900,1.579300,4.015300,-8.613000,-1.089200,0.900000
101,0,11.900000,-41.446900,78.404300,3.562200,1.922700,4.436900,1.579300,4.063900,-8.747400,-1.091580,0.900000
101,0,12.000000,-41.039400,77.525600,3.529200,1.922700,4.436900,1.579300,4.097400,-8.846800,-1.093980,0.900000
101,0,12.100000,-40.628600,76.637300,3.494500,1.922700,4.436900,1.579300,4.115200,-8.909300,-1.096410,0.900000
101,0,12.200000,-40.214700,75.740200,3.458300,1.922700,4.436900,1.579300,4.144500,-8.993300,-1.098830,0.900000
101,0,12.300000,-39.798000,74.835100,3.420600,1.922700,4.436900,1.579300,4.185800,-9.099400,-1.101260,0.900000
101,0,12.400000,-39.378700,73.922800,3.381700,1.922700,4.436900,1.579300,4.211800,-9.167400,-1.103700,0.900000
101,0,12.500000,-38.956800,73.004100,3.341700,1.922700,4.436900,1.579300,4.222200,-9.196800,-1.106140,0.900000
101,0,12.600000,-38.532600,72.079800,3.301000,1.922700,4.436900,1.579300,4.258900,-9.279200,-1.108570,0.900000
101,0,12.700000,-38.106200,71.150700,3.259600,1.922700,4.436900,1.579300,4.280000,-9.324000,-1.111000,0.900000
101,0,12.800000,-37.677700,70.217500,3.217900,1.922700,4.436900,1.579300,4.285600,-9.331100,-1.113430,0.900000
101,0,12.900000,-37.247400,69.280900,3.176000,1.922700,4.436900,1.579300,4.318100,-9.393600,-1.115860,0.900000
101,0,13.000000,-36.815300,68.341400,3.134200,1.922700,4.436900,1.579300,4.334700,-9.419300,-1.118300,0.900000
101,0,13.100000,-36.381600,67.399600,3.092600,1.922700,4.436900,1.579300,4.335100,-9.408700,-1.120740,0.900000
101,0,13.200000,-35.946600,66.455900,3.051400,1.922700,4.436900,1.579300,4.362600,-9.456500,-1.123190,0.900000
101,0,13.300000,-35.510300,65.510800,3.010700,1.922700,4.436900,1.579300,4.374300,-9.469200,-1.125640,0.900000
101,0,13.400000,-35.072900,64.564600,2.970600,1.922700,4.436900,1.579300,4.370200,-9.447500,-1.128110,0.900000
101,0,13.500000,-34.634500,63.617600,2.931300,1.922700,4.436900,1.579300,4.379200,-9.453800,-1.130600,0.900000
101,0,13.600000,-34.195300,62.670200,2.892700,1.922700,4.436900,1.579300,4.400400,-9.487500,-1.133070,0.900000
101,0,13.700000,-33.755600,61.722600,2.854900,1.922700,4.436900,1.579300,4.404100,-9.486200,-1.135490,0.900000
101,0,13.800000,-33.315700,60.775400,2.818000,1.922700,4.436900,1.579300,4.389800,-9.449900,-1.137920,0.900000
101,0,13.900000,-32.875900,59.828900,2.781700,1.922700,4.436900,1.579300,4.400900,-9.472300,-1.138680,0.900000
101,0,14.000000,-32.436700,58.883500,2.746300,1.922700,4.436900,1.579300,4.394100,-9.458900,-1.139430,0.900000
101,0,14.100000,-31.998300,57.939700,2.711400,1.922700,4.436900,1.579300,4.369600,-9.409600,-1.140190,0.900000
101,0,14.200000,-31.561000,56.997900,2.677200,1.922700,4.436900,1.579300,4.356800,-9.386900,-1.140950,0.900000
101,0,14.300000,-31.125200,56.058600,2.643400,1.922700,4.436900,1.579300,4.356100,-9.390100,-1.141710,0.900000
101,0,14.400000,-30.691000,55.122500,2.610000,1.922700,4.436900,1.579300,4.339300,-9.356400,-1.142470,0.900000
101,0,14.500000,-30.258500,54.189900,2.577000,1.922700,4.436900,1.579300,4.307900,-9.287700,-1.143230,0.900000
101,0,14.600000,-29.827700,53.261300,2.544200,1.922700,4.436900,1.579300,4.306800,-9.279800,-1.143990,0.900000
101,0,14.700000,-29.398300,52.336400,2.511500,1.922700,4.436900,1.579300,4.293200,-9.240000,-1.144750,0.900000
101,0,14.800000,-28.970200,51.415700,2.478900,1.922700,4.436900,1.579300,4.267000,-9.167800,-1.145510,0.900000
101,0,14.900000,-28.543200,50.499200,2.446400,1.922700,4.436900,1.579300,4.271000,-9.156800,-1.146280,0.900000
101,0,15.000000,-28.117200,49.586800,2.413800,1.922700,4.436900,1.579300,4.263400,-9.116500,-1.147040,0.900000
101,0,15.100000,-27.691700,48.678400,2.381300,1.922700,4.436900,1.579300,4.244400,-9.048100,-1.147800,0.900000
101,0,15.200000,-27.266600,47.773700,2.348800,1.922700,4.436900,1.579300,4.240300,-9.013900,-1.148560,0.900000
101,0,15.300000,-26.842000,46.872100,2.316200,1.922700,4.436900,1.579300,4.250600,-9.014900,-1.149320,0.900000
101,0,15.400000,-26.417700,45.973100,2.283700,1.922700,4.436900,1.579300,4.249000,-8.991900,-1.150080,0.900000
101,0,15.500000,-25.993300,45.076200,2.251100,1.922700,4.436900,1.579300,4.234200,-8.947100,-1.150850,0.900000
101,0,15.600000,-25.569200,44.180200,2.218600,1.922700,4.436900,1.579300,4.233500,-8.941900,-1.151610,0.900000
103,0,7.300000,-76.846400,130.689700,2.889300,1.877000,4.719300,2.149900,0.027300,-0.129300,0.365630,0.900000
103,0,7.400000,-76.843700,130.676800,2.887800,1.877000,4.719300,2.149900,0.028000,-0.129100,0.365600,0.900000
103,0,7.500000,-76.840800,130.663800,2.886300,1.877000,4.719300,2.149900,0.030200,-0.128500,0.365590,0.900000
103,0,7.600000,-76.837600,130.651000,2.884900,1.877000,4.719300,2.149900,0.033400,-0.127700,0.365660,0.900000
103,0,7.700000,-76.834100,130.638300,2.883400,1.877000,4.719300,2.149900,0.037700,-0.125900,0.365360,0.900000
103,0,7.800000,-76.830100,130.625900,2.882100,1.877000,4.719300,2.149900,0.044000,-0.122200,0.365590,0.900000
103,0,7.900000,-76.825300,130.613800,2.880700,1.877000,4.719300,2.149900,0.053600,-0.117400,0.365690,0.900000
103,0,8.000000,-76.819400,130.602400,2.879500,1.877000,4.719300,2.149900,0.066000,-0.110000,0.365650,0.900000
103,0,8.100000,-76.812100,130.591900,2.878400,1.877000,4.719300,2.149900,0.080700,-0.100400,0.365810,0.900000
103,0,8.200000,-76.803200,130.582300,2.877400,1.877000,4.719300,2.149900,0.098300,-0.089400,0.366130,0.900000
103,0,8.300000,-76.792400,130.573900,2.876500,1.877000,4.719300,2.149900,0.118600,-0.077100,0.366250,0.900000
103,0,8.400000,-76.779500,130.566900,2.875800,1.877000,4.719300,2.149900,0.139600,-0.063300,0.366330,0.900000
103,0,8.500000,-76.764600,130.561300,2.875200,1.877000,4.719300,2.149900,0.157500,-0.049400,0.366310,0.900000
103,0,8.600000,-76.748000,130.557000,2.874900,1.877000,4.719300,2.149900,0.168600,-0.038000,0.366450,0.900000
103,0,8.700000,-76.730900,130.553700,2.874600,1.877000,4.719300,2.149900,0.171000,-0.029600,0.366680,0.900000
103,0,8.800000,-76.713800,130.551100,2.874500,1.877000,4.719300,2.149900,0.168500,-0.023800,0.366760,0.900000
103,0,8.900000,-76.697100,130.548900,2.874500,1.877000,4.719300,2.149900,0.164300,-0.020300,0.366690,0.900000
103,0,9.000000,-76.681000,130.547000,2.874600,1.877000,4.719300,2.149900,0.157900,-0.018600,0.366620,0.900000
103,0,9.100000,-76.665600,130.545200,2.874800,1.877000,4.719300,2.149900,0.149100,-0.018000,0.366570,0.900000
103,0,9.200000,-76.651200,130.543400,2.875100,1.877000,4.719300,2.149900,0.138400,-0.018400,0.366510,0.900000
103,0,9.300000,-76.638000,130.541500,2.875400,1.877000,4.719300,2.149900,0.124900,-0.019600,0.366450,0.900000
103,0,9.400000,-76.626200,130.539500,2.875900,1.877000,4.719300,2.149900,0.109300,-0.021200,0.366390,0.900000
103,0,9.500000,-76.616100,130.537300,2.876300,1.877000,4.719300,2.149900,0.093400,-0.023700,0.366320,0.900000
103,0,9.600000,-76.607500,130.534800,2.876800,1.877000,4.719300,2.149900,0.078200,-0.027200,0.366280,0.900000
103,0,9.700000,-76.600400,130.531900,2.877300,1.877000,4.719300,2.149900,0.064000,-0.031200,0.366260,0.900000
103,0,9.800000,-76.594700,130.528500,2.877800,1.877000,4.719300,2.149900,0.051200,-0.035400,0.366280,0.900000
103,0,9.900000,-76.590200,130.524800,2.878400,1.877000,4.719300,2.149900,0.040200,-0.040000,0.366300,0.900000
103,0,10.000000,-76.586700,130.520600,2.879000,1.877000,4.719300,2.149900,0.029900,-0.044700,0.366260,0.900000
103,0,10.100000,-76.584200,130.515900,2.879600,1.877000,4.719300,2.149900,0.020600,-0.049800,0.366230,0.900000
103,0,10.200000,-76.582600,130.510600,2.880200,1.877000,4.719300,2.149900,0.012500,-0.055500,0.366190,0.900000
103,0,10.300000,-76.581700,130.504800,2.880900,1.877000,4.719300,2.149900,0.005500,-0.060900,0.366210,0.900000
103,0,10.400000,-76.581500,130.498400,2.881700,1.877000,4.719300,2.149900,-0.000000,-0.065800,0.366230,0.900000
103,0,10.500000,-76.581700,130.491600,2.882400,1.877000,4.719300,2.149900,-0.004500,-0.070200,0.366240,0.900000
103,0,10.600000,-76.582400,130.484400,2.883100,1.877000,4.719300,2.149900,-0.007800,-0.073700,0.366240,0.900000
103,0,10.700000,-76.583300,130.476900,2.883800,1.877000,4.719300,2.149900,-0.009400,-0.075600,0.366230,0.900000
103,0,10.800000,-76.584200,130.469300,2.884600,1.877000,4.719300,2.149900,-0.009000,-0.075700,0.366210,0.900000
103,0,10.900000,-76.585100,130.461700,2.885200,1.877000,4.719300,2.149900,-0.007500,-0.074700,0.366230,0.900000
103,0,11.000000,-76.585700,130.454300,2.885900,1.877000,4.719300,2.149900,-0.005300,-0.072600,0.366280,0.900000
103,0,11.100000,-76.586200,130.447200,2.886500,1.877000,4.719300,2.149900,-0.002400,-0.069400,0.366330,0.900000
103,0,11.200000,-76.586200,130.440400,2.887100,1.877000,4.719300,2.149900,0.001700,-0.065700,0.366430,0.900000
103,0,11.300000,-76.585800,130.434100,2.887600,1.877000,4.719300,2.149900,0.006800,-0.061000,0.366510,0.900000
103,0,11.400000,-76.584900,130.428300,2.888100,1.877000,4.719300,2.149900,0.012300,-0.055700,0.366560,0.900000
103,0,11.500000,-76.583400,130.422900,2.888600,1.877000,4.719300,2.149900,0.017300,-0.050800,0.366570,0.900000
103,0,11.600000,-76.581400,130.418100,2.889100,1.877000,4.719300,2.149900,0.021200,-0.046500,0.366600,0.900000
103,0,11.700000,-76.579100,130.413600,2.889500,1.877000,4.719300,2.149900,0.022700,-0.042900,0.366620,0.900000
103,0,11.800000,-76.576900,130.409500,2.889900,1.877000,4.719300,2.149900,0.021500,-0.039700,0.366660,0.900000
103,0,11.900000,-76.574800,130.405700,2.890300,1.877000,4.719300,2.149900,0.018400,-0.037500,0.366730,0.900000
103,0,12.000000,-76.573200,130.402000,2.890700,1.877000,4.719300,2.149900,0.013300,-0.035700,0.366780,0.900000
103,0,12.100000,-76.572100,130.398500,2.891100,1.877000,4.719300,2.149900,0.006900,-0.033900,0.366800,0.900000
103,0,12.200000,-76.571800,130.395200,2.891400,1.877000,4.719300,2.149900,0.000500,-0.032100,0.366830,0.900000
103,0,12.300000,-76.572100,130.392100,2.891800,1.877000,4.719300,2.149900,-0.005400,-0.029900,0.366850,0.900000
103,0,12.400000,-76.572900,130.389300,2.892100,1.877000,4.719300,2.149900,-0.010400,-0.027300,0.366850,0.900000
103,0,12.500000,-76.574100,130.386700,2.892400,1.877000,4.719300,2.149900,-0.014300,-0.024100,0.366860,0.900000
103,0,12.600000,-76.575700,130.384400,2.892600,1.877000,4.719300,2.149900,-0.017100,-0.020900,0.366870,0.900000
103,0,12.700000,-76.577600,130.382500,2.892900,1.877000,4.719300,2.149900,-0.018800,-0.017300,0.366890,0.900000
103,0,12.800000,-76.579500,130.381000,2.893100,1.877000,4.719300,2.149900,-0.019600,-0.013800,0.366900,0.900000
103,0,12.900000,-76.581500,130.379700,2.893300,1.877000,4.719300,2.149900,-0.020100,-0.010300,0.366910,0.900000
103,0,13.000000,-76.583500,130.378900,2.893500,1.877000,4.719300,2.149900,-0.019900,-0.006700,0.366910,0.900000
103,0,13.100000,-76.585500,130.378400,2.893700,1.877000,4.719300,2.149900,-0.018800,-0.003000,0.366920,0.900000
103,0,13.200000,-76.587300,130.378300,2.893800,1.877000,4.719300,2.149900,-0.016800,0.000800,0.366910,0.900000
103,0,13.300000,-76.588800,130.378600,2.894000,1.877000,4.719300,2.149900,-0.014100,0.004400,0.366900,0.900000
103,0,13.400000,-76.590100,130.379200,2.894000,1.877000,4.719300,2.149900,-0.010400,0.008100,0.366870,0.900000
103,0,13.500000,-76.590900,130.380200,2.894000,1.877000,4.719300,2.149900,-0.005900,0.011800,0.366800,0.900000
103,0,13.600000,-76.591300,130.381500,2.894000,1.877000,4.719300,2.149900,-0.001000,0.015400,0.366780,0.900000
103,0,13.700000,-76.591100,130.383300,2.893900,1.877000,4.719300,2.149900,0.004100,0.018800,0.366800,0.900000
103,0,13.800000,-76.590400,130.385300,2.893800,1.877000,4.719300,2.149900,0.008800,0.022000,0.366820,0.900000
103,0,13.900000,-76.589300,130.387700,2.893600,1.877000,4.719300,2.149900,0.012800,0.024900,0.366820,0.900000
103,0,14.000000,-76.587900,130.390300,2.893300,1.877000,4.719300,2.149900,0.015500,0.027000,0.366830,0.900000
103,0,14.100000,-76.586200,130.393100,2.893000,1.877000,4.719300,2.149900,0.016800,0.028600,0.366830,0.900000
103,0,14.200000,-76.584500,130.396000,2.892600,1.877000,4.719300,2.149900,0.016300,0.029300,0.366830,0.900000
103,0,14.300000,-76.582900,130.398900,2.892100,1.877000,4.719300,2.149900,0.014500,0.028900,0.366820,0.900000
103,0,14.400000,-76.581600,130.401800,2.891700,1.877000,4.719300,2.149900,0.011800,0.026900,0.366830,0.900000
103,0,14.500000,-76.580600,130.404300,2.891200,1.877000,4.719300,2.149900,0.009100,0.023600,0.366830,0.900000
103,0,14.600000,-76.579800,130.406500,2.890700,1.877000,4.719300,2.149900,0.006700,0.020100,0.366830,0.900000
103,0,14.700000,-76.579200,130.408300,2.890200,1.877000,4.719300,2.149900,0.004200,0.016500,0.366820,0.900000
103,0,14.800000,-76.579000,130.409800,2.889700,1.877000,4.719300,2.149900,0.001700,0.013100,0.366820,0.900000
103,0,14.900000,-76.578900,130.410900,2.889300,1.877000,4.719300,2.149900,-0.000400,0.010400,0.366820,0.900000
103,0,15.000000,-76.579000,130.411900,2.888800,1.877000,4.719300,2.149900,-0.002100,0.008300,0.366820,0.900000
103,0,15.100000,-76.579300,130.412600,2.888300,1.877000,4.719300,2.149900,-0.003400,0.006500,0.366820,0.900000
103,0,15.200000,-76.579700,130.413200,2.887900,1.877000,4.719300,2.149900,-0.004700,0.005300,0.366810,0.900000
103,0,15.300000,-76.580300,130.413700,2.887400,1.877000,4.719300,2.149900,-0.005800,0.004400,0.366810,0.900000
103,0,15.400000,-76.580900,130.414000,2.887000,1.877000,4.719300,2.149900,-0.006500,0.003700,0.366810,0.900000
103,0,15.500000,-76.581600,130.414400,2.886500,1.877000,4.719300,2.149900,-0.006900,0.003400,0.366800,0.900000
103,0,15.600000,-76.582300,130.414700,2.886100,1.877000,4.719300,2.149900,-0.007000,0.003400,0.366810,0.900000
104,0,0.000000,-12.170400,11.585200,1.194300,1.740000,4.289700,1.823100,-0.093700,0.138000,-1.115360,0.900000
104,0,0.100000,-12.179800,11.599000,1.195100,1.740000,4.289700,1.823100,-0.094000,0.138200,-1.115380,0.900000
104,0,0.200000,-12.189200,11.612800,1.195800,1.740000,4.289700,1.823100,-0.093600,0.137200,-1.115380,0.900000
104,0,0.300000,-12.198500,11.626400,1.196500,1.740000,4.289700,1.823100,-0.092900,0.136000,-1.115370,0.900000
104,0,0.400000,-12.207800,11.640100,1.197200,1.740000,4.289700,1.823100,-0.093600,0.138000,-1.115410,0.900000
104,0,0.500000,-12.217200,11.654000,1.198000,1.740000,4.289700,1.823100,-0.094800,0.142400,-1.115350,0.900000
104,0,0.600000,-12.226700,11.668500,1.198700,1.740000,4.289700,1.823100,-0.096000,0.148400,-1.115360,0.900000
104,0,0.700000,-12.236400,11.683700,1.199400,1.740000,4.289700,1.823100,-0.097500,0.156100,-1.115340,0.900000
104,0,0.800000,-12.246200,11.699800,1.200200,1.740000,4.289700,1.823100,-0.098400,0.164900,-1.115380,0.900000
104,0,0.900000,-12.256100,11.716700,1.200900,1.740000,4.289700,1.823100,-0.097400,0.173200,-1.115370,0.900000
104,0,1.000000,-12.265700,11.734400,1.201600,1.740000,4.289700,1.823100,-0.093200,0.180900,-1.115420,0.900000
104,0,1.100000,-12.274800,11.752900,1.202300,1.740000,4.289700,1.823100,-0.086400,0.189400,-1.115450,0.900000
104,0,1.200000,-12.283000,11.772200,1.202900,1.740000,4.289700,1.823100,-0.076500,0.195600,-1.115460,0.900000
104,0,1.300000,-12.290000,11.792000,1.203500,1.740000,4.289700,1.823100,-0.064300,0.198600,-1.115480,0.900000
104,0,1.400000,-12.295800,11.812000,1.204100,1.740000,4.289700,1.823100,-0.051200,0.200000,-1.115470,0.900000
104,0,1.500000,-12.300300,11.831900,1.204600,1.740000,4.289700,1.823100,-0.037600,0.197500,-1.115550,0.900000
104,0,1.600000,-12.303300,11.851400,1.205100,1.740000,4.289700,1.823100,-0.024800,0.191200,-1.115580,0.900000
104,0,1.700000,-12.305200,11.870200,1.205500,1.740000,4.289700,1.823100,-0.014300,0.182400,-1.115580,0.900000
104,0,1.800000,-12.306200,11.888000,1.205800,1.740000,4.289700,1.823100,-0.007300,0.171000,-1.115610,0.900000
104,0,1.900000,-12.306700,11.904400,1.206100,1.740000,4.289700,1.823100,-0.003900,0.156200,-1.115560,0.900000
104,0,2.000000,-12.307000,11.919200,1.206400,1.740000,4.289700,1.823100,-0.003100,0.139200,-1.115450,0.900000
104,0,2.100000,-12.307300,11.932300,1.206600,1.740000,4.289700,1.823100,-0.004000,0.122600,-1.115340,0.900000
104,0,2.200000,-12.307800,11.943700,1.206800,1.740000,4.289700,1.823100,-0.006100,0.105800,-1.115270,0.900000
104,0,2.300000,-12.308500,11.953400,1.206900,1.740000,4.289700,1.823100,-0.008800,0.089300,-1.115090,0.900000
104,0,2.400000,-12.309500,11.961600,1.207000,1.740000,4.289700,1.823100,-0.011900,0.074000,-1.115010,0.900000
104,0,2.500000,-12.310900,11.968300,1.207200,1.740000,4.289700,1.823100,-0.015000,0.059900,-1.114980,0.900000
104,0,2.600000,-12.312500,11.973600,1.207300,1.740000,4.289700,1.823100,-0.018000,0.046800,-1.114910,0.900000
104,0,2.700000,-12.314500,11.977600,1.207400,1.740000,4.289700,1.823100,-0.020600,0.034800,-1.114930,0.900000
104,0,2.800000,-12.316700,11.980500,1.207500,1.740000,4.289700,1.823100,-0.023000,0.024300,-1.114940,0.900000
104,0,2.900000,-12.319100,11.982500,1.207500,1.740000,4.289700,1.823100,-0.024800,0.014800,-1.114980,0.900000
104,0,3.000000,-12.321600,11.983500,1.207600,1.740000,4.289700,1.823100,-0.025800,0.006400,-1.114980,0.900000
104,0,3.100000,-12.324200,11.983700,1.207700,1.740000,4.289700,1.823100,-0.026300,-0.000800,-1.115010,0.900000
104,0,3.200000,-12.326900,11.983300,1.207800,1.740000,4.289700,1.823100,-0.025900,-0.007000,-1.115000,0.900000
104,0,3.300000,-12.329400,11.982300,1.207800,1.740000,4.289700,1.823100,-0.024500,-0.012100,-1.114950,0.900000
104,0,3.400000,-12.331800,11.980900,1.207900,1.740000,4.289700,1.823100,-0.022500,-0.016200,-1.114980,0.900000
104,0,3.500000,-12.333900,11.979100,1.207900,1.740000,4.289700,1.823100,-0.019800,-0.019400,-1.114960,0.900000
104,0,3.600000,-12.335700,11.977000,1.207900,1.740000,4.289700,1.823100,-0.016600,-0.021600,-1.114930,0.900000
104,0,3.700000,-12.337200,11.974800,1.208000,1.740000,4.289700,1.823100,-0.012900,-0.023200,-1.114870,0.900000
104,0,3.800000,-12.338300,11.972400,1.208000,1.740000,4.289700,1.823100,-0.008900,-0.024100,-1.114820,0.900000
104,0,3.900000,-12.339000,11.970000,1.208000,1.740000,4.289700,1.823100,-0.004700,-0.024400,-1.114800,0.900000
104,0,4.000000,-12.339300,11.967500,1.208000,1.740000,4.289700,1.823100,-0.000700,-0.024100,-1.114770,0.900000
104,0,4.100000,-12.339100,11.965100,1.207900,1.740000,4.289700,1.823100,0.003000,-0.023400,-1.114770,0.900000
104,0,4.200000,-12.338700,11.962800,1.207900,1.740000,4.289700,1.823100,0.006400,-0.022100,-1.114830,0.900000
104,0,4.300000,-12.337900,11.960700,1.207900,1.740000,4.289700,1.823100,0.009600,-0.020000,-1.114850,0.900000
104,0,4.400000,-12.336700,11.958800,1.207800,1.740000,4.289700,1.823100,0.013100,-0.017300,-1.114870,0.900000
104,0,4.500000,-12.335200,11.957300,1.207800,1.740000,4.289700,1.823100,0.016700,-0.013800,-1.114900,0.900000
104,0,4.600000,-12.333400,11.956100,1.207700,1.740000,4.289700,1.823100,0.020200,-0.009900,-1.114910,0.900000
104,0,4.700000,-12.331200,11.955300,1.207600,1.740000,4.289700,1.823100,0.023400,-0.005800,-1.114900,0.900000
104,0,4.800000,-12.328700,11.954900,1.207600,1.740000,4.289700,1.823100,0.026500,-0.001400,-1.114900,0.900000
104,0,4.900000,-12.325900,11.955000,1.207500,1.740000,4.289700,1.823100,0.029400,0.003400,-1.114900,0.900000
104,0,5.000000,-12.322800,11.955600,1.207400,1.740000,4.289700,1.823100,0.031600,0.008300,-1.114910,0.900000
104,0,5.100000,-12.319600,11.956700,1.207300,1.740000,4.289700,1.823100,0.033300,0.013200,-1.114900,0.900000
104,0,5.200000,-12.316200,11.958200,1.207200,1.740000,4.289700,1.823100,0.034200,0.017800,-1.114890,0.900000
104,0,5.300000,-12.312700,11.960200,1.207200,1.740000,4.289700,1.823100,0.034400,0.021800,-1.114880,0.900000
104,0,5.400000,-12.309300,11.962600,1.207100,1.740000,4.289700,1.823100,0.033900,0.024500,-1.114840,0.900000
104,0,5.503000,-12.305900,11.965200,1.207000,1.740000,4.289700,1.823100,0.034400,0.027200,-1.114800,0.900000
104,0,5.600000,-12.302400,11.968000,1.206900,1.740000,4.289700,1.823100,0.034600,0.029100,-1.114760,0.900000
104,0,5.700000,-12.299000,11.970900,1.206800,1.740000,4.289700,1.823100,0.033200,0.029300,-1.114740,0.900000
104,0,5.800000,-12.295800,11.973900,1.206700,1.740000,4.289700,1.823100,0.031700,0.029300,-1.114750,0.900000
104,0,5.900000,-12.292700,11.976800,1.206500,1.740000,4.289700,1.823100,0.029000,0.028600,-1.114740,0.900000
104,0,6.000000,-12.290000,11.979600,1.206400,1.740000,4.289700,1.823100,0.025200,0.027200,-1.114750,0.900000
104,0,6.100000,-12.287700,11.982300,1.206300,1.740000,4.289700,1.823100,0.020700,0.025600,-1.114800,0.900000
104,0,6.200000,-12.285800,11.984700,1.206200,1.740000,4.289700,1.823100,0.016000,0.023800,-1.114820,0.900000
104,0,6.300000,-12.284500,11.987000,1.206100,1.740000,4.289700,1.823100,0.010800,0.021500,-1.114860,0.900000
104,0,6.400000,-12.283700,11.989000,1.206000,1.740000,4.289700,1.823100,0.005400,0.019100,-1.114900,0.900000
104,0,6.500000,-12.283400,11.990800,1.205900,1.740000,4.289700,1.823100,0.000200,0.016600,-1.114950,0.900000
104,0,6.603000,-12.283600,11.992400,1.205900,1.740000,4.289700,1.823100,-0.004800,0.014600,-1.114970,0.900000
104,0,6.700000,-12.284400,11.993700,1.205800,1.740000,4.289700,1.823100,-0.009200,0.012200,-1.115010,0.900000
104,0,6.800000,-12.285500,11.994800,1.205800,1.740000,4.289700,1.823100,-0.012200,0.009400,-1.115020,0.900000
104,0,6.900000,-12.286800,11.995600,1.205700,1.740000,4.289700,1.823100,-0.014400,0.006800,-1.115020,0.900000
104,0,7.000000,-12.288300,11.996200,1.205700,1.740000,4.289700,1.823100,-0.015800,0.004200,-1.115050,0.900000
104,0,7.100000,-12.290000,11.996500,1.205700,1.740000,4.289700,1.823100,-0.016500,0.001600,-1.115060,0.900000
104,0,7.200000,-12.291600,11.996500,1.205700,1.740000,4.289700,1.823100,-0.016500,-0.001000,-1.115140,0.900000
104,0,7.300000,-12.293300,11.996300,1.205800,1.740000,4.289700,1.823100,-0.015700,-0.003500,-1.115130,0.900000
104,0,7.400000,-12.294800,11.995800,1.205900,1.740000,4.289700,1.823100,-0.014900,-0.005900,-1.115150,0.900000
104,0,7.500000,-12.296200,11.995100,1.205900,1.740000,4.289700,1.823100,-0.014400,-0.008100,-1.115170,0.900000
104,0,7.600000,-12.297700,11.994200,1.206100,1.740000,4.289700,1.823100,-0.014400,-0.010200,-1.115130,0.900000
104,0,7.700000,-12.299100,11.993000,1.206200,1.740000,4.289700,1.823100,-0.014500,-0.012100,-1.115190,0.900000
104,0,7.800000,-12.300600,11.991700,1.206300,1.740000,4.289700,1.823100,-0.014800,-0.014200,-1.115230,0.900000
104,0,7.900000,-12.302100,11.990200,1.206500,1.740000,4.289700,1.823100,-0.015100,-0.016500,-1.115190,0.900000
104,0,8.000000,-12.303600,11.988400,1.206600,1.740000,4.289700,1.823100,-0.014700,-0.018400,-1.115260,0.900000
104,0,8.100000,-12.305000,11.986500,1.206800,1.740000,4.289700,1.823100,-0.013600,-0.019900,-1.115170,0.900000
104,0,8.200000,-12.306300,11.984400,1.206900,1.740000,4.289700,1.823100,-0.012600,-0.021300,-1.114950,0.900000
104,0,8.300000,-12.307500,11.982200,1.207100,1.740000,4.289700,1.823100,-0.012200,-0.022400,-1.114820,0.900000
104,0,8.400000,-12.308800,11.980000,1.207200,1.740000,4.289700,1.823100,-0.012700,-0.023300,-1.114750,0.900000
104,0,8.500000,-12.310100,11.977600,1.207300,1.740000,4.289700,1.823100,-0.013700,-0.023900,-1.114810,0.900000
104,0,8.600000,-12.311500,11.975200,1.207500,1.740000,4.289700,1.823100,-0.014700,-0.024200,-1.114770,0.900000
104,0,8.700000,-12.313000,11.972800,1.207600,1.740000,4.289700,1.823100,-0.015400,-0.024000,-1.114650,0.900000
104,0,8.800000,-12.314600,11.970400,1.207700,1.740000,4.289700,1.823100,-0.016000,-0.023100,-1.114600,0.900000
104,0,8.900000,-12.316200,11.968100,1.207800,1.740000,4.289700,1.823100,-0.017200,-0.022300,-1.114640,0.900000
104,0,9.000000,-12.318000,11.965900,1.207900,1.740000,4.289700,1.823100,-0.019600,-0.022000,-1.114680,0.900000
104,0,9.100000,-12.320100,11.963700,1.208000,1.740000,4.289700,1.823100,-0.022800,-0.022400,-1.114720,0.900000
104,0,9.200000,-12.322600,11.961400,1.208100,1.740000,4.289700,1.823100,-0.026800,-0.023600,-1.114760,0.900000
104,0,9.300000,-12.325500,11.959000,1.208200,1.740000,4.289700,1.823100,-0.031600,-0.025200,-1.114790,0.900000
104,0,9.400000,-12.328900,11.956400,1.208300,1.740000,4.289700,1.823100,-0.036900,-0.026900,-1.114830,0.900000
104,0,9.500000,-12.332900,11.953600,1.208400,1.740000,4.289700,1.823100,-0.041900,-0.028200,-1.114880,0.900000
104,0,9.600000,-12.337300,11.950700,1.208500,1.740000,4.289700,1.823100,-0.046100,-0.028600,-1.114910,0.900000
104,0,9.700000,-12.342100,11.947900,1.208600,1.740000,4.289700,1.823100,-0.049100,-0.027800,-1.114920,0.900000
104,0,9.800000,-12.347100,11.945200,1.208700,1.740000,4.289700,1.823100,-0.051000,-0.025700,-1.114860,0.900000
104,0,9.900000,-12.352300,11.942700,1.208800,1.740000,4.289700,1.823100,-0.052700,-0.023100,-1.114840,0.900000
104,0,10.000000,-12.357600,11.940600,1.208900,1.740000,4.289700,1.823100,-0.053700,-0.019500,-1.114920,0.900000
104,0,10.100000,-12.363100,11.938800,1.209000,1.740000,4.289700,1.823100,-0.055500,-0.015600,-1.114940,0.900000
104,0,10.200000,-12.368800,11.937500,1.209100,1.740000,4.289700,1.823100,-0.059100,-0.011700,-1.114970,0.900000
104,0,10.300000,-12.374900,11.936500,1.209100,1.740000,4.289700,1.823100,-0.063100,-0.007300,-1.114950,0.900000
104,0,10.400000,-12.381400,11.936000,1.209200,1.740000,4.289700,1.823100,-0.066300,-0.002200,-1.114940,0.900000
104,0,10.500000,-12.388100,11.936000,1.209300,1.740000,4.289700,1.823100,-0.067500,0.003400,-1.114930,0.900000
104,0,10.600000,-12.394900,11.936700,1.209400,1.740000,4.289700,1.823100,-0.066000,0.009600,-1.114930,0.900000
104,0,10.700000,-12.401300,11.938000,1.209500,1.740000,4.289700,1.823100,-0.061100,0.015700,-1.114940,0.900000
104,0,10.800000,-12.407100,11.939800,1.209600,1.740000,4.289700,1.823100,-0.053000,0.021100,-1.114950,0.900000
104,0,10.900000,-12.412000,11.942200,1.209700,1.740000,4.289700,1.823100,-0.042700,0.025000,-1.114940,0.900000
104,0,11.000000,-12.415600,11.944800,1.209700,1.740000,4.289700,1.823100,-0.030000,0.026800,-1.114910,0.900000
104,0,11.100000,-12.417900,11.947500,1.209800,1.740000,4.289700,1.823100,-0.015000,0.025700,-1.114870,0.900000
104,0,11.200000,-12.418600,11.950000,1.209800,1.740000,4.289700,1.823100,0.001800,0.021600,-1.114810,0.900000
104,0,11.300000,-12.417600,11.951800,1.209800,1.740000,4.289700,1.823100,0.020000,0.014900,-1.114760,0.900000
104,0,11.400000,-12.414700,11.952900,1.209700,1.740000,4.289700,1.823100,0.038200,0.007100,-1.114730,0.900000
104,0,11.500000,-12.409900,11.953300,1.209700,1.740000,4.289700,1.823100,0.055700,0.000400,-1.114720,0.900000
104,0,11.600000,-12.403500,11.953000,1.209600,1.740000,4.289700,1.823100,0.071000,-0.002700,-1.114700,0.900000
104,0,11.700000,-12.395700,11.952700,1.209500,1.740000,4.289700,1.823100,0.082900,-0.002800,-1.114690,0.900000
104,0,11.800000,-12.387000,11.952500,1.209400,1.740000,4.289700,1.823100,0.090700,-0.001300,-1.114670,0.900000
104,0,11.900000,-12.377600,11.952400,1.209300,1.740000,4.289700,1.823100,0.094900,0.000700,-1.114620,0.900000
104,0,12.000000,-12.368000,11.952600,1.209200,1.740000,4.289700,1.823100,0.094900,0.002800,-1.114590,0.900000
104,0,12.100000,-12.358600,11.953000,1.209100,1.740000,4.289700,1.823100,0.091500,0.004100,-1.114580,0.900000
104,0,12.200000,-12.349700,11.953400,1.209100,1.740000,4.289700,1.823100,0.086400,0.004200,-1.114560,0.900000
104,0,12.300000,-12.341300,11.953800,1.209000,1.740000,4.289700,1.823100,0.080900,0.002900,-1.114550,0.900000
104,0,12.400000,-12.333500,11.954000,1.208900,1.740000,4.289700,1.823100,0.075100,-0.000300,-1.114540,0.900000
104,0,12.500000,-12.326300,11.953800,1.208900,1.740000,4.289700,1.823100,0.069600,-0.005400,-1.114540,0.900000
104,0,12.600000,-12.319600,11.953000,1.208800,1.740000,4.289700,1.823100,0.065400,-0.012000,-1.114530,0.900000
104,0,12.700000,-12.313200,11.951400,1.208700,1.740000,4.289700,1.823100,0.061500,-0.020300,-1.114520,0.900000
104,0,12.800000,-12.307300,11.948900,1.208600,1.740000,4.289700,1.823100,0.058100,-0.030800,-1.114520,0.900000
104,0,12.900000,-12.301600,11.945200,1.208400,1.740000,4.289700,1.823100,0.056000,-0.044400,-1.114510,0.900000
104,0,13.000000,-12.296100,11.940000,1.208200,1.740000,4.289700,1.823100,0.054400,-0.061400,-1.114510,0.900000
104,0,13.100000,-12.290700,11.933000,1.207900,1.740000,4.289700,1.823100,0.053200,-0.082000,-1.114500,0.900000
104,0,13.200000,-12.285400,11.923600,1.207600,1.740000,4.289700,1.823100,0.052600,-0.107600,-1.114510,0.900000
104,0,13.300000,-12.280200,11.911500,1.207100,1.740000,4.289700,1.823100,0.052800,-0.137500,-1.114520,0.900000
104,0,13.400000,-12.274900,11.896100,1.206600,1.740000,4.289700,1.823100,0.054000,-0.171500,-1.114540,0.900000
104,0,13.500000,-12.269400,11.877100,1.206000,1.740000,4.289700,1.823100,0.056600,-0.210800,-1.114580,0.900000
104,0,13.600000,-12.263600,11.853900,1.205300,1.740000,4.289700,1.823100,0.061000,-0.255300,-1.114590,0.900000
104,0,13.700000,-12.257200,11.826100,1.204400,1.740000,4.289700,1.823100,0.067100,-0.302800,-1.114580,0.900000
104,0,13.800000,-12.250200,11.793400,1.203500,1.740000,4.289700,1.823100,0.074600,-0.352500,-1.114570,0.900000
104,0,13.900000,-12.242200,11.755500,1.202300,1.740000,4.289700,1.823100,0.085200,-0.407200,-1.114570,0.900000
104,0,14.000000,-12.233100,11.712100,1.201000,1.740000,4.289700,1.823100,0.098000,-0.462100,-1.114560,0.900000
104,0,14.100000,-12.222700,11.663200,1.199500,1.740000,4.289700,1.823100,0.113300,-0.515800,-1.114560,0.900000
104,0,14.200000,-12.210400,11.608700,1.197900,1.740000,4.289700,1.823100,0.131300,-0.570400,-1.114560,0.900000
104,0,14.300000,-12.196300,11.548900,1.196100,1.740000,4.289700,1.823100,0.151700,-0.624400,-1.114570,0.900000
104,0,14.400000,-12.180200,11.484000,1.194100,1.740000,4.289700,1.823100,0.172800,-0.671600,-1.114560,0.900000
104,0,14.500000,-12.161800,11.414700,1.191900,1.740000,4.289700,1.823100,0.193000,-0.709000,-1.114560,0.900000
104,0,14.600000,-12.141500,11.341900,1.189600,1.740000,4.289700,1.823100,0.212900,-0.740900,-1.114560,0.900000
104,0,14.700000,-12.119300,11.266700,1.187300,1.740000,4.289700,1.823100,0.230400,-0.761500,-1.114570,0.900000
104,0,14.800000,-12.095500,11.189800,1.184800,1.740000,4.289700,1.823100,0.245100,-0.771100,-1.114570,0.900000
104,0,14.900000,-12.070200,11.112200,1.182400,1.740000,4.289700,1.823100,0.258800,-0.777400,-1.114570,0.900000
104,0,15.000000,-12.043800,11.034600,1.179900,1.740000,4.289700,1.823100,0.269100,-0.776200,-1.114570,0.900000
104,0,15.100000,-12.016400,10.957200,1.177400,1.740000,4.289700,1.823100,0.275500,-0.770500,-1.114570,0.900000
104,0,15.200000,-11.988600,10.880200,1.174900,1.740000,4.289700,1.823100,0.278300,-0.768900,-1.114570,0.900000
105,0,8.300000,-111.385600,244.802900,2.651900,1.740000,4.054000,2.009900,0.205700,-0.106700,-1.493480,0.900000
105,0,8.400000,-111.365100,244.792300,2.651000,1.740000,4.054000,2.009900,0.201600,-0.106000,-1.493400,0.900000
105,0,8.500000,-111.345300,244.781700,2.650100,1.740000,4.054000,2.009900,0.191900,-0.103100,-1.493430,0.900000
105,0,8.600000,-111.326700,244.771600,2.649200,1.740000,4.054000,2.009900,0.179100,-0.096600,-1.493300,0.900000
105,0,8.700000,-111.309600,244.762400,2.648400,1.740000,4.054000,2.009900,0.162000,-0.087800,-1.493080,0.900000
105,0,8.800000,-111.294300,244.754100,2.647700,1.740000,4.054000,2.009900,0.141600,-0.078800,-1.493000,0.900000
105,0,8.900000,-111.281200,244.746600,2.647100,1.740000,4.054000,2.009900,0.119600,-0.071100,-1.493060,0.900000
105,0,9.000000,-111.270400,244.739900,2.646500,1.740000,4.054000,2.009900,0.095500,-0.063900,-1.493130,0.900000
105,0,9.100000,-111.262100,244.733900,2.646100,1.740000,4.054000,2.009900,0.071700,-0.058500,-1.493190,0.900000
105,0,9.200000,-111.256100,244.728200,2.645700,1.740000,4.054000,2.009900,0.049500,-0.057500,-1.493240,0.900000
105,0,9.300000,-111.252200,244.722400,2.645400,1.740000,4.054000,2.009900,0.029000,-0.058700,-1.493300,0.900000
105,0,9.400000,-111.250300,244.716500,2.645200,1.740000,4.054000,2.009900,0.011200,-0.061200,-1.493360,0.900000
105,0,9.500000,-111.250000,244.710100,2.645100,1.740000,4.054000,2.009900,-0.003800,-0.065600,-1.493420,0.900000
105,0,9.600000,-111.251000,244.703300,2.644900,1.740000,4.054000,2.009900,-0.016300,-0.071800,-1.493470,0.900000
105,0,9.700000,-111.253200,244.695800,2.644800,1.740000,4.054000,2.009900,-0.026200,-0.079300,-1.493480,0.900000
105,0,9.800000,-111.256300,244.687500,2.644700,1.740000,4.054000,2.009900,-0.033500,-0.088200,-1.493470,0.900000
105,0,9.900000,-111.259900,244.678100,2.644600,1.740000,4.054000,2.009900,-0.038500,-0.098300,-1.493450,0.900000
105,0,10.000000,-111.264000,244.667800,2.644500,1.740000,4.054000,2.009900,-0.042200,-0.106700,-1.493480,0.900000
105,0,10.100000,-111.268400,244.656800,2.644400,1.740000,4.054000,2.009900,-0.044500,-0.111200,-1.493510,0.900000
105,0,10.200000,-111.272900,244.645600,2.644300,1.740000,4.054000,2.009900,-0.045100,-0.111400,-1.493550,0.900000
105,0,10.300000,-111.277400,244.634600,2.644200,1.740000,4.054000,2.009900,-0.044500,-0.108000,-1.493530,0.900000
105,0,10.400000,-111.281800,244.624000,2.644100,1.740000,4.054000,2.009900,-0.043600,-0.103200,-1.493650,0.900000
105,0,10.500000,-111.286100,244.613900,2.644100,1.740000,4.054000,2.009900,-0.042800,-0.097400,-1.493500,0.900000
105,0,10.600000,-111.290300,244.604500,2.644000,1.740000,4.054000,2.009900,-0.042000,-0.090600,-1.493480,0.900000
105,0,10.700000,-111.294500,244.595800,2.643900,1.740000,4.054000,2.009900,-0.040900,-0.082300,-1.493510,0.900000
105,0,10.800000,-111.298500,244.588000,2.643800,1.740000,4.054000,2.009900,-0.039600,-0.072500,-1.493530,0.900000
105,0,10.900000,-111.302400,244.581300,2.643800,1.740000,4.054000,2.009900,-0.038400,-0.062200,-1.493520,0.900000
105,0,11.000000,-111.306200,244.575600,2.643800,1.740000,4.054000,2.009900,-0.037700,-0.051200,-1.493460,0.900000
105,0,11.100000,-111.309900,244.571000,2.643700,1.740000,4.054000,2.009900,-0.038100,-0.040100,-1.493420,0.900000
105,0,11.200000,-111.313800,244.567600,2.643800,1.740000,4.054000,2.009900,-0.038800,-0.028800,-1.493320,0.900000
105,0,11.300000,-111.317700,244.565300,2.643800,1.740000,4.054000,2.009900,-0.038800,-0.016300,-1.493250,0.900000
105,0,11.400000,-111.321600,244.564300,2.643900,1.740000,4.054000,2.009900,-0.038000,-0.002400,-1.493200,0.900000
105,0,11.500000,-111.325300,244.564800,2.643900,1.740000,4.054000,2.009900,-0.035800,0.011500,-1.493180,0.900000
105,0,11.600000,-111.328700,244.566600,2.644100,1.740000,4.054000,2.009900,-0.032200,0.024300,-1.493150,0.900000
105,0,11.700000,-111.331700,244.569700,2.644200,1.740000,4.054000,2.009900,-0.026900,0.036100,-1.493140,0.900000
105,0,11.800000,-111.334100,244.573800,2.644300,1.740000,4.054000,2.009900,-0.019800,0.046000,-1.493100,0.900000
105,0,11.900000,-111.335700,244.578900,2.644500,1.740000,4.054000,2.009900,-0.010700,0.053900,-1.493030,0.900000
105,0,12.000000,-111.336300,244.584600,2.644600,1.740000,4.054000,2.009900,0.000000,0.060500,-1.492980,0.900000
105,0,12.100000,-111.335700,244.591000,2.644700,1.740000,4.054000,2.009900,0.010500,0.067300,-1.492960,0.900000
105,0,12.200000,-111.334200,244.598100,2.644800,1.740000,4.054000,2.009900,0.018700,0.073800,-1.492940,0.900000
105,0,12.300000,-111.331900,244.605700,2.644900,1.740000,4.054000,2.009900,0.023500,0.079900,-1.492920,0.900000
105,0,12.400000,-111.329500,244.614000,2.645000,1.740000,4.054000,2.009900,0.024500,0.086000,-1.492910,0.900000
105,0,12.500000,-111.327000,244.622900,2.645100,1.740000,4.054000,2.009900,0.020600,0.091400,-1.492910,0.900000
105,0,12.600000,-111.325300,244.632400,2.645300,1.740000,4.054000,2.009900,0.010600,0.096900,-1.492900,0.900000
105,0,12.700000,-111.324900,244.642300,2.645400,1.740000,4.054000,2.009900,-0.004500,0.102300,-1.492880,0.900000
105,0,12.800000,-111.326200,244.652800,2.645700,1.740000,4.054000,2.009900,-0.022700,0.107700,-1.492870,0.900000
105,0,12.900000,-111.329500,244.663900,2.645900,1.740000,4.054000,2.009900,-0.042300,0.114700,-1.492860,0.900000
105,0,13.000000,-111.334700,244.675700,2.646300,1.740000,4.054000,2.009900,-0.061700,0.122200,-1.492850,0.900000
105,0,13.100000,-111.341800,244.688300,2.646700,1.740000,4.054000,2.009900,-0.078700,0.129400,-1.492850,0.900000
105,0,13.200000,-111.350500,244.701600,2.647100,1.740000,4.054000,2.009900,-0.092000,0.137400,-1.492860,0.900000
105,0,13.300000,-111.360200,244.715700,2.647600,1.740000,4.054000,2.009900,-0.100100,0.144400,-1.492870,0.900000
105,0,13.400000,-111.370500,244.730500,2.648100,1.740000,4.054000,2.009900,-0.103800,0.150800,-1.492900,0.900000
105,0,13.500000,-111.381000,244.745900,2.648600,1.740000,4.054000,2.009900,-0.105300,0.157100,-1.492960,0.900000
105,0,13.600000,-111.391600,244.761900,2.649100,1.740000,4.054000,2.009900,-0.105200,0.162600,-1.492980,0.900000
105,0,13.700000,-111.402000,244.778400,2.649600,1.740000,4.054000,2.009900,-0.102600,0.166500,-1.492960,0.900000
105,0,13.800000,-111.412100,244.795200,2.650200,1.740000,4.054000,2.009900,-0.098600,0.168800,-1.492940,0.900000
105,0,13.900000,-111.421700,244.812200,2.650700,1.740000,4.054000,2.009900,-0.094900,0.171400,-1.492940,0.900000
105,0,14.000000,-111.431000,244.829500,2.651200,1.740000,4.054000,2.009900,-0.090500,0.172800,-1.492940,0.900000
105,0,14.100000,-111.439800,244.846800,2.651700,1.740000,4.054000,2.009900,-0.086000,0.172400,-1.492930,0.900000
105,0,14.200000,-111.448200,244.864000,2.652200,1.740000,4.054000,2.009900,-0.082400,0.171100,-1.492940,0.900000
105,0,14.300000,-111.456300,244.881000,2.652600,1.740000,4.054000,2.009900,-0.079800,0.168900,-1.492940,0.900000
105,0,14.400000,-111.464200,244.897700,2.653100,1.740000,4.054000,2.009900,-0.077700,0.164800,-1.492930,0.900000
105,0,14.500000,-111.471900,244.914000,2.653500,1.740000,4.054000,2.009900,-0.076000,0.158700,-1.492940,0.900000
105,0,14.600000,-111.479400,244.929500,2.654000,1.740000,4.054000,2.009900,-0.075600,0.152700,-1.492940,0.900000
105,0,14.700000,-111.487000,244.944500,2.654400,1.740000,4.054000,2.009900,-0.075400,0.146800,-1.492940,0.900000
105,0,14.800000,-111.494500,244.958800,2.654800,1.740000,4.054000,2.009900,-0.074700,0.141600,-1.492940,0.900000
105,0,14.900000,-111.501900,244.972800,2.655300,1.740000,4.054000,2.009900,-0.074800,0.138000,-1.492940,0.900000
105,0,15.000000,-111.509400,244.986400,2.655700,1.740000,4.054000,2.009900,-0.075400,0.134000,-1.492940,0.900000
105,0,15.100000,-111.517000,244.999600,2.656100,1.740000,4.054000,2.009900,-0.076800,0.129800,-1.492950,0.900000
105,0,15.200000,-111.524800,245.012400,2.656500,1.740000,4.054000,2.009900,-0.078200,0.127100,-1.492950,0.900000
105,0,15.300000,-111.532700,245.025100,2.656900,1.740000,4.054000,2.009900,-0.078700,0.126100,-1.492950,0.900000
106,0,4.700000,-89.116400,182.997700,2.188500,2.797000,4.030000,2.324000,0.667600,0.298900,2.003150,0.900000
106,0,4.800000,-89.049500,183.027600,2.189100,2.797000,4.030000,2.324000,0.669100,0.299400,2.003140,0.900000
106,0,4.900000,-88.982800,183.057400,2.189800,2.797000,4.030000,2.324000,0.666800,0.297900,2.003090,0.900000
106,0,5.000000,-88.916400,183.087100,2.190400,2.797000,4.030000,2.324000,0.660700,0.294800,2.003140,0.900000
106,0,5.100000,-88.850400,183.116500,2.191100,2.797000,4.030000,2.324000,0.657400,0.292700,2.003140,0.900000
106,0,5.200000,-88.785000,183.145600,2.191800,2.797000,4.030000,2.324000,0.649000,0.288400,2.003150,0.900000
106,0,5.300000,-88.720800,183.174100,2.192500,2.797000,4.030000,2.324000,0.633100,0.281000,2.003170,0.900000
106,0,5.400000,-88.658200,183.201900,2.193200,2.797000,4.030000,2.324000,0.608100,0.269900,2.003180,0.900000
106,0,5.503000,-88.597100,183.229000,2.193900,2.797000,4.030000,2.324000,0.604300,0.268500,2.003250,0.900000
106,0,5.600000,-88.537500,183.255500,2.194700,2.797000,4.030000,2.324000,0.599600,0.267300,2.003300,0.900000
106,0,5.700000,-88.479100,183.281600,2.195400,2.797000,4.030000,2.324000,0.575900,0.258000,2.003320,0.900000
106,0,5.800000,-88.422100,183.307200,2.196200,2.797000,4.030000,2.324000,0.563000,0.253900,2.003310,0.900000
106,0,5.900000,-88.366600,183.332300,2.197000,2.797000,4.030000,2.324000,0.545100,0.248200,2.003320,0.900000
106,0,6.000000,-88.313200,183.356800,2.197800,2.797000,4.030000,2.324000,0.520100,0.239500,2.003320,0.900000
106,0,6.100000,-88.262400,183.380300,2.198600,2.797000,4.030000,2.324000,0.489300,0.227700,2.003250,0.900000
106,0,6.200000,-88.215100,183.402400,2.199500,2.797000,4.030000,2.324000,0.453400,0.213100,2.003230,0.900000
106,0,6.300000,-88.171900,183.422900,2.200300,2.797000,4.030000,2.324000,0.413700,0.196300,2.003190,0.900000
106,0,6.400000,-88.132500,183.441600,2.201200,2.797000,4.030000,2.324000,0.370800,0.177900,2.003130,0.900000
106,0,6.500000,-88.097500,183.458500,2.202000,2.797000,4.030000,2.324000,0.321400,0.156300,2.003080,0.900000
106,0,6.603000,-88.067200,183.473400,2.202800,2.797000,4.030000,2.324000,0.280200,0.138900,2.003050,0.900000
106,0,6.700000,-88.041600,183.486200,2.203500,2.797000,4.030000,2.324000,0.236600,0.120200,2.003000,0.900000
106,0,6.800000,-88.020600,183.497100,2.204200,2.797000,4.030000,2.324000,0.187600,0.098600,2.002990,0.900000
106,0,6.900000,-88.004100,183.505900,2.204700,2.797000,4.030000,2.324000,0.144700,0.080300,2.002990,0.900000
106,0,7.000000,-87.991700,183.513100,2.205000,2.797000,4.030000,2.324000,0.104900,0.063200,2.002950,0.900000
106,0,7.100000,-87.983100,183.518600,2.205200,2.797000,4.030000,2.324000,0.068800,0.047700,2.002930,0.900000
106,0,7.200000,-87.977900,183.522700,2.205200,2.797000,4.030000,2.324000,0.037100,0.034300,2.002830,0.900000
106,0,7.300000,-87.975700,183.525500,2.205000,2.797000,4.030000,2.324000,0.012500,0.023500,2.002840,0.900000
106,0,7.400000,-87.975400,183.527300,2.204600,2.797000,4.030000,2.324000,-0.001800,0.016900,2.002820,0.900000
106,0,7.500000,-87.976100,183.528800,2.203900,2.797000,4.030000,2.324000,-0.007900,0.013600,2.002800,0.900000
106,0,7.600000,-87.977000,183.530100,2.203000,2.797000,4.030000,2.324000,-0.008600,0.012500,2.002850,0.900000
106,0,7.700000,-87.977800,183.531300,2.202000,2.797000,4.030000,2.324000,-0.006600,0.012100,2.002790,0.900000
106,0,7.800000,-87.978300,183.532500,2.200800,2.797000,4.030000,2.324000,-0.005300,0.011000,2.002760,0.900000
106,0,7.900000,-87.978800,183.533500,2.199400,2.797000,4.030000,2.324000,-0.004700,0.009500,2.002820,0.900000
106,0,8.000000,-87.979300,183.534400,2.198000,2.797000,4.030000,2.324000,-0.004300,0.007600,2.002750,0.900000
106,0,8.100000,-87.979700,183.535000,2.196500,2.797000,4.030000,2.324000,-0.002400,0.005800,2.002870,0.900000
106,0,8.200000,-87.979800,183.535600,2.195000,2.797000,4.030000,2.324000,0.000300,0.004300,2.003110,0.900000
106,0,8.300000,-87.979600,183.535900,2.193500,2.797000,4.030000,2.324000,0.002600,0.002100,2.003230,0.900000
106,0,8.400000,-87.979300,183.536000,2.192100,2.797000,4.030000,2.324000,0.004000,-0.000500,2.003310,0.900000
106,0,8.500000,-87.978800,183.535800,2.190700,2.797000,4.030000,2.324000,0.004100,-0.003700,2.003260,0.900000
106,0,8.600000,-87.978400,183.535300,2.189300,2.797000,4.030000,2.324000,0.003200,-0.007300,2.003330,0.900000
106,0,8.700000,-87.978200,183.534300,2.188100,2.797000,4.030000,2.324000,0.001600,-0.011100,2.003480,0.900000
106,0,8.800000,-87.978100,183.533100,2.187000,2.797000,4.030000,2.324000,0.000100,-0.014800,2.003530,0.900000
106,0,8.900000,-87.978200,183.531400,2.186000,2.797000,4.030000,2.324000,-0.001300,-0.018800,2.003490,0.900000
106,0,9.000000,-87.978400,183.529300,2.185100,2.797000,4.030000,2.324000,-0.002400,-0.022500,2.003430,0.900000
106,0,9.100000,-87.978600,183.526900,2.184300,2.797000,4.030000,2.324000,-0.002400,-0.025500,2.003400,0.900000
106,0,9.200000,-87.978900,183.524200,2.183700,2.797000,4.030000,2.324000,-0.001000,-0.028300,2.003350,0.900000
106,0,9.300000,-87.978800,183.521200,2.183200,2.797000,4.030000,2.324000,0.001600,-0.030300,2.003310,0.900000
106,0,9.400000,-87.978500,183.518100,2.182700,2.797000,4.030000,2.324000,0.003800,-0.031900,2.003260,0.900000
106,0,9.500000,-87.978100,183.514800,2.182400,2.797000,4.030000,2.324000,0.004900,-0.033700,2.003210,0.900000
106,0,9.600000,-87.977600,183.511400,2.182200,2.797000,4.030000,2.324000,0.005000,-0.035400,2.003180,0.900000
106,0,9.700000,-87.977100,183.507800,2.182000,2.797000,4.030000,2.324000,0.005000,-0.036400,2.003170,0.900000
106,0,9.800000,-87.976600,183.504100,2.181900,2.797000,4.030000,2.324000,0.004800,-0.036600,2.003180,0.900000
106,0,9.900000,-87.976100,183.500400,2.181800,2.797000,4.030000,2.324000,0.004600,-0.036500,2.003190,0.900000
106,0,10.000000,-87.975700,183.496800,2.181800,2.797000,4.030000,2.324000,0.004700,-0.035700,2.003170,0.900000
106,0,10.100000,-87.975200,183.493300,2.181800,2.797000,4.030000,2.324000,0.005000,-0.034600,2.003140,0.900000
106,0,10.200000,-87.974700,183.489900,2.181800,2.797000,4.030000,2.324000,0.004700,-0.034100,2.003110,0.900000
106,0,10.300000,-87.974200,183.486500,2.181900,2.797000,4.030000,2.324000,0.003100,-0.034100,2.003130,0.900000
106,0,10.400000,-87.974000,183.483100,2.182000,2.797000,4.030000,2.324000,-0.000200,-0.034800,2.003140,0.900000
106,0,10.500000,-87.974300,183.479500,2.182000,2.797000,4.030000,2.324000,-0.005800,-0.036700,2.003150,0.900000
106,0,10.600000,-87.975200,183.475700,2.182200,2.797000,4.030000,2.324000,-0.014400,-0.039900,2.003150,0.900000
106,0,10.700000,-87.977100,183.471600,2.182300,2.797000,4.030000,2.324000,-0.025100,-0.043700,2.003150,0.900000
106,0,10.800000,-87.980200,183.467000,2.182400,2.797000,4.030000,2.324000,-0.035000,-0.046900,2.003130,0.900000
106,0,10.900000,-87.984100,183.462200,2.182500,2.797000,4.030000,2.324000,-0.042300,-0.049100,2.003140,0.900000
106,0,11.000000,-87.988700,183.457200,2.182600,2.797000,4.030000,2.324000,-0.047400,-0.049900,2.003180,0.900000
106,0,11.100000,-87.993600,183.452200,2.182700,2.797000,4.030000,2.324000,-0.050900,-0.049700,2.003220,0.900000
106,0,11.200000,-87.998900,183.447200,2.182800,2.797000,4.030000,2.324000,-0.053500,-0.049400,2.003290,0.900000
106,0,11.300000,-88.004300,183.442300,2.182900,2.797000,4.030000,2.324000,-0.055200,-0.048500,2.003350,0.900000
106,0,11.400000,-88.009900,183.437500,2.183000,2.797000,4.030000,2.324000,-0.056500,-0.047400,2.003380,0.900000
106,0,11.500000,-88.015600,183.432800,2.183000,2.797000,4.030000,2.324000,-0.057900,-0.046500,2.003390,0.900000
106,0,11.600000,-88.021500,183.428200,2.183100,2.797000,4.030000,2.324000,-0.059200,-0.045800,2.003420,0.900000
106,0,11.700000,-88.027500,183.423700,2.183100,2.797000,4.030000,2.324000,-0.059500,-0.044700,2.003430,0.900000
106,0,11.800000,-88.033400,183.419300,2.183200,2.797000,4.030000,2.324000,-0.058700,-0.043200,2.003460,0.900000
106,0,11.900000,-88.039200,183.415000,2.183200,2.797000,4.030000,2.324000,-0.057000,-0.041400,2.003510,0.900000
106,0,12.000000,-88.044800,183.411000,2.183200,2.797000,4.030000,2.324000,-0.053800,-0.039000,2.003550,0.900000
106,0,12.100000,-88.050000,183.407200,2.183300,2.797000,4.030000,2.324000,-0.049600,-0.036300,2.003560,0.900000
106,0,12.200000,-88.054700,183.403700,2.183300,2.797000,4.030000,2.324000,-0.045500,-0.033700,2.003580,0.900000
106,0,12.300000,-88.059100,183.400500,2.183400,2.797000,4.030000,2.324000,-0.041100,-0.031400,2.003600,0.900000
106,0,12.400000,-88.062900,183.397500,2.183400,2.797000,4.030000,2.324000,-0.036200,-0.029300,2.003600,0.900000
106,0,12.500000,-88.066300,183.394600,2.183400,2.797000,4.030000,2.324000,-0.031100,-0.027500,2.003600,0.900000
106,0,12.600000,-88.069200,183.392000,2.183500,2.797000,4.030000,2.324000,-0.025900,-0.025700,2.003610,0.900000
106,0,12.700000,-88.071500,183.389500,2.183500,2.797000,4.030000,2.324000,-0.020600,-0.023900,2.003630,0.900000
106,0,12.800000,-88.073300,183.387200,2.183600,2.797000,4.030000,2.324000,-0.015300,-0.022100,2.003630,0.900000
106,0,12.900000,-88.074600,183.385100,2.183600,2.797000,4.030000,2.324000,-0.010700,-0.020300,2.003640,0.900000
106,0,13.000000,-88.075400,183.383100,2.183700,2.797000,4.030000,2.324000,-0.007000,-0.018600,2.003640,0.900000
106,0,13.100000,-88.076000,183.381300,2.183700,2.797000,4.030000,2.324000,-0.004200,-0.016900,2.003650,0.900000
106,0,13.200000,-88.076300,183.379700,2.183800,2.797000,4.030000,2.324000,-0.002200,-0.015000,2.003640,0.900000
106,0,13.300000,-88.076400,183.378300,2.183800,2.797000,4.030000,2.324000,-0.001000,-0.012700,2.003630,0.900000
106,0,13.400000,-88.076500,183.377200,2.183800,2.797000,4.030000,2.324000,-0.000400,-0.010100,2.003610,0.900000
106,0,13.500000,-88.076500,183.376300,2.183900,2.797000,4.030000,2.324000,-0.000200,-0.007500,2.003560,0.900000
106,0,13.600000,-88.076500,183.375700,2.183900,2.797000,4.030000,2.324000,-0.000100,-0.005900,2.003550,0.900000
106,0,13.700000,-88.076500,183.375100,2.183900,2.797000,4.030000,2.324000,0.000600,-0.006000,2.003560,0.900000
106,0,13.800000,-88.076400,183.374500,2.183900,2.797000,4.030000,2.324000,0.002500,-0.007500,2.003580,0.900000
106,0,13.900000,-88.076000,183.373600,2.183900,2.797000,4.030000,2.324000,0.005500,-0.010300,2.003580,0.900000
106,0,14.000000,-88.075300,183.372400,2.184000,2.797000,4.030000,2.324000,0.009300,-0.014500,2.003580,0.900000
106,0,14.100000,-88.074100,183.370700,2.184000,2.797000,4.030000,2.324000,0.013600,-0.019900,2.003580,0.900000
106,0,14.200000,-88.072500,183.368400,2.184100,2.797000,4.030000,2.324000,0.018500,-0.026600,2.003580,0.900000
106,0,14.300000,-88.070400,183.365400,2.184200,2.797000,4.030000,2.324000,0.023900,-0.034300,2.003580,0.900000
106,0,14.400000,-88.067800,183.361600,2.184300,2.797000,4.030000,2.324000,0.029500,-0.042600,2.003580,0.900000
106,0,14.500000,-88.064500,183.356900,2.184400,2.797000,4.030000,2.324000,0.035300,-0.051400,2.003580,0.900000
106,0,14.600000,-88.060700,183.351300,2.184600,2.797000,4.030000,2.324000,0.040800,-0.061100,2.003580,0.900000
106,0,14.700000,-88.056400,183.344700,2.184800,2.797000,4.030000,2.324000,0.045600,-0.070800,2.003580,0.900000
106,0,14.800000,-88.051600,183.337100,2.185000,2.797000,4.030000,2.324000,0.049400,-0.080300,2.003580,0.900000
106,0,14.900000,-88.046500,183.328600,2.185300,2.797000,4.030000,2.324000,0.052600,-0.089500,2.003570,0.900000
106,0,15.000000,-88.041100,183.319300,2.185500,2.797000,4.030000,2.324000,0.055200,-0.097200,2.003580,0.900000
106,0,15.100000,-88.035400,183.309200,2.185800,2.797000,4.030000,2.324000,0.057300,-0.103200,2.003570,0.900000
106,0,15.200000,-88.029600,183.298600,2.186100,2.797000,4.030000,2.324000,0.059000,-0.107900,2.003570,0.900000
106,0,15.300000,-88.023600,183.287600,2.186400,2.797000,4.030000,2.324000,0.060400,-0.111200,2.003570,0.900000
106,0,15.400000,-88.017500,183.276400,2.186700,2.797000,4.030000,2.324000,0.060500,-0.111500,2.003570,0.900000
106,0,15.500000,-88.011500,183.265300,2.186900,2.797000,4.030000,2.324000,0.059800,-0.109400,2.003560,0.900000
106,0,15.600000,-88.005600,183.254500,2.187200,2.797000,4.030000,2.324000,0.059500,-0.108400,2.003560,0.900000
107,0,0.000000,37.287500,-84.587300,-1.739900,1.740000,4.030000,1.410000,0.083200,-0.050400,2.006490,0.900000
107,0,0.100000,37.295800,-84.592400,-1.740000,1.740000,4.030000,1.410000,0.083200,-0.050000,2.006470,0.900000
107,0,0.200000,37.304100,-84.597300,-1.740000,1.740000,4.030000,1.410000,0.082200,-0.048600,2.006470,0.900000
107,0,0.300000,37.312200,-84.602100,-1.740100,1.740000,4.030000,1.410000,0.079800,-0.046600,2.006480,0.900000
107,0,0.400000,37.320100,-84.606700,-1.740200,1.740000,4.030000,1.410000,0.076900,-0.044600,2.006440,0.900000
107,0,0.500000,37.327600,-84.611000,-1.740200,1.740000,4.030000,1.410000,0.073000,-0.042200,2.006500,0.900000
107,0,0.600000,37.334700,-84.615100,-1.740300,1.740000,4.030000,1.410000,0.068700,-0.039600,2.006490,0.900000
107,0,0.700000,37.341300,-84.618900,-1.740300,1.740000,4.030000,1.410000,0.064700,-0.036900,2.006510,0.900000
107,0,0.800000,37.347600,-84.622500,-1.740300,1.740000,4.030000,1.410000,0.061800,-0.033800,2.006480,0.900000
107,0,0.900000,37.353700,-84.625700,-1.740300,1.740000,4.030000,1.410000,0.059500,-0.030100,2.006480,0.900000
107,0,1.000000,37.359500,-84.628500,-1.740400,1.740000,4.030000,1.410000,0.057300,-0.026100,2.006440,0.900000
107,0,1.100000,37.365200,-84.630900,-1.740400,1.740000,4.030000,1.410000,0.055500,-0.022500,2.006730,0.900000
107,0,1.200000,37.370600,-84.633000,-1.740400,1.740000,4.030000,1.410000,0.053400,-0.019100,2.006970,0.900000
107,0,1.300000,37.375800,-84.634700,-1.740400,1.740000,4.030000,1.410000,0.051200,-0.016000,2.007360,0.900000
107,0,1.400000,37.380900,-84.636200,-1.740400,1.740000,4.030000,1.410000,0.049200,-0.013000,2.007530,0.900000
107,0,1.500000,37.385700,-84.637300,-1.740500,1.740000,4.030000,1.410000,0.046900,-0.010300,2.007690,0.900000
107,0,1.600000,37.390200,-84.638200,-1.740500,1.740000,4.030000,1.410000,0.044500,-0.007700,2.008160,0.900000
107,0,1.700000,37.394600,-84.638900,-1.740500,1.740000,4.030000,1.410000,0.042100,-0.005400,2.008600,0.900000
107,0,1.800000,37.398700,-84.639300,-1.740500,1.740000,4.030000,1.410000,0.039700,-0.003300,2.006240,0.900000
107,0,1.900000,37.402500,-84.639500,-1.740500,1.740000,4.030000,1.410000,0.037200,-0.001400,2.009050,0.900000
107,0,2.000000,37.406100,-84.639600,-1.740600,1.740000,4.030000,1.410000,0.034500,0.000300,2.009300,0.900000
107,0,2.100000,37.409400,-84.639500,-1.740600,1.740000,4.030000,1.410000,0.031900,0.001900,2.006510,0.900000
107,0,2.200000,37.412500,-84.639200,-1.740600,1.740000,4.030000,1.410000,0.029100,0.003200,2.009090,0.900000
107,0,2.300000,37.415200,-84.638800,-1.740600,1.740000,4.030000,1.410000,0.026100,0.004300,2.009140,0.900000
107,0,2.400000,37.417700,-84.638400,-1.740600,1.740000,4.030000,1.410000,0.023100,0.005300,2.009140,0.900000
107,0,2.500000,37.419800,-84.637800,-1.740600,1.740000,4.030000,1.410000,0.020100,0.006100,2.006870,0.900000
107,0,2.600000,37.421700,-84.637100,-1.740600,1.740000,4.030000,1.410000,0.016800,0.006600,2.006940,0.900000
107,0,2.700000,37.423200,-84.636500,-1.740600,1.740000,4.030000,1.410000,0.013400,0.007000,2.006920,0.900000
107,0,2.800000,37.424400,-84.635700,-1.740600,1.740000,4.030000,1.410000,0.010000,0.007300,2.006910,0.900000
107,0,2.900000,37.425200,-84.635000,-1.740600,1.740000,4.030000,1.410000,0.006500,0.007300,2.006880,0.900000
107,0,3.000000,37.425700,-84.634300,-1.740600,1.740000,4.030000,1.410000,0.002900,0.007200,2.006870,0.900000
107,0,3.100000,37.425800,-84.633600,-1.740600,1.740000,4.030000,1.410000,-0.000600,0.007300,2.006840,0.900000
107,0,3.200000,37.425600,-84.632800,-1.740600,1.740000,4.030000,1.410000,-0.003900,0.007900,2.008060,0.900000
107,0,3.300000,37.425000,-84.632000,-1.740600,1.740000,4.030000,1.410000,-0.007100,0.008800,2.008210,0.900000
107,0,3.400000,37.424100,-84.631100,-1.740600,1.740000,4.030000,1.410000,-0.010200,0.010200,2.008290,0.900000
107,0,3.500000,37.423000,-84.630000,-1.740600,1.740000,4.030000,1.410000,-0.013200,0.012000,2.008470,0.900000
107,0,3.600000,37.421500,-84.628700,-1.740600,1.740000,4.030000,1.410000,-0.015900,0.014100,2.008550,0.900000
107,0,3.700000,37.419800,-84.627100,-1.740600,1.740000,4.030000,1.410000,-0.018600,0.016700,2.006980,0.900000
107,0,3.800000,37.417800,-84.625300,-1.740600,1.740000,4.030000,1.410000,-0.021300,0.019900,2.008210,0.900000
107,0,3.900000,37.415500,-84.623200,-1.740600,1.740000,4.030000,1.410000,-0.023800,0.023400,2.007880,0.900000
107,0,4.000000,37.413000,-84.620600,-1.740700,1.740000,4.030000,1.410000,-0.026100,0.027200,2.007590,0.900000
107,0,4.100000,37.410300,-84.617700,-1.740700,1.740000,4.030000,1.410000,-0.028500,0.031600,2.007520,0.900000
107,0,4.200000,37.407300,-84.614300,-1.740800,1.740000,4.030000,1.410000,-0.030700,0.036500,2.007450,0.900000
107,0,4.300000,37.404200,-84.610400,-1.740900,1.740000,4.030000,1.410000,-0.032700,0.041700,2.007510,0.900000
107,0,4.400000,37.400800,-84.606000,-1.741100,1.740000,4.030000,1.410000,-0.034800,0.047500,2.007350,0.900000
107,0,4.500000,37.397200,-84.600900,-1.741200,1.740000,4.030000,1.410000,-0.036800,0.053700,2.007310,0.900000
107,0,4.600000,37.393400,-84.595200,-1.741400,1.740000,4.030000,1.410000,-0.038500,0.060300,2.006940,0.900000
107,0,4.700000,37.389500,-84.588900,-1.741600,1.740000,4.030000,1.410000,-0.040300,0.067400,2.006950,0.900000
107,0,4.800000,37.385400,-84.581700,-1.741800,1.740000,4.030000,1.410000,-0.042200,0.075000,2.006540,0.900000
107,0,4.900000,37.381100,-84.573900,-1.742100,1.740000,4.030000,1.410000,-0.044100,0.082000,2.006290,0.900000
107,0,5.000000,37.376600,-84.565400,-1.742400,1.740000,4.030000,1.410000,-0.045900,0.088400,2.006010,0.900000
107,0,5.100000,37.371900,-84.556200,-1.742700,1.740000,4.030000,1.410000,-0.048100,0.095100,2.005920,0.900000
107,0,5.200000,37.367000,-84.546400,-1.743100,1.740000,4.030000,1.410000,-0.050300,0.101300,2.006960,0.900000
107,0,5.300000,37.361800,-84.535900,-1.743500,1.740000,4.030000,1.410000,-0.052500,0.106800,2.006970,0.900000
107,0,5.400000,37.356400,-84.525000,-1.743900,1.740000,4.030000,1.410000,-0.054100,0.110800,2.006220,0.900000
107,0,5.503000,37.350800,-84.513400,-1.744300,1.740000,4.030000,1.410000,-0.057600,0.118100,2.006450,0.900000
107,0,5.600000,37.344900,-84.501400,-1.744700,1.740000,4.030000,1.410000,-0.061200,0.125100,2.006780,0.900000
107,0,5.700000,37.338800,-84.488800,-1.745200,1.740000,4.030000,1.410000,-0.062900,0.127700,2.007110,0.900000
107,0,5.800000,37.332300,-84.475800,-1.745700,1.740000,4.030000,1.410000,-0.065900,0.132800,2.007100,0.900000
107,0,5.900000,37.325600,-84.462300,-1.746300,1.740000,4.030000,1.410000,-0.068500,0.137100,2.006160,0.900000
107,0,6.000000,37.318600,-84.448400,-1.746800,1.740000,4.030000,1.410000,-0.070600,0.140600,2.005710,0.900000
107,0,6.100000,37.311400,-84.434100,-1.747400,1.740000,4.030000,1.410000,-0.072800,0.144300,2.005380,0.900000
107,0,6.200000,37.304000,-84.419500,-1.747900,1.740000,4.030000,1.410000,-0.075000,0.148100,2.005070,0.900000
107,0,6.300000,37.296500,-84.404500,-1.748500,1.740000,4.030000,1.410000,-0.076800,0.151100,2.004710,0.900000
107,0,6.400000,37.288700,-84.389300,-1.749100,1.740000,4.030000,1.410000,-0.078200,0.153400,2.006950,0.900000
107,0,6.500000,37.280800,-84.373800,-1.749800,1.740000,4.030000,1.410000,-0.078600,0.153600,2.004830,0.900000
107,0,6.603000,37.272700,-84.358100,-1.750400,1.740000,4.030000,1.410000,-0.081200,0.158400,2.005030,0.900000
107,0,6.700000,37.264600,-84.342100,-1.751000,1.740000,4.030000,1.410000,-0.083500,0.162600,2.005220,0.900000
107,0,6.800000,37.256300,-84.326000,-1.751700,1.740000,4.030000,1.410000,-0.083300,0.161800,2.005540,0.900000
107,0,6.900000,37.247900,-84.309800,-1.752300,1.740000,4.030000,1.410000,-0.084000,0.163100,2.005710,0.900000
107,0,7.000000,37.239500,-84.293500,-1.753000,1.740000,4.030000,1.410000,-0.084300,0.163600,2.005860,0.900000
107,0,7.100000,37.231000,-84.277000,-1.753600,1.740000,4.030000,1.410000,-0.084700,0.164200,2.006790,0.900000
107,0,7.200000,37.222500,-84.260600,-1.754300,1.740000,4.030000,1.410000,-0.085300,0.165200,2.006710,0.900000
107,0,7.300000,37.214000,-84.244000,-1.755000,1.740000,4.030000,1.410000,-0.085700,0.166000,2.006720,0.900000
108,0,4.700000,-75.466000,152.014700,2.763000,1.845300,4.030000,1.870100,1.713900,-3.535900,-1.117550,0.900000
108,0,4.800000,-75.294200,151.660500,2.770500,1.845300,4.030000,1.870100,1.718700,-3.547000,-1.117560,0.900000
108,0,4.900000,-75.122700,151.306300,2.778000,1.845300,4.030000,1.870100,1.714300,-3.544100,-1.117660,0.900000
108,0,5.000000,-74.951800,150.952600,2.785500,1.845300,4.030000,1.870100,1.699400,-3.525900,-1.117800,0.900000
108,0,5.100000,-74.782100,150.599700,2.792900,1.845300,4.030000,1.870100,1.690800,-3.527200,-1.117560,0.900000
108,0,5.200000,-74.614100,150.248100,2.800400,1.845300,4.030000,1.870100,1.671700,-3.513100,-1.117540,0.900000
108,0,5.300000,-74.448200,149.898100,2.807800,1.845300,4.030000,1.870100,1.642200,-3.483800,-1.117530,0.900000
108,0,5.400000,-74.285000,149.550000,2.815100,1.845300,4.030000,1.870100,1.590500,-3.414100,-1.117550,0.900000
108,0,5.503000,-74.124900,149.204100,2.822500,1.845300,4.030000,1.870100,1.584800,-3.451600,-1.117440,0.900000
108,0,5.600000,-73.968500,148.860600,2.829700,1.845300,4.030000,1.870100,1.568500,-3.476000,-1.117390,0.900000
108,0,5.700000,-73.816200,148.519800,2.837000,1.845300,4.030000,1.870100,1.497400,-3.386700,-1.117370,0.900000
108,0,5.800000,-73.668400,148.181900,2.844100,1.845300,4.030000,1.870100,1.455600,-3.367800,-1.117380,0.900000
108,0,5.900000,-73.525500,147.847200,2.851100,1.845300,4.030000,1.870100,1.407700,-3.335100,-1.117370,0.900000
108,0,6.000000,-73.387300,147.515800,2.858000,1.845300,4.030000,1.870100,1.356200,-3.288700,-1.117380,0.900000
108,0,6.100000,-73.253700,147.188100,2.864800,1.845300,4.030000,1.870100,1.311900,-3.250900,-1.117440,0.900000
108,0,6.200000,-73.124400,146.864300,2.871500,1.845300,4.030000,1.870100,1.272900,-3.222100,-1.117460,0.900000
108,0,6.300000,-72.999400,146.544600,2.878000,1.845300,4.030000,1.870100,1.230300,-3.180900,-1.117510,0.900000
108,0,6.400000,-72.878700,146.229000,2.884300,1.845300,4.030000,1.870100,1.186800,-3.126300,-1.117560,0.900000
108,0,6.500000,-72.761600,145.918100,2.890500,1.845300,4.030000,1.870100,1.135500,-3.035100,-1.117620,0.900000
108,0,6.603000,-72.647800,145.612100,2.896500,1.845300,4.030000,1.870100,1.125100,-3.038000,-1.117650,0.900000
108,0,6.700000,-72.536900,145.311300,2.902300,1.845300,4.030000,1.870100,1.113300,-3.028900,-1.117700,0.900000
108,0,6.800000,-72.428700,145.015800,2.907800,1.845300,4.030000,1.870100,1.070400,-2.930400,-1.117710,0.900000
108,0,6.900000,-72.323100,144.726000,2.913200,1.845300,4.030000,1.870100,1.045400,-2.872100,-1.117710,0.900000
108,0,7.000000,-72.219900,144.442200,2.918300,1.845300,4.030000,1.870100,1.019500,-2.799800,-1.117750,0.900000
108,0,7.100000,-72.118800,144.164900,2.923100,1.845300,4.030000,1.870100,1.000200,-2.732000,-1.117760,0.900000
108,0,7.200000,-72.019500,143.894700,2.927600,1.845300,4.030000,1.870100,0.986100,-2.667600,-1.117870,0.900000
108,0,7.300000,-71.921800,143.632200,2.931900,1.845300,4.030000,1.870100,0.969200,-2.588400,-1.117850,0.900000
108,0,7.400000,-71.825900,143.377700,2.935800,1.845300,4.030000,1.870100,0.948300,-2.495700,-1.117880,0.900000
108,0,7.500000,-71.731800,143.132000,2.939500,1.845300,4.030000,1.870100,0.929700,-2.406800,-1.117890,0.900000
108,0,7.600000,-71.639600,142.895400,2.942900,1.845300,4.030000,1.870100,0.913800,-2.321600,-1.117840,0.900000
108,0,7.700000,-71.549300,142.668300,2.946000,1.845300,4.030000,1.870100,0.893800,-2.224900,-1.117910,0.900000
108,0,7.800000,-71.461100,142.451000,2.948800,1.845300,4.030000,1.870100,0.868100,-2.117300,-1.117940,0.900000
108,0,7.900000,-71.375300,142.244000,2.951400,1.845300,4.030000,1.870100,0.844000,-2.019100,-1.117880,0.900000
108,0,8.000000,-71.292500,142.047800,2.953800,1.845300,4.030000,1.870100,0.812100,-1.910700,-1.117940,0.900000
108,0,8.100000,-71.213100,141.862400,2.955900,1.845300,4.030000,1.870100,0.772800,-1.796400,-1.117830,0.900000
108,0,8.200000,-71.137600,141.687800,2.957900,1.845300,4.030000,1.870100,0.732500,-1.690800,-1.117590,0.900000
108,0,8.300000,-71.066300,141.523600,2.959700,1.845300,4.030000,1.870100,0.690800,-1.593800,-1.117460,0.900000
108,0,8.400000,-70.999600,141.369500,2.961400,1.845300,4.030000,1.870100,0.643900,-1.494600,-1.117390,0.900000
108,0,8.500000,-70.937700,141.225100,2.962900,1.845300,4.030000,1.870100,0.594300,-1.393600,-1.117440,0.900000
108,0,8.600000,-70.880500,141.090200,2.964300,1.845300,4.030000,1.870100,0.549400,-1.304800,-1.117370,0.900000
108,0,8.700000,-70.828000,140.964500,2.965500,1.845300,4.030000,1.870100,0.504200,-1.215100,-1.117220,0.900000
108,0,8.800000,-70.779800,140.847500,2.966700,1.845300,4.030000,1.870100,0.459600,-1.126100,-1.117160,0.900000
108,0,8.900000,-70.735900,140.738800,2.967900,1.845300,4.030000,1.870100,0.420700,-1.049700,-1.117210,0.900000
108,0,9.000000,-70.695800,140.637800,2.969000,1.845300,4.030000,1.870100,0.383200,-0.975100,-1.117260,0.900000
108,0,9.100000,-70.659300,140.544000,2.970000,1.845300,4.030000,1.870100,0.348600,-0.903100,-1.117300,0.900000
108,0,9.200000,-70.626000,140.456900,2.971000,1.845300,4.030000,1.870100,0.319800,-0.843000,-1.117340,0.900000
108,0,9.300000,-70.595400,140.375700,2.972000,1.845300,4.030000,1.870100,0.292300,-0.786400,-1.117390,0.900000
108,0,9.400000,-70.567600,140.299800,2.972900,1.845300,4.030000,1.870100,0.265700,-0.733700,-1.117430,0.900000
108,0,9.500000,-70.542200,140.228600,2.973800,1.845300,4.030000,1.870100,0.242700,-0.689100,-1.117480,0.900000
108,0,9.600000,-70.518900,140.161700,2.974700,1.845300,4.030000,1.870100,0.223300,-0.651700,-1.117510,0.900000
108,0,9.700000,-70.497600,140.098500,2.975600,1.845300,4.030000,1.870100,0.205600,-0.616900,-1.117530,0.900000
108,0,9.800000,-70.477900,140.038500,2.976400,1.845300,4.030000,1.870100,0.189600,-0.584500,-1.117520,0.900000
108,0,9.900000,-70.459600,139.981300,2.977200,1.845300,4.030000,1.870100,0.176600,-0.559800,-1.117500,0.900000
108,0,10.000000,-70.442600,139.926700,2.978000,1.845300,4.030000,1.870100,0.164300,-0.536800,-1.117530,0.900000
108,0,10.100000,-70.426800,139.874100,2.978700,1.845300,4.030000,1.870100,0.153200,-0.514800,-1.117550,0.900000
108,0,10.200000,-70.411900,139.823500,2.979500,1.845300,4.030000,1.870100,0.145100,-0.498300,-1.117580,0.900000
108,0,10.300000,-70.397800,139.774600,2.980200,1.845300,4.030000,1.870100,0.138900,-0.482100,-1.117560,0.900000
108,0,10.400000,-70.384200,139.727200,2.981000,1.845300,4.030000,1.870100,0.134700,-0.465900,-1.117560,0.900000
108,0,10.500000,-70.370800,139.681200,2.981700,1.845300,4.030000,1.870100,0.132100,-0.452200,-1.117540,0.900000
108,0,10.600000,-70.357700,139.636600,2.982400,1.845300,4.030000,1.870100,0.130500,-0.440400,-1.117540,0.900000
108,0,10.700000,-70.344800,139.593300,2.983100,1.845300,4.030000,1.870100,0.128300,-0.426800,-1.117550,0.900000
108,0,10.800000,-70.332100,139.551300,2.983800,1.845300,4.030000,1.870100,0.126100,-0.410800,-1.117570,0.900000
108,0,10.900000,-70.319500,139.511000,2.984400,1.845300,4.030000,1.870100,0.124900,-0.395700,-1.117550,0.900000
108,0,11.000000,-70.307100,139.472300,2.985000,1.845300,4.030000,1.870100,0.123200,-0.377100,-1.117510,0.900000
108,0,11.100000,-70.294900,139.435600,2.985600,1.845300,4.030000,1.870100,0.120500,-0.355000,-1.117480,0.900000
108,0,11.200000,-70.282900,139.401200,2.986100,1.845300,4.030000,1.870100,0.117700,-0.332600,-1.117410,0.900000
108,0,11.300000,-70.271400,139.369200,2.986600,1.845300,4.030000,1.870100,0.113600,-0.307300,-1.117350,0.900000
108,0,11.400000,-70.260300,139.339800,2.987100,1.845300,4.030000,1.870100,0.109200,-0.280500,-1.117310,0.900000
108,0,11.500000,-70.249500,139.313000,2.987500,1.845300,4.030000,1.870100,0.105300,-0.254900,-1.117300,0.900000
108,0,11.600000,-70.239100,139.288700,2.987900,1.845300,4.030000,1.870100,0.101800,-0.230500,-1.117280,0.900000
108,0,11.700000,-70.229200,139.267000,2.988300,1.845300,4.030000,1.870100,0.097400,-0.205800,-1.117260,0.900000
108,0,11.800000,-70.219700,139.247600,2.988600,1.845300,4.030000,1.870100,0.091600,-0.181300,-1.117240,0.900000
108,0,11.900000,-70.210800,139.230600,2.988900,1.845300,4.030000,1.870100,0.085300,-0.159400,-1.117190,0.900000
108,0,12.000000,-70.202700,139.215800,2.989100,1.845300,4.030000,1.870100,0.077300,-0.138400,-1.117150,0.900000
108,0,12.100000,-70.195400,139.203000,2.989400,1.845300,4.030000,1.870100,0.067000,-0.118700,-1.117130,0.900000
108,0,12.200000,-70.189200,139.192000,2.989600,1.845300,4.030000,1.870100,0.055400,-0.101000,-1.117110,0.900000
108,0,12.300000,-70.184300,139.182700,2.989700,1.845300,4.030000,1.870100,0.043100,-0.085100,-1.117100,0.900000
108,0,12.400000,-70.180600,139.175000,2.989800,1.845300,4.030000,1.870100,0.030500,-0.070700,-1.117090,0.900000
108,0,12.500000,-70.178200,139.168600,2.989900,1.845300,4.030000,1.870100,0.018400,-0.057900,-1.117090,0.900000
108,0,12.600000,-70.176900,139.163400,2.989900,1.845300,4.030000,1.870100,0.007300,-0.046800,-1.117080,0.900000
108,0,12.700000,-70.176700,139.159300,2.990000,1.845300,4.030000,1.870100,-0.002700,-0.036400,-1.117070,0.900000
108,0,12.800000,-70.177500,139.156100,2.990000,1.845300,4.030000,1.870100,-0.011300,-0.027000,-1.117060,0.900000
108,0,12.900000,-70.179000,139.153900,2.989900,1.845300,4.030000,1.870100,-0.018600,-0.018900,-1.117050,0.900000
108,0,13.000000,-70.181200,139.152300,2.989900,1.845300,4.030000,1.870100,-0.024000,-0.012100,-1.117050,0.900000
108,0,13.100000,-70.183800,139.151400,2.989900,1.845300,4.030000,1.870100,-0.028000,-0.006500,-1.117050,0.900000
108,0,13.200000,-70.186800,139.151000,2.989800,1.845300,4.030000,1.870100,-0.031100,-0.002100,-1.117050,0.900000
108,0,13.300000,-70.190000,139.151000,2.989800,1.845300,4.030000,1.870100,-0.032700,0.001400,-1.117060,0.900000
108,0,13.400000,-70.193300,139.151300,2.989700,1.845300,4.030000,1.870100,-0.032600,0.004400,-1.117090,0.900000
108,0,13.500000,-70.196500,139.151900,2.989700,1.845300,4.030000,1.870100,-0.031200,0.007200,-1.117130,0.900000
108,0,13.600000,-70.199500,139.152700,2.989700,1.845300,4.030000,1.870100,-0.029100,0.009500,-1.117150,0.900000
108,0,13.700000,-70.202300,139.153800,2.989600,1.845300,4.030000,1.870100,-0.026600,0.011500,-1.117140,0.900000
108,0,13.800000,-70.204900,139.155000,2.989700,1.845300,4.030000,1.870100,-0.023900,0.013900,-1.117120,0.900000
108,0,13.900000,-70.207100,139.156600,2.989700,1.845300,4.030000,1.870100,-0.021200,0.016000,-1.117120,0.900000
108,0,14.000000,-70.209100,139.158200,2.989700,1.845300,4.030000,1.870100,-0.018300,0.017400,-1.117110,0.900000
108,0,14.100000,-70.210800,139.160000,2.989700,1.845300,4.030000,1.870100,-0.015100,0.018200,-1.117110,0.900000
108,0,14.200000,-70.212100,139.161900,2.989800,1.845300,4.030000,1.870100,-0.012000,0.018500,-1.117120,0.900000
108,0,14.300000,-70.213200,139.163800,2.989800,1.845300,4.030000,1.870100,-0.009200,0.018500,-1.117120,0.900000
108,0,14.400000,-70.214000,139.165600,2.989900,1.845300,4.030000,1.870100,-0.006600,0.018100,-1.117110,0.900000
108,0,14.500000,-70.214500,139.167400,2.989900,1.845300,4.030000,1.870100,-0.004300,0.017500,-1.117110,0.900000
108,0,14.600000,-70.214800,139.169100,2.990000,1.845300,4.030000,1.870100,-0.002300,0.016900,-1.117110,0.900000
108,0,14.700000,-70.214900,139.170700,2.990000,1.845300,4.030000,1.870100,-0.000600,0.016000,-1.117120,0.900000
108,0,14.800000,-70.214900,139.172300,2.990100,1.845300,4.030000,1.870100,0.000500,0.015000,-1.117120,0.900000
108,0,14.900000,-70.214800,139.173800,2.990200,1.845300,4.030000,1.870100,0.001400,0.014000,-1.117120,0.900000
108,0,15.000000,-70.214700,139.175100,2.990200,1.845300,4.030000,1.870100,0.002100,0.012800,-1.117120,0.900000
108,0,15.100000,-70.214400,139.176300,2.990200,1.845300,4.030000,1.870100,0.002600,0.011700,-1.117120,0.900000
108,0,15.200000,-70.214100,139.177400,2.990300,1.845300,4.030000,1.870100,0.003000,0.011000,-1.117120,0.900000
108,0,15.300000,-70.213800,139.178500,2.990300,1.845300,4.030000,1.870100,0.003500,0.010500,-1.117130,0.900000
108,0,15.400000,-70.213400,139.179600,2.990400,1.845300,4.030000,1.870100,0.003900,0.010500,-1.117130,0.900000
108,0,15.500000,-70.213000,139.180600,2.990400,1.845300,4.030000,1.870100,0.004200,0.010500,-1.117130,0.900000
108,0,15.600000,-70.212600,139.181700,2.990400,1.845300,4.030000,1.870100,0.004300,0.010500,-1.117130,0.900000
109,0,0.000000,-9.738500,6.280600,0.852100,1.740000,4.085100,1.623100,-0.152800,0.159600,-1.121040,0.900000
109,0,0.100000,-9.753800,6.296600,0.852700,1.740000,4.085100,1.623100,-0.152700,0.160600,-1.121060,0.900000
109,0,0.200000,-9.769000,6.312700,0.853300,1.740000,4.085100,1.623100,-0.150100,0.162200,-1.121060,0.900000
109,0,0.300000,-9.783800,6.329000,0.854000,1.740000,4.085100,1.623100,-0.143400,0.164900,-1.121050,0.900000
109,0,0.400000,-9.797700,6.345800,0.854600,1.740000,4.085100,1.623100,-0.133100,0.170700,-1.121090,0.900000
109,0,0.500000,-9.810400,6.363100,0.855300,1.740000,4.085100,1.623100,-0.118300,0.177300,-1.121030,0.900000
109,0,0.600000,-9.821300,6.381200,0.856000,1.740000,4.085100,1.623100,-0.099700,0.183900,-1.121040,0.900000
109,0,0.700000,-9.830300,6.400000,0.856700,1.740000,4.085100,1.623100,-0.078900,0.190700,-1.121020,0.900000
109,0,0.800000,-9.837100,6.419400,0.857400,1.740000,4.085100,1.623100,-0.056400,0.196700,-1.121050,0.900000
109,0,0.900000,-9.841600,6.439300,0.858200,1.740000,4.085100,1.623100,-0.032700,0.199900,-1.121050,0.900000
109,0,1.000000,-9.843700,6.459300,0.858900,1.740000,4.085100,1.623100,-0.009100,0.199600,-1.121090,0.900000
109,0,1.100000,-9.843400,6.479300,0.859600,1.740000,4.085100,1.623100,0.012800,0.197700,-1.121130,0.900000
109,0,1.200000,-9.841100,6.498800,0.860300,1.740000,4.085100,1.623100,0.031800,0.191900,-1.121130,0.900000
109,0,1.300000,-9.837100,6.517600,0.861000,1.740000,4.085100,1.623100,0.046100,0.181700,-1.121150,0.900000
109,0,1.400000,-9.831900,6.535200,0.861600,1.740000,4.085100,1.623100,0.056100,0.169000,-1.121150,0.900000
109,0,1.500000,-9.825900,6.551300,0.862200,1.740000,4.085100,1.623100,0.062800,0.153100,-1.121220,0.900000
109,0,1.600000,-9.819300,6.565800,0.862700,1.740000,4.085100,1.623100,0.067200,0.135600,-1.121250,0.900000
109,0,1.700000,-9.812400,6.578500,0.863100,1.740000,4.085100,1.623100,0.070300,0.118400,-1.121250,0.900000
109,0,1.800000,-9.805200,6.589500,0.863400,1.740000,4.085100,1.623100,0.072200,0.102000,-1.121290,0.900000
109,0,1.900000,-9.798000,6.598900,0.863700,1.740000,4.085100,1.623100,0.072600,0.085700,-1.121230,0.900000
109,0,2.000000,-9.790700,6.606600,0.864000,1.740000,4.085100,1.623100,0.071400,0.069800,-1.121130,0.900000
109,0,2.100000,-9.783700,6.612900,0.864100,1.740000,4.085100,1.623100,0.069300,0.055200,-1.121020,0.900000
109,0,2.200000,-9.776900,6.617700,0.864300,1.740000,4.085100,1.623100,0.065400,0.041100,-1.120940,0.900000
109,0,2.300000,-9.770600,6.621100,0.864300,1.740000,4.085100,1.623100,0.060000,0.027300,-1.120770,0.900000
109,0,2.400000,-9.764900,6.623100,0.864300,1.740000,4.085100,1.623100,0.053200,0.014100,-1.120690,0.900000
109,0,2.500000,-9.759900,6.623900,0.864300,1.740000,4.085100,1.623100,0.045200,0.001400,-1.120660,0.900000
109,0,2.600000,-9.755900,6.623400,0.864200,1.740000,4.085100,1.623100,0.035800,-0.010800,-1.120590,0.900000
109,0,2.700000,-9.752800,6.621700,0.864100,1.740000,4.085100,1.623100,0.025500,-0.022600,-1.120600,0.900000
109,0,2.800000,-9.750700,6.618900,0.864000,1.740000,4.085100,1.623100,0.014900,-0.033900,-1.120610,0.900000
109,0,2.900000,-9.749800,6.615000,0.863800,1.740000,4.085100,1.623100,0.004000,-0.044200,-1.120650,0.900000
109,0,3.000000,-9.750000,6.610100,0.863600,1.740000,4.085100,1.623100,-0.007100,-0.053500,-1.120660,0.900000
109,0,3.100000,-9.751200,6.604300,0.863300,1.740000,4.085100,1.623100,-0.018100,-0.062100,-1.120690,0.900000
109,0,3.200000,-9.753600,6.597700,0.863100,1.740000,4.085100,1.623100,-0.028400,-0.069200,-1.120670,0.900000
109,0,3.300000,-9.756900,6.590400,0.862800,1.740000,4.085100,1.623100,-0.038600,-0.074900,-1.120620,0.900000
109,0,3.400000,-9.761300,6.582600,0.862500,1.740000,4.085100,1.623100,-0.049200,-0.080600,-1.120650,0.900000
109,0,3.500000,-9.766700,6.574300,0.862200,1.740000,4.085100,1.623100,-0.059200,-0.085200,-1.120640,0.900000
109,0,3.600000,-9.773100,6.565600,0.861900,1.740000,4.085100,1.623100,-0.067800,-0.088700,-1.120600,0.900000
109,0,3.700000,-9.780300,6.556600,0.861600,1.740000,4.085100,1.623100,-0.074800,-0.091300,-1.120550,0.900000
109,0,3.800000,-9.788100,6.547300,0.861300,1.740000,4.085100,1.623100,-0.079500,-0.092900,-1.120500,0.900000
109,0,3.900000,-9.796200,6.538000,0.861000,1.740000,4.085100,1.623100,-0.081000,-0.092900,-1.120480,0.900000
109,0,4.000000,-9.804300,6.528800,0.860800,1.740000,4.085100,1.623100,-0.079100,-0.091300,-1.120450,0.900000
109,0,4.100000,-9.812000,6.519700,0.860500,1.740000,4.085100,1.623100,-0.074200,-0.089200,-1.120450,0.900000
109,0,4.200000,-9.819100,6.510900,0.860300,1.740000,4.085100,1.623100,-0.066200,-0.086400,-1.120500,0.900000
109,0,4.300000,-9.825300,6.502500,0.860000,1.740000,4.085100,1.623100,-0.056000,-0.083100,-1.120530,0.900000
109,0,4.400000,-9.830300,6.494300,0.859800,1.740000,4.085100,1.623100,-0.045000,-0.080400,-1.120550,0.900000
109,0,4.500000,-9.834200,6.486400,0.859600,1.740000,4.085100,1.623100,-0.033200,-0.077800,-1.120580,0.900000
109,0,4.600000,-9.837000,6.478700,0.859300,1.740000,4.085100,1.623100,-0.021200,-0.076000,-1.120580,0.900000
109,0,4.700000,-9.838500,6.471200,0.859100,1.740000,4.085100,1.623100,-0.009300,-0.075800,-1.120580,0.900000
109,0,4.800000,-9.838800,6.463600,0.858900,1.740000,4.085100,1.623100,0.002100,-0.076600,-1.120580,0.900000
109,0,4.900000,-9.838100,6.455900,0.858600,1.740000,4.085100,1.623100,0.012300,-0.077600,-1.120580,0.900000
109,0,5.000000,-9.836400,6.448100,0.858300,1.740000,4.085100,1.623100,0.021000,-0.078700,-1.120580,0.900000
109,0,5.100000,-9.833900,6.440100,0.858000,1.740000,4.085100,1.623100,0.028400,-0.080400,-1.120580,0.900000
109,0,5.200000,-9.830700,6.432000,0.857700,1.740000,4.085100,1.623100,0.034100,-0.081400,-1.120570,0.900000
109,0,5.300000,-9.827000,6.423900,0.857400,1.740000,4.085100,1.623100,0.038100,-0.081000,-1.120560,0.900000
109,0,5.400000,-9.823100,6.415800,0.857000,1.740000,4.085100,1.623100,0.039800,-0.079000,-1.120510,0.900000
109,0,5.503000,-9.819000,6.407800,0.856700,1.740000,4.085100,1.623100,0.041300,-0.078700,-1.120480,0.900000
109,0,5.600000,-9.814800,6.400000,0.856400,1.740000,4.085100,1.623100,0.041800,-0.077500,-1.120430,0.900000
109,0,5.700000,-9.810700,6.392500,0.856100,1.740000,4.085100,1.623100,0.040200,-0.073200,-1.120420,0.900000
109,0,5.800000,-9.806800,6.385400,0.855800,1.740000,4.085100,1.623100,0.039000,-0.069900,-1.120430,0.900000
109,0,5.900000,-9.803000,6.378600,0.855500,1.740000,4.085100,1.623100,0.037300,-0.065600,-1.120420,0.900000
109,0,6.000000,-9.799300,6.372300,0.855200,1.740000,4.085100,1.623100,0.035200,-0.060600,-1.120420,0.900000
109,0,6.100000,-9.795900,6.366400,0.854900,1.740000,4.085100,1.623100,0.032800,-0.055400,-1.120480,0.900000
109,0,6.200000,-9.792700,6.361200,0.854700,1.740000,4.085100,1.623100,0.030000,-0.049800,-1.120500,0.900000
109,0,6.300000,-9.789900,6.356500,0.854400,1.740000,4.085100,1.623100,0.026700,-0.043400,-1.120530,0.900000
109,0,6.400000,-9.787400,6.352500,0.854200,1.740000,4.085100,1.623100,0.023200,-0.036400,-1.120580,0.900000
109,0,6.500000,-9.785200,6.349200,0.854000,1.740000,4.085100,1.623100,0.019500,-0.028500,-1.120630,0.900000
109,0,6.603000,-9.783400,6.346700,0.853800,1.740000,4.085100,1.623100,0.016400,-0.021200,-1.120650,0.900000
109,0,6.700000,-9.782000,6.345000,0.853700,1.740000,4.085100,1.623100,0.013300,-0.013700,-1.120690,0.900000
109,0,6.800000,-9.780800,6.344000,0.853600,1.740000,4.085100,1.623100,0.010600,-0.006800,-1.120700,0.900000
109,0,6.900000,-9.779800,6.343600,0.853500,1.740000,4.085100,1.623100,0.008600,-0.001100,-1.120700,0.900000
109,0,7.000000,-9.779100,6.343800,0.853400,1.740000,4.085100,1.623100,0.006900,0.003500,-1.120720,0.900000
109,0,7.100000,-9.778500,6.344300,0.853400,1.740000,4.085100,1.623100,0.005800,0.006600,-1.120730,0.900000
109,0,7.200000,-9.777900,6.345100,0.853400,1.740000,4.085100,1.623100,0.005800,0.007900,-1.120820,0.900000
109,0,7.300000,-9.777300,6.345900,0.853300,1.740000,4.085100,1.623100,0.006500,0.008400,-1.120810,0.900000
109,0,7.400000,-9.776600,6.346800,0.853300,1.740000,4.085100,1.623100,0.007400,0.009500,-1.120830,0.900000
109,0,7.500000,-9.775800,6.347800,0.853300,1.740000,4.085100,1.623100,0.008700,0.011200,-1.120840,0.900000
109,0,7.600000,-9.774900,6.349000,0.853300,1.740000,4.085100,1.623100,0.010400,0.013500,-1.120800,0.900000
109,0,7.700000,-9.773700,6.350500,0.853300,1.740000,4.085100,1.623100,0.012400,0.016200,-1.120870,0.900000
109,0,7.800000,-9.772400,6.352300,0.853300,1.740000,4.085100,1.623100,0.014800,0.019100,-1.120910,0.900000
109,0,7.900000,-9.770800,6.354300,0.853400,1.740000,4.085100,1.623100,0.017800,0.022000,-1.120870,0.900000
109,0,8.000000,-9.768800,6.356700,0.853500,1.740000,4.085100,1.623100,0.021000,0.024800,-1.120490,0.900000
109,0,8.100000,-9.766600,6.359300,0.853600,1.740000,4.085100,1.623100,0.024200,0.027600,-1.120040,0.900000
109,0,8.200000,-9.764000,6.362200,0.853700,1.740000,4.085100,1.623100,0.027400,0.030700,-1.120620,0.900000
109,0,8.300000,-9.761100,6.365400,0.853800,1.740000,4.085100,1.623100,0.030700,0.033900,-1.120500,0.900000
109,0,8.400000,-9.757900,6.368900,0.854000,1.740000,4.085100,1.623100,0.033700,0.036700,-1.120430,0.900000
109,0,8.500000,-9.754400,6.372700,0.854100,1.740000,4.085100,1.623100,0.036600,0.039200,-1.120490,0.900000
109,0,8.600000,-9.750500,6.376800,0.854300,1.740000,4.085100,1.623100,0.039500,0.041900,-1.121170,0.900000
109,0,8.700000,-9.746500,6.381100,0.854500,1.740000,4.085100,1.623100,0.042100,0.044300,-1.120330,0.900000
109,0,8.800000,-9.742100,6.385600,0.854700,1.740000,4.085100,1.623100,0.044500,0.046400,-1.122580,0.900000
109,0,8.900000,-9.737500,6.390400,0.855000,1.740000,4.085100,1.623100,0.047000,0.048700,-1.123200,0.900000
109,0,9.000000,-9.732700,6.395400,0.855200,1.740000,4.085100,1.623100,0.049200,0.050700,-1.124070,0.900000
109,0,9.100000,-9.727700,6.400500,0.855400,1.740000,4.085100,1.623100,0.051200,0.052400,-1.124790,0.900000
109,0,9.200000,-9.722500,6.405900,0.855700,1.740000,4.085100,1.623100,0.053300,0.054400,-1.125130,0.900000
109,0,9.300000,-9.717100,6.411400,0.855900,1.740000,4.085100,1.623100,0.055200,0.056000,-1.125320,0.900000
109,0,9.400000,-9.711500,6.417100,0.856200,1.740000,4.085100,1.623100,0.056700,0.057400,-1.125560,0.900000
109,0,9.500000,-9.705700,6.422900,0.856500,1.740000,4.085100,1.623100,0.058400,0.058900,-1.125640,0.900000
109,0,9.600000,-9.699800,6.428900,0.856800,1.740000,4.085100,1.623100,0.060100,0.060400,-1.125550,0.900000
109,0,9.700000,-9.693700,6.435000,0.857100,1.740000,4.085100,1.623100,0.061400,0.061700,-1.125260,0.900000
109,0,9.800000,-9.687500,6.441200,0.857400,1.740000,4.085100,1.623100,0.062500,0.062600,-1.124960,0.900000
109,0,9.900000,-9.681200,6.447500,0.857700,1.740000,4.085100,1.623100,0.063900,0.063900,-1.124700,0.900000
109,0,10.000000,-9.674700,6.453900,0.858000,1.740000,4.085100,1.623100,0.065000,0.064800,-1.124530,0.900000
109,0,10.100000,-9.668200,6.460500,0.858300,1.740000,4.085100,1.623100,0.065700,0.065500,-1.124310,0.900000
109,0,10.200000,-9.661600,6.467100,0.858600,1.740000,4.085100,1.623100,0.066800,0.066500,-1.124030,0.900000
109,0,10.300000,-9.654900,6.473700,0.859000,1.740000,4.085100,1.623100,0.067500,0.067100,-1.123720,0.900000
109,0,10.400000,-9.648100,6.480500,0.859300,1.740000,4.085100,1.623100,0.067900,0.067500,-1.123380,0.900000
109,0,10.500000,-9.641200,6.487300,0.859600,1.740000,4.085100,1.623100,0.068500,0.068000,-1.122910,0.900000
109,0,10.600000,-9.634400,6.494100,0.860000,1.740000,4.085100,1.623100,0.069100,0.068600,-1.120610,0.900000
109,0,10.700000,-9.627400,6.501000,0.860300,1.740000,4.085100,1.623100,0.069500,0.068900,-1.122120,0.900000
109,0,10.800000,-9.620500,6.507900,0.860600,1.740000,4.085100,1.623100,0.069500,0.068900,-1.120630,0.900000
109,0,10.900000,-9.613500,6.514800,0.861000,1.740000,4.085100,1.623100,0.069900,0.069300,-1.120620,0.900000
109,0,11.000000,-9.606500,6.521700,0.861300,1.740000,4.085100,1.623100,0.070200,0.069600,-1.120580,0.900000
110,0,0.000000,42.622500,-102.702500,-1.467600,1.740000,4.030000,1.410000,-0.221600,-0.098200,-1.146330,0.900000
110,0,0.100000,42.600300,-102.712400,-1.467700,1.740000,4.030000,1.410000,-0.222100,-0.098800,-1.146340,0.900000
110,0,0.200000,42.578100,-102.722300,-1.467800,1.740000,4.030000,1.410000,-0.221900,-0.099100,-1.146340,0.900000
110,0,0.300000,42.556000,-102.732200,-1.467900,1.740000,4.030000,1.410000,-0.221500,-0.098700,-1.146670,0.900000
110,0,0.400000,42.533700,-102.742000,-1.468000,1.740000,4.030000,1.410000,-0.223100,-0.098600,-1.146730,0.900000
110,0,0.500000,42.511400,-102.751900,-1.468200,1.740000,4.030000,1.410000,-0.224500,-0.097800,-1.146640,0.900000
110,0,0.600000,42.488900,-102.761600,-1.468300,1.740000,4.030000,1.410000,-0.225800,-0.096300,-1.146570,0.900000
110,0,0.700000,42.466200,-102.771100,-1.468400,1.740000,4.030000,1.410000,-0.228300,-0.094700,-1.146300,0.900000
110,0,0.800000,42.443100,-102.780500,-1.468500,1.740000,4.030000,1.410000,-0.232100,-0.093100,-1.146340,0.900000
110,0,0.900000,42.419800,-102.789700,-1.468600,1.740000,4.030000,1.410000,-0.235300,-0.091100,-1.146330,0.900000
110,0,1.000000,42.396100,-102.798700,-1.468700,1.740000,4.030000,1.410000,-0.236800,-0.088600,-1.146380,0.900000
110,0,1.100000,42.372300,-102.807500,-1.468800,1.740000,4.030000,1.410000,-0.237900,-0.086400,-1.146420,0.900000
110,0,1.200000,42.348600,-102.816000,-1.468900,1.740000,4.030000,1.410000,-0.236100,-0.083700,-1.146700,0.900000
110,0,1.300000,42.325200,-102.824200,-1.469000,1.740000,4.030000,1.410000,-0.231600,-0.080500,-1.146440,0.900000
110,0,1.400000,42.302200,-102.832100,-1.469100,1.740000,4.030000,1.410000,-0.226500,-0.077600,-1.146430,0.900000
110,0,1.500000,42.279900,-102.839700,-1.469200,1.740000,4.030000,1.410000,-0.218700,-0.074100,-1.146510,0.900000
110,0,1.600000,42.258500,-102.846900,-1.469200,1.740000,4.030000,1.410000,-0.208100,-0.070200,-1.146540,0.900000
110,0,1.700000,42.238200,-102.853800,-1.469300,1.740000,4.030000,1.410000,-0.196100,-0.066300,-1.146490,0.900000
110,0,1.800000,42.219200,-102.860200,-1.469300,1.740000,4.030000,1.410000,-0.182700,-0.062200,-1.146580,0.900000
110,0,1.900000,42.201700,-102.866200,-1.469300,1.740000,4.030000,1.410000,-0.165500,-0.057900,-1.146520,0.900000
110,0,2.000000,42.186200,-102.871800,-1.469300,1.740000,4.030000,1.410000,-0.146200,-0.053700,-1.145950,0.900000
110,0,2.100000,42.172400,-102.877000,-1.469300,1.740000,4.030000,1.410000,-0.129200,-0.050200,-1.145720,0.900000
110,0,2.200000,42.160400,-102.881800,-1.469200,1.740000,4.030000,1.410000,-0.113100,-0.046900,-1.146230,0.900000
110,0,2.300000,42.149900,-102.886300,-1.469100,1.740000,4.030000,1.410000,-0.097800,-0.043900,-1.145160,0.900000
110,0,2.400000,42.140800,-102.890600,-1.469000,1.740000,4.030000,1.410000,-0.084200,-0.041400,-1.144830,0.900000
110,0,2.500000,42.133000,-102.894600,-1.468900,1.740000,4.030000,1.410000,-0.072000,-0.039400,-1.145940,0.900000
110,0,2.600000,42.126400,-102.898500,-1.468800,1.740000,4.030000,1.410000,-0.060700,-0.037700,-1.144600,0.900000
110,0,2.700000,42.120900,-102.902200,-1.468700,1.740000,4.030000,1.410000,-0.050400,-0.036300,-1.145020,0.900000
110,0,2.800000,42.116300,-102.905700,-1.468500,1.740000,4.030000,1.410000,-0.041600,-0.035400,-1.145900,0.900000
110,0,2.900000,42.112500,-102.909200,-1.468400,1.740000,4.030000,1.410000,-0.033800,-0.034800,-1.145510,0.900000
110,0,3.000000,42.109500,-102.912700,-1.468300,1.740000,4.030000,1.410000,-0.027100,-0.034500,-1.145940,0.900000
110,0,3.100000,42.107100,-102.916200,-1.468100,1.740000,4.030000,1.410000,-0.020100,-0.034200,-1.145970,0.900000
110,0,3.200000,42.105500,-102.919500,-1.468000,1.740000,4.030000,1.410000,-0.012900,-0.033700,-1.145420,0.900000
110,0,3.300000,42.104500,-102.922900,-1.467800,1.740000,4.030000,1.410000,-0.007100,-0.033400,-1.145220,0.900000
110,0,3.400000,42.104100,-102.926200,-1.467700,1.740000,4.030000,1.410000,-0.002900,-0.033800,-1.145090,0.900000
110,0,3.500000,42.104000,-102.929600,-1.467500,1.740000,4.030000,1.410000,-0.000100,-0.034500,-1.144860,0.900000
110,0,3.600000,42.104100,-102.933100,-1.467400,1.740000,4.030000,1.410000,0.001200,-0.035600,-1.144730,0.900000
110,0,3.700000,42.104200,-102.936800,-1.467200,1.740000,4.030000,1.410000,0.001000,-0.037200,-1.144690,0.900000
110,0,3.800000,42.104300,-102.940600,-1.467100,1.740000,4.030000,1.410000,-0.000600,-0.039300,-1.144970,0.900000
110,0,3.900000,42.104100,-102.944600,-1.467000,1.740000,4.030000,1.410000,-0.003800,-0.041800,-1.145760,0.900000
110,0,4.000000,42.103500,-102.948900,-1.466800,1.740000,4.030000,1.410000,-0.008300,-0.044500,-1.145730,0.900000
110,0,4.100000,42.102400,-102.953500,-1.466700,1.740000,4.030000,1.410000,-0.014500,-0.047900,-1.145520,0.900000
110,0,4.200000,42.100600,-102.958500,-1.466600,1.740000,4.030000,1.410000,-0.022100,-0.051800,-1.145540,0.900000
110,0,4.300000,42.098000,-102.963900,-1.466500,1.740000,4.030000,1.410000,-0.031100,-0.055900,-1.145430,0.900000
110,0,4.400000,42.094400,-102.969700,-1.466400,1.740000,4.030000,1.410000,-0.041800,-0.060700,-1.145840,0.900000
110,0,4.500000,42.089600,-102.976000,-1.466300,1.740000,4.030000,1.410000,-0.054000,-0.065900,-1.145860,0.900000
110,0,4.600000,42.083600,-102.982800,-1.466300,1.740000,4.030000,1.410000,-0.067500,-0.071300,-1.145870,0.900000
110,0,4.700000,42.076100,-102.990300,-1.466200,1.740000,4.030000,1.410000,-0.082800,-0.077500,-1.145790,0.900000
110,0,4.800000,42.067000,-102.998400,-1.466200,1.740000,4.030000,1.410000,-0.100000,-0.084400,-1.145870,0.900000
110,0,4.900000,42.056100,-103.007100,-1.466100,1.740000,4.030000,1.410000,-0.116900,-0.091000,-1.145860,0.900000
110,0,5.000000,42.043700,-103.016500,-1.466100,1.740000,4.030000,1.410000,-0.131700,-0.096700,-1.146630,0.900000
110,0,5.100000,42.029700,-103.026500,-1.466100,1.740000,4.030000,1.410000,-0.145800,-0.102500,-1.145870,0.900000
110,0,5.200000,42.014500,-103.037000,-1.466200,1.740000,4.030000,1.410000,-0.157800,-0.107500,-1.146890,0.900000
110,0,5.300000,41.998200,-103.048000,-1.466200,1.740000,4.030000,1.410000,-0.167700,-0.111500,-1.146920,0.900000
110,0,5.400000,41.980900,-103.059400,-1.466200,1.740000,4.030000,1.410000,-0.174100,-0.113600,-1.145800,0.900000
110,0,5.503000,41.962800,-103.071100,-1.466300,1.740000,4.030000,1.410000,-0.184500,-0.119000,-1.145770,0.900000
110,0,5.600000,41.944100,-103.083100,-1.466400,1.740000,4.030000,1.410000,-0.193000,-0.123600,-1.145720,0.900000
110,0,5.700000,41.924800,-103.095400,-1.466400,1.740000,4.030000,1.410000,-0.193800,-0.123700,-1.145700,0.900000
110,0,5.800000,41.905200,-103.107900,-1.466500,1.740000,4.030000,1.410000,-0.197200,-0.125800,-1.145720,0.900000
110,0,5.900000,41.885400,-103.120600,-1.466600,1.740000,4.030000,1.410000,-0.198400,-0.127000,-1.145710,0.900000
110,0,6.000000,41.865600,-103.133300,-1.466700,1.740000,4.030000,1.410000,-0.198100,-0.127600,-1.145710,0.900000
110,0,6.100000,41.845700,-103.146100,-1.466800,1.740000,4.030000,1.410000,-0.198400,-0.128300,-1.146110,0.900000
110,0,6.200000,41.825800,-103.159000,-1.466900,1.740000,4.030000,1.410000,-0.199300,-0.129300,-1.146230,0.900000
110,0,6.300000,41.805900,-103.171900,-1.467000,1.740000,4.030000,1.410000,-0.199500,-0.129700,-1.146400,0.900000
110,0,6.400000,41.786000,-103.184900,-1.467100,1.740000,4.030000,1.410000,-0.198900,-0.129500,-1.146320,0.900000
110,0,6.500000,41.766100,-103.197900,-1.467300,1.740000,4.030000,1.410000,-0.199000,-0.129600,-1.145920,0.900000
111,0,0.000000,2.776100,-20.316100,-0.036800,1.826500,4.030000,1.710100,-0.024000,-0.024600,-1.159820,0.900000
111,0,0.100000,2.773700,-20.318500,-0.036900,1.826500,4.030000,1.710100,-0.024100,-0.024700,-1.159830,0.900000
111,0,0.200000,2.771300,-20.321000,-0.036900,1.826500,4.030000,1.710100,-0.024200,-0.024800,-1.159830,0.900000
111,0,0.300000,2.768900,-20.323500,-0.037000,1.826500,4.030000,1.710100,-0.024400,-0.024800,-1.159820,0.900000
111,0,0.400000,2.766400,-20.326000,-0.037100,1.826500,4.030000,1.710100,-0.024700,-0.025100,-1.159870,0.900000
111,0,0.500000,2.764000,-20.328500,-0.037100,1.826500,4.030000,1.710100,-0.024900,-0.025300,-1.159800,0.900000
111,0,0.600000,2.761500,-20.331000,-0.037200,1.826500,4.030000,1.710100,-0.025100,-0.025700,-1.159820,0.900000
111,0,0.700000,2.758900,-20.333600,-0.037300,1.826500,4.030000,1.710100,-0.025600,-0.026400,-1.159790,0.900000
111,0,0.800000,2.756300,-20.336300,-0.037400,1.826500,4.030000,1.710100,-0.026400,-0.027600,-1.159830,0.900000
111,0,0.900000,2.753700,-20.339100,-0.037400,1.826500,4.030000,1.710100,-0.027200,-0.028800,-1.159820,0.900000
111,0,1.000000,2.750900,-20.342100,-0.037500,1.826500,4.030000,1.710100,-0.027900,-0.029300,-1.159870,0.900000
111,0,1.100000,2.748100,-20.345000,-0.037600,1.826500,4.030000,1.710100,-0.028500,-0.029600,-1.159910,0.900000
111,0,1.200000,2.745200,-20.348000,-0.037700,1.826500,4.030000,1.710100,-0.028800,-0.029300,-1.159910,0.900000
111,0,1.300000,2.742300,-20.350900,-0.037700,1.826500,4.030000,1.710100,-0.028800,-0.028200,-1.159930,0.900000
111,0,1.400000,2.739400,-20.353600,-0.037800,1.826500,4.030000,1.710100,-0.028600,-0.026700,-1.159920,0.900000
111,0,1.500000,2.736600,-20.356200,-0.037900,1.826500,4.030000,1.710100,-0.027500,-0.024000,-1.160000,0.900000
111,0,1.600000,2.734000,-20.358400,-0.038000,1.826500,4.030000,1.710100,-0.024900,-0.020200,-1.160030,0.900000
111,0,1.700000,2.731600,-20.360200,-0.038000,1.826500,4.030000,1.710100,-0.020700,-0.015400,-1.160030,0.900000
111,0,1.800000,2.729800,-20.361500,-0.038000,1.826500,4.030000,1.710100,-0.015800,-0.010100,-1.160070,0.900000
111,0,1.900000,2.728500,-20.362300,-0.038100,1.826500,4.030000,1.710100,-0.010400,-0.004500,-1.160010,0.900000
111,0,2.000000,2.727700,-20.362400,-0.038100,1.826500,4.030000,1.710100,-0.004900,0.001000,-1.159900,0.900000
111,0,2.100000,2.727500,-20.362100,-0.038100,1.826500,4.030000,1.710100,0.000500,0.005700,-1.159800,0.900000
111,0,2.200000,2.727800,-20.361300,-0.038100,1.826500,4.030000,1.710100,0.005400,0.009400,-1.159720,0.900000
111,0,2.300000,2.728600,-20.360200,-0.038000,1.826500,4.030000,1.710100,0.010300,0.012500,-1.159540,0.900000
111,0,2.400000,2.729900,-20.358800,-0.038000,1.826500,4.030000,1.710100,0.015600,0.015000,-1.159460,0.900000
111,0,2.500000,2.731700,-20.357200,-0.038000,1.826500,4.030000,1.710100,0.021600,0.017300,-1.159430,0.900000
111,0,2.600000,2.734200,-20.355300,-0.037900,1.826500,4.030000,1.710100,0.028300,0.019200,-1.159360,0.900000
111,0,2.700000,2.737400,-20.353300,-0.037900,1.826500,4.030000,1.710100,0.034900,0.020500,-1.159380,0.900000
111,0,2.800000,2.741200,-20.351200,-0.037800,1.826500,4.030000,1.710100,0.040600,0.021200,-1.159390,0.900000
111,0,2.900000,2.745500,-20.349100,-0.037800,1.826500,4.030000,1.710100,0.044300,0.020600,-1.159430,0.900000
111,0,3.000000,2.750000,-20.347100,-0.037800,1.826500,4.030000,1.710100,0.045500,0.018800,-1.159430,0.900000
111,0,3.100000,2.754600,-20.345300,-0.037700,1.826500,4.030000,1.710100,0.045100,0.016200,-1.159460,0.900000
111,0,3.200000,2.759000,-20.343900,-0.037700,1.826500,4.030000,1.710100,0.042600,0.012500,-1.159450,0.900000
111,0,3.300000,2.763100,-20.342800,-0.037600,1.826500,4.030000,1.710100,0.038300,0.007900,-1.159400,0.900000
111,0,3.400000,2.766700,-20.342300,-0.037600,1.826500,4.030000,1.710100,0.032700,0.002600,-1.159430,0.900000
111,0,3.500000,2.769600,-20.342300,-0.037600,1.826500,4.030000,1.710100,0.025700,-0.003100,-1.159420,0.900000
111,0,3.600000,2.771900,-20.342900,-0.037600,1.826500,4.030000,1.710100,0.018100,-0.008800,-1.159380,0.900000
111,0,3.700000,2.773300,-20.344100,-0.037600,1.826500,4.030000,1.710100,0.010000,-0.014300,-1.159330,0.900000
111,0,3.800000,2.773900,-20.345800,-0.037600,1.826500,4.030000,1.710100,0.001200,-0.019600,-1.159270,0.900000
111,0,3.900000,2.773500,-20.348000,-0.037500,1.826500,4.030000,1.710100,-0.007900,-0.024700,-1.159250,0.900000
111,0,4.000000,2.772300,-20.350700,-0.037600,1.826500,4.030000,1.710100,-0.016900,-0.029300,-1.159220,0.900000
111,0,4.100000,2.770100,-20.353900,-0.037600,1.826500,4.030000,1.710100,-0.026200,-0.033900,-1.159230,0.900000
111,0,4.200000,2.767100,-20.357500,-0.037600,1.826500,4.030000,1.710100,-0.035600,-0.038200,-1.159280,0.900000
111,0,4.300000,2.763000,-20.361500,-0.037600,1.826500,4.030000,1.710100,-0.045400,-0.042300,-1.159300,0.900000
111,0,4.400000,2.758000,-20.365900,-0.037600,1.826500,4.030000,1.710100,-0.055900,-0.046600,-1.159330,0.900000
111,0,4.500000,2.751900,-20.370800,-0.037600,1.826500,4.030000,1.710100,-0.066300,-0.050400,-1.159350,0.900000
111,0,4.600000,2.744700,-20.376000,-0.037700,1.826500,4.030000,1.710100,-0.075800,-0.053100,-1.159360,0.900000
111,0,4.700000,2.736700,-20.381400,-0.037700,1.826500,4.030000,1.710100,-0.084200,-0.054500,-1.159350,0.900000
111,0,4.800000,2.727800,-20.386900,-0.037700,1.826500,4.030000,1.710100,-0.090700,-0.054200,-1.159360,0.900000
111,0,4.900000,2.718600,-20.392300,-0.037700,1.826500,4.030000,1.710100,-0.093500,-0.051500,-1.159350,0.900000
111,0,5.000000,2.709200,-20.397200,-0.037700,1.826500,4.030000,1.710100,-0.091700,-0.046200,-1.159360,0.900000
111,0,5.100000,2.700200,-20.401500,-0.037800,1.826500,4.030000,1.710100,-0.086000,-0.039000,-1.159360,0.900000
111,0,5.200000,2.692000,-20.405000,-0.037800,1.826500,4.030000,1.710100,-0.077500,-0.030800,-1.159350,0.900000
111,0,5.300000,2.684700,-20.407700,-0.037800,1.826500,4.030000,1.710100,-0.067800,-0.022600,-1.159330,0.900000
111,0,5.400000,2.678400,-20.409500,-0.037800,1.826500,4.030000,1.710100,-0.055600,-0.013800,-1.159290,0.900000
111,0,5.503000,2.673400,-20.410500,-0.037800,1.826500,4.030000,1.710100,-0.042600,-0.005100,-1.159260,0.900000
111,0,5.600000,2.669900,-20.410500,-0.037800,1.826500,4.030000,1.710100,-0.026900,0.003800,-1.159210,0.900000
111,0,5.700000,2.668100,-20.409700,-0.037800,1.826500,4.030000,1.710100,-0.009100,0.012500,-1.159190,0.900000
111,0,5.800000,2.668100,-20.408000,-0.037900,1.826500,4.030000,1.710100,0.007900,0.020700,-1.159210,0.900000
111,0,5.900000,2.669700,-20.405600,-0.037900,1.826500,4.030000,1.710100,0.022900,0.027500,-1.159200,0.900000
111,0,6.000000,2.672600,-20.402500,-0.038000,1.826500,4.030000,1.710100,0.033800,0.032500,-1.159200,0.900000
111,0,6.100000,2.676500,-20.399100,-0.038000,1.826500,4.030000,1.710100,0.040700,0.036200,-1.159260,0.900000
111,0,6.200000,2.680800,-20.395300,-0.038100,1.826500,4.030000,1.710100,0.044200,0.038700,-1.159270,0.900000
111,0,6.300000,2.685300,-20.391300,-0.038100,1.826500,4.030000,1.710100,0.043200,0.039700,-1.159310,0.900000
111,0,6.400000,2.689400,-20.387400,-0.038200,1.826500,4.030000,1.710100,0.037800,0.039000,-1.159360,0.900000
111,0,6.500000,2.692800,-20.383500,-0.038300,1.826500,4.030000,1.710100,0.028800,0.036400,-1.159410,0.900000
111,0,6.603000,2.695300,-20.380000,-0.038400,1.826500,4.030000,1.710100,0.018000,0.033200,-1.159420,0.900000
111,0,6.700000,2.696500,-20.376900,-0.038400,1.826500,4.030000,1.710100,0.004100,0.028000,-1.159470,0.900000
111,0,6.800000,2.696100,-20.374500,-0.038500,1.826500,4.030000,1.710100,-0.010300,0.021300,-1.159480,0.900000
111,0,6.900000,2.694400,-20.372700,-0.038600,1.826500,4.030000,1.710100,-0.022500,0.015200,-1.159470,0.900000
111,0,7.000000,2.691600,-20.371400,-0.038700,1.826500,4.030000,1.710100,-0.032200,0.009400,-1.159500,0.900000
111,0,7.100000,2.687900,-20.370800,-0.038700,1.826500,4.030000,1.710100,-0.041200,0.003800,-1.159510,0.900000
111,0,7.200000,2.683400,-20.370700,-0.038700,1.826500,4.030000,1.710100,-0.050300,-0.001600,-1.159600,0.900000
111,0,7.300000,2.677900,-20.371100,-0.038700,1.826500,4.030000,1.710100,-0.059300,-0.007300,-1.159580,0.900000
111,0,7.400000,2.671500,-20.372100,-0.038700,1.826500,4.030000,1.710100,-0.068100,-0.013500,-1.159600,0.900000
111,0,7.500000,2.664300,-20.373800,-0.038700,1.826500,4.030000,1.710100,-0.075900,-0.019600,-1.159620,0.900000
111,0,7.600000,2.656300,-20.376100,-0.038600,1.826500,4.030000,1.710100,-0.082900,-0.025500,-1.159580,0.900000
111,0,7.700000,2.647700,-20.378900,-0.038500,1.826500,4.030000,1.710100,-0.089100,-0.030800,-1.159650,0.900000
111,0,7.800000,2.638500,-20.382200,-0.038300,1.826500,4.030000,1.710100,-0.094300,-0.034400,-1.159690,0.900000
111,0,7.900000,2.628800,-20.385800,-0.038200,1.826500,4.030000,1.710100,-0.098800,-0.036600,-1.159640,0.900000
111,0,8.000000,2.618800,-20.389500,-0.038000,1.826500,4.030000,1.710100,-0.101400,-0.037300,-1.159710,0.900000
111,0,8.100000,2.608600,-20.393200,-0.037800,1.826500,4.030000,1.710100,-0.100800,-0.036200,-1.159620,0.900000
111,0,8.200000,2.598600,-20.396800,-0.037600,1.826500,4.030000,1.710100,-0.097300,-0.033600,-1.159400,0.900000
111,0,8.300000,2.589100,-20.400000,-0.037400,1.826500,4.030000,1.710100,-0.091000,-0.029400,-1.159280,0.900000
111,0,8.400000,2.580400,-20.402600,-0.037100,1.826500,4.030000,1.710100,-0.081800,-0.023500,-1.159200,0.900000
111,0,8.500000,2.572700,-20.404700,-0.036900,1.826500,4.030000,1.710100,-0.070100,-0.016700,-1.159260,0.900000
111,0,8.600000,2.566300,-20.406000,-0.036700,1.826500,4.030000,1.710100,-0.057800,-0.009300,-1.159220,0.900000
111,0,8.700000,2.561200,-20.406500,-0.036400,1.826500,4.030000,1.710100,-0.045100,-0.001500,-1.159100,0.900000
111,0,8.800000,2.557300,-20.406300,-0.036200,1.826500,4.030000,1.710100,-0.032800,0.005900,-1.159060,0.900000
111,0,8.900000,2.554600,-20.405400,-0.035900,1.826500,4.030000,1.710100,-0.022500,0.012400,-1.159090,0.900000
111,0,9.000000,2.552800,-20.403800,-0.035700,1.826500,4.030000,1.710100,-0.013800,0.017800,-1.159140,0.900000
111,0,9.100000,2.551900,-20.401800,-0.035400,1.826500,4.030000,1.710100,-0.005200,0.022200,-1.159170,0.900000
111,0,9.200000,2.551800,-20.399400,-0.035200,1.826500,4.030000,1.710100,0.005400,0.025800,-1.159210,0.900000
111,0,9.300000,2.552900,-20.396600,-0.034900,1.826500,4.030000,1.710100,0.018200,0.027200,-1.159250,0.900000
111,0,9.400000,2.555400,-20.393900,-0.034700,1.826500,4.030000,1.710100,0.031500,0.025800,-1.159290,0.900000
111,0,9.500000,2.559300,-20.391500,-0.034500,1.826500,4.030000,1.710100,0.045000,0.022300,-1.159330,0.900000
111,0,9.600000,2.564500,-20.389500,-0.034400,1.826500,4.030000,1.710100,0.057800,0.018400,-1.159360,0.900000
111,0,9.700000,2.570800,-20.387800,-0.034300,1.826500,4.030000,1.710100,0.068000,0.014900,-1.159370,0.900000
111,0,9.800000,2.578000,-20.386500,-0.034200,1.826500,4.030000,1.710100,0.075700,0.011300,-1.159360,0.900000
111,0,9.900000,2.586000,-20.385500,-0.034200,1.826500,4.030000,1.710100,0.083000,0.007600,-1.159350,0.900000
111,0,10.000000,2.594600,-20.385000,-0.034200,1.826500,4.030000,1.710100,0.089500,0.003800,-1.159430,0.900000
111,0,10.100000,2.603800,-20.384800,-0.034200,1.826500,4.030000,1.710100,0.094600,-0.000000,-1.159460,0.900000
111,0,10.200000,2.613600,-20.385000,-0.034200,1.826500,4.030000,1.710100,0.099400,-0.004100,-1.159420,0.900000
111,0,10.300000,2.623700,-20.385600,-0.034300,1.826500,4.030000,1.710100,0.102800,-0.008700,-1.159400,0.900000
111,0,10.400000,2.634100,-20.386700,-0.034300,1.826500,4.030000,1.710100,0.104600,-0.014000,-1.159400,0.900000
111,0,10.500000,2.644700,-20.388400,-0.034500,1.826500,4.030000,1.710100,0.104900,-0.019200,-1.159390,0.900000
111,0,10.600000,2.655100,-20.390600,-0.034600,1.826500,4.030000,1.710100,0.103600,-0.023100,-1.159390,0.900000
111,0,10.700000,2.665400,-20.393000,-0.034800,1.826500,4.030000,1.710100,0.100800,-0.025000,-1.159390,0.900000
111,0,10.800000,2.675300,-20.395500,-0.034900,1.826500,4.030000,1.710100,0.096600,-0.025000,-1.159410,0.900000
111,0,10.900000,2.684700,-20.398000,-0.035100,1.826500,4.030000,1.710100,0.093100,-0.023800,-1.159390,0.900000
111,0,11.000000,2.693900,-20.400300,-0.035300,1.826500,4.030000,1.710100,0.090200,-0.021900,-1.159360,0.900000
111,0,11.100000,2.702800,-20.402400,-0.035400,1.826500,4.030000,1.710100,0.087700,-0.019600,-1.159330,0.900000
111,0,11.200000,2.711400,-20.404200,-0.035600,1.826500,4.030000,1.710100,0.085900,-0.017500,-1.159270,0.900000
111,0,11.300000,2.719900,-20.405900,-0.035800,1.826500,4.030000,1.710100,0.083500,-0.015700,-1.159220,0.900000
111,0,11.400000,2.728100,-20.407400,-0.035900,1.826500,4.030000,1.710100,0.080600,-0.014300,-1.159180,0.900000
111,0,11.500000,2.736100,-20.408700,-0.036000,1.826500,4.030000,1.710100,0.077300,-0.012900,-1.159180,0.900000
111,0,11.600000,2.743600,-20.410000,-0.036100,1.826500,4.030000,1.710100,0.072700,-0.012100,-1.159160,0.900000
111,0,11.700000,2.750600,-20.411100,-0.036200,1.826500,4.030000,1.710100,0.066300,-0.013000,-1.159140,0.900000
111,0,11.800000,2.756900,-20.412600,-0.036300,1.826500,4.030000,1.710100,0.058700,-0.015900,-1.159120,0.900000
111,0,11.900000,2.762300,-20.414300,-0.036400,1.826500,4.030000,1.710100,0.050800,-0.020100,-1.159080,0.900000
111,0,12.000000,2.767000,-20.416600,-0.036500,1.826500,4.030000,1.710100,0.042800,-0.024600,-1.159040,0.900000
111,0,12.100000,2.770900,-20.419200,-0.036600,1.826500,4.030000,1.710100,0.034000,-0.028400,-1.159030,0.900000
111,0,12.200000,2.773800,-20.422300,-0.036700,1.826500,4.030000,1.710100,0.025100,-0.030600,-1.159020,0.900000
111,0,12.300000,2.775900,-20.425400,-0.036700,1.826500,4.030000,1.710100,0.016900,-0.031100,-1.159000,0.900000
111,0,12.400000,2.777200,-20.428500,-0.036800,1.826500,4.030000,1.710100,0.009800,-0.029700,-1.159000,0.900000
111,0,12.500000,2.777900,-20.431300,-0.036900,1.826500,4.030000,1.710100,0.004200,-0.026300,-1.158990,0.900000
111,0,12.600000,2.778100,-20.433700,-0.036900,1.826500,4.030000,1.710100,0.000000,-0.021400,-1.158990,0.900000
111,0,12.700000,2.777900,-20.435600,-0.037000,1.826500,4.030000,1.710100,-0.003400,-0.015200,-1.158980,0.900000
111,0,12.800000,2.777400,-20.436800,-0.037000,1.826500,4.030000,1.710100,-0.006200,-0.008500,-1.158970,0.900000
111,0,12.900000,2.776600,-20.437300,-0.037000,1.826500,4.030000,1.710100,-0.008700,-0.002000,-1.158960,0.900000
111,0,13.000000,2.775600,-20.437200,-0.037000,1.826500,4.030000,1.710100,-0.010600,0.003900,-1.158960,0.900000
111,0,13.100000,2.774500,-20.436500,-0.037000,1.826500,4.030000,1.710100,-0.012200,0.008700,-1.158960,0.900000
111,0,13.200000,2.773200,-20.435400,-0.037000,1.826500,4.030000,1.710100,-0.013800,0.012200,-1.158960,0.900000
111,0,13.300000,2.771700,-20.434100,-0.037000,1.826500,4.030000,1.710100,-0.014400,0.014000,-1.158970,0.900000
111,0,13.400000,2.770300,-20.432600,-0.037000,1.826500,4.030000,1.710100,-0.013800,0.014200,-1.158990,0.900000
111,0,13.500000,2.769000,-20.431200,-0.037000,1.826500,4.030000,1.710100,-0.013300,0.013900,-1.159030,0.900000
112,0,0.100000,24.589300,-78.114200,-1.819600,1.740000,5.225300,1.410000,2.884700,2.247200,0.565100,0.900000
112,0,0.200000,24.876400,-77.890500,-1.820400,1.740000,5.225300,1.410000,2.878800,2.242700,0.565100,0.900000
112,0,0.300000,25.164200,-77.666300,-1.821100,1.740000,5.225300,1.410000,2.882400,2.246100,0.565110,0.900000
112,0,0.400000,25.454000,-77.440400,-1.821800,1.740000,5.225300,1.410000,2.918700,2.275200,0.565060,0.900000
112,0,0.500000,25.747200,-77.211800,-1.822700,1.740000,5.225300,1.410000,2.961000,2.308300,0.565130,0.900000
112,0,0.600000,26.045400,-76.979400,-1.823500,1.740000,5.225300,1.410000,3.009800,2.345200,0.565120,0.900000
112,0,0.700000,26.350300,-76.741900,-1.824600,1.740000,5.225300,1.410000,3.086300,2.401100,0.565100,0.900000
112,0,0.800000,26.663900,-76.498200,-1.825900,1.740000,5.225300,1.410000,3.191800,2.476300,0.564840,0.900000
112,0,0.900000,26.987800,-76.247300,-1.827400,1.740000,5.225300,1.410000,3.305700,2.554700,0.565110,0.900000
112,0,1.000000,27.324100,-75.988000,-1.829300,1.740000,5.225300,1.410000,3.427000,2.635600,0.565060,0.900000
112,0,1.100000,27.674600,-75.719100,-1.831700,1.740000,5.225300,1.410000,3.590200,2.745500,0.565030,0.900000
112,0,1.200000,28.041200,-75.439600,-1.834600,1.740000,5.225300,1.410000,3.761300,2.858300,0.565020,0.900000
112,0,1.300000,28.425800,-75.148200,-1.838000,1.740000,5.225300,1.410000,3.934500,2.969700,0.565000,0.900000
112,0,1.400000,28.829600,-74.844500,-1.842100,1.740000,5.225300,1.410000,4.144700,3.106400,0.565010,0.900000
112,0,1.500000,29.253700,-74.527800,-1.847000,1.740000,5.225300,1.410000,4.347500,3.235000,0.564930,0.900000
112,0,1.600000,29.698000,-74.198400,-1.852700,1.740000,5.225300,1.410000,4.527300,3.345000,0.564900,0.900000
112,0,1.700000,30.160900,-73.857500,-1.859200,1.740000,5.225300,1.410000,4.713000,3.456800,0.564900,0.900000
112,0,1.800000,30.642400,-73.505600,-1.866800,1.740000,5.225300,1.410000,4.913600,3.575400,0.564870,0.900000
112,0,1.900000,31.142300,-73.143300,-1.875300,1.740000,5.225300,1.410000,5.091500,3.674800,0.564920,0.900000
112,0,2.000000,31.659400,-72.771700,-1.884900,1.740000,5.225300,1.410000,5.240100,3.752000,0.565030,0.900000
112,0,2.100000,32.192400,-72.391500,-1.895400,1.740000,5.225300,1.410000,5.413100,3.846000,0.565130,0.900000
112,0,2.200000,32.740500,-72.003500,-1.906800,1.740000,5.225300,1.410000,5.559600,3.920500,0.565210,0.900000
112,0,2.300000,33.302800,-71.608400,-1.919100,1.740000,5.225300,1.410000,5.683200,3.978500,0.565390,0.900000
112,0,2.400000,33.879400,-71.206200,-1.932100,1.740000,5.225300,1.410000,5.822300,4.047800,0.565470,0.900000
112,0,2.500000,34.469600,-70.797300,-1.945600,1.740000,5.225300,1.410000,5.972600,4.126100,0.565500,0.900000
112,0,2.600000,35.072300,-70.382100,-1.959700,1.740000,5.225300,1.410000,6.090700,4.184400,0.565570,0.900000
112,0,2.700000,35.686100,-69.961500,-1.974100,1.740000,5.225300,1.410000,6.169200,4.218900,0.565550,0.900000
112,0,2.800000,36.308600,-69.536700,-1.988600,1.740000,5.225300,1.410000,6.270400,4.271900,0.565540,0.900000
112,0,2.900000,36.938400,-69.108300,-2.003100,1.740000,5.225300,1.410000,6.338200,4.304900,0.565500,0.900000
112,0,3.000000,37.574500,-68.676900,-2.017500,1.740000,5.225300,1.410000,6.373400,4.317900,0.565500,0.900000
112,0,3.100000,38.215600,-68.243000,-2.031800,1.740000,5.225300,1.410000,6.440900,4.354800,0.565470,0.900000
112,0,3.200000,38.860900,-67.807100,-2.046000,1.740000,5.225300,1.410000,6.476900,4.372800,0.565480,0.900000
112,0,3.300000,39.509300,-67.369600,-2.060000,1.740000,5.225300,1.410000,6.476100,4.368300,0.565530,0.900000
112,0,3.400000,40.158700,-66.931700,-2.073900,1.740000,5.225300,1.410000,6.502400,4.384500,0.565500,0.900000
112,0,3.500000,40.808000,-66.493900,-2.087700,1.740000,5.225300,1.410000,6.523300,4.398500,0.565520,0.900000
113,0,4.900000,-108.959200,226.490500,2.315700,2.561100,6.877200,2.515700,0.001300,0.082400,-1.319900,0.900000
113,0,5.000000,-108.959100,226.498800,2.316400,2.561100,6.877200,2.515700,0.001400,0.082800,-1.319910,0.900000
113,0,5.100000,-108.958900,226.507100,2.317000,2.561100,6.877200,2.515700,0.001900,0.084500,-1.319910,0.900000
113,0,5.200000,-108.958700,226.515700,2.317700,2.561100,6.877200,2.515700,0.002800,0.086800,-1.320140,0.900000
113,0,5.300000,-108.958400,226.524500,2.318300,2.561100,6.877200,2.515700,0.004100,0.089700,-1.320020,0.900000
113,0,5.400000,-108.957900,226.533600,2.319000,2.561100,6.877200,2.515700,0.005600,0.092600,-1.319820,0.900000
113,0,5.503000,-108.957200,226.543300,2.319700,2.561100,6.877200,2.515700,0.007800,0.099200,-1.320280,0.900000
113,0,5.600000,-108.956300,226.553400,2.320300,2.561100,6.877200,2.515700,0.010500,0.106200,-1.319740,0.900000
113,0,5.700000,-108.955100,226.564200,2.321000,2.561100,6.877200,2.515700,0.013500,0.110500,-1.319720,0.900000
113,0,5.800000,-108.953600,226.575600,2.321700,2.561100,6.877200,2.515700,0.017300,0.117700,-1.319730,0.900000
113,0,5.900000,-108.951700,226.587700,2.322400,2.561100,6.877200,2.515700,0.021500,0.125200,-1.321550,0.900000
113,0,6.000000,-108.949300,226.600600,2.323000,2.561100,6.877200,2.515700,0.026300,0.132900,-1.321810,0.900000
113,0,6.100000,-108.946400,226.614300,2.323700,2.561100,6.877200,2.515700,0.031700,0.141600,-1.321940,0.900000
113,0,6.200000,-108.943000,226.629000,2.324300,2.561100,6.877200,2.515700,0.037800,0.151500,-1.322050,0.900000
113,0,6.300000,-108.938900,226.644600,2.324900,2.561100,6.877200,2.515700,0.044300,0.161700,-1.322210,0.900000
113,0,6.400000,-108.934100,226.661300,2.325500,2.561100,6.877200,2.515700,0.051400,0.172000,-1.322120,0.900000
113,0,6.500000,-108.928600,226.679000,2.326100,2.561100,6.877200,2.515700,0.058300,0.180900,-1.321710,0.900000
113,0,6.603000,-108.922200,226.698000,2.326600,2.561100,6.877200,2.515700,0.067800,0.196500,-1.321310,0.900000
113,0,6.700000,-108.915000,226.718300,2.327100,2.561100,6.877200,2.515700,0.077900,0.212600,-1.320930,0.900000
113,0,6.800000,-108.906900,226.739900,2.327500,2.561100,6.877200,2.515700,0.086500,0.223400,-1.320420,0.900000
113,0,6.900000,-108.897800,226.762900,2.327900,2.561100,6.877200,2.515700,0.096900,0.238100,-1.320060,0.900000
113,0,7.000000,-108.887600,226.787400,2.328200,2.561100,6.877200,2.515700,0.107800,0.252200,-1.320100,0.900000
113,0,7.100000,-108.876200,226.813400,2.328500,2.561100,6.877200,2.515700,0.120200,0.266700,-1.320120,0.900000
113,0,7.200000,-108.863500,226.840900,2.328700,2.561100,6.877200,2.515700,0.134200,0.281800,-1.320220,0.900000
113,0,7.300000,-108.849400,226.869700,2.328800,2.561100,6.877200,2.515700,0.147000,0.294200,-1.320210,0.900000
113,0,7.400000,-108.834100,226.899600,2.328900,2.561100,6.877200,2.515700,0.156700,0.302600,-1.320230,0.900000
113,0,7.500000,-108.817900,226.930400,2.328800,2.561100,6.877200,2.515700,0.163500,0.307200,-1.320250,0.900000
113,0,7.600000,-108.801300,226.961200,2.328700,2.561100,6.877200,2.515700,0.166700,0.306300,-1.320180,0.900000
113,0,7.700000,-108.784700,226.991500,2.328500,2.561100,6.877200,2.515700,0.165100,0.297700,-1.320260,0.900000
113,0,7.800000,-108.768300,227.020700,2.328200,2.561100,6.877200,2.515700,0.162600,0.284200,-1.320240,0.900000
113,0,7.900000,-108.752100,227.048500,2.327800,2.561100,6.877200,2.515700,0.164700,0.271100,-1.320140,0.900000
113,0,8.000000,-108.735500,227.074800,2.327300,2.561100,6.877200,2.515700,0.169600,0.255600,-1.320290,0.900000
113,0,8.100000,-108.718200,227.099500,2.326800,2.561100,6.877200,2.515700,0.175700,0.237800,-1.320180,0.900000
113,0,8.200000,-108.700200,227.122500,2.326200,2.561100,6.877200,2.515700,0.182400,0.219400,-1.318530,0.900000
113,0,8.300000,-108.681600,227.143500,2.325600,2.561100,6.877200,2.515700,0.189700,0.200200,-1.319810,0.900000
113,0,8.400000,-108.662300,227.162500,2.324900,2.561100,6.877200,2.515700,0.196500,0.178800,-1.320080,0.900000
113,0,8.500000,-108.642400,227.179200,2.324200,2.561100,6.877200,2.515700,0.202500,0.155500,-1.319790,0.900000
113,0,8.600000,-108.621800,227.193600,2.323400,2.561100,6.877200,2.515700,0.210000,0.131600,-1.319720,0.900000
113,0,8.700000,-108.600400,227.205500,2.322700,2.561100,6.877200,2.515700,0.220800,0.106500,-1.319570,0.900000
113,0,8.800000,-108.577700,227.214900,2.321900,2.561100,6.877200,2.515700,0.235700,0.082000,-1.319510,0.900000
113,0,8.900000,-108.553200,227.222000,2.321000,2.561100,6.877200,2.515700,0.252300,0.060500,-1.319560,0.900000
113,0,9.000000,-108.527300,227.227000,2.320200,2.561100,6.877200,2.515700,0.264500,0.041600,-1.319610,0.900000
113,0,9.100000,-108.500400,227.230300,2.319400,2.561100,6.877200,2.515700,0.273400,0.026800,-1.319650,0.900000
113,0,9.200000,-108.472500,227.232400,2.318600,2.561100,6.877200,2.515700,0.286600,0.018800,-1.319690,0.900000
113,0,9.300000,-108.443100,227.234000,2.317800,2.561100,6.877200,2.515700,0.302800,0.018300,-1.319740,0.900000
113,0,9.400000,-108.412000,227.236000,2.317100,2.561100,6.877200,2.515700,0.319200,0.024700,-1.319780,0.900000
113,0,9.500000,-108.379200,227.239000,2.316400,2.561100,6.877200,2.515700,0.333700,0.034000,-1.319830,0.900000
113,0,9.600000,-108.345100,227.242800,2.315800,2.561100,6.877200,2.515700,0.344100,0.042300,-1.319860,0.900000
113,0,9.700000,-108.310500,227.247400,2.315200,2.561100,6.877200,2.515700,0.347100,0.050500,-1.319880,0.900000
113,0,9.800000,-108.275800,227.252900,2.314600,2.561100,6.877200,2.515700,0.344100,0.059300,-1.319870,0.900000
113,0,9.900000,-108.241500,227.259300,2.314200,2.561100,6.877200,2.515700,0.340800,0.068800,-1.319850,0.900000
113,0,10.000000,-108.207700,227.266600,2.313700,2.561100,6.877200,2.515700,0.335400,0.077800,-1.319880,0.900000
113,0,10.100000,-108.174500,227.274900,2.313300,2.561100,6.877200,2.515700,0.327700,0.083900,-1.319900,0.900000
113,0,10.200000,-108.142000,227.283500,2.313000,2.561100,6.877200,2.515700,0.320400,0.086300,-1.319930,0.900000
113,0,10.300000,-108.110500,227.292100,2.312700,2.561100,6.877200,2.515700,0.307600,0.084800,-1.319910,0.900000
113,0,10.400000,-108.080600,227.300400,2.312400,2.561100,6.877200,2.515700,0.288400,0.077600,-1.319900,0.900000
113,0,10.500000,-108.052700,227.307600,2.312100,2.561100,6.877200,2.515700,0.265800,0.063700,-1.319890,0.900000
113,0,10.600000,-108.027300,227.313200,2.311800,2.561100,6.877200,2.515700,0.239000,0.044700,-1.319890,0.900000
113,0,10.700000,-108.005000,227.316600,2.311500,2.561100,6.877200,2.515700,0.208900,0.022000,-1.319900,0.900000
113,0,10.800000,-107.985600,227.317600,2.311200,2.561100,6.877200,2.515700,0.179500,-0.001700,-1.319920,0.900000
113,0,10.900000,-107.969000,227.316200,2.310900,2.561100,6.877200,2.515700,0.153300,-0.025500,-1.319900,0.900000
113,0,11.000000,-107.955000,227.312500,2.310600,2.561100,6.877200,2.515700,0.128500,-0.050500,-1.319860,0.900000
113,0,11.100000,-107.943400,227.306100,2.310200,2.561100,6.877200,2.515700,0.106100,-0.076900,-1.319830,0.900000
113,0,11.200000,-107.933700,227.297100,2.309800,2.561100,6.877200,2.515700,0.088700,-0.105100,-1.319750,0.900000
113,0,11.300000,-107.925700,227.285100,2.309300,2.561100,6.877200,2.515700,0.075600,-0.134200,-1.319700,0.900000
113,0,11.400000,-107.918600,227.270300,2.308800,2.561100,6.877200,2.515700,0.067300,-0.163600,-1.319660,0.900000
113,0,11.500000,-107.912200,227.252300,2.308300,2.561100,6.877200,2.515700,0.063800,-0.194400,-1.319650,0.900000
113,0,11.600000,-107.905800,227.231300,2.307600,2.561100,6.877200,2.515700,0.064100,-0.223800,-1.319630,0.900000
113,0,11.700000,-107.899400,227.207700,2.306900,2.561100,6.877200,2.515700,0.066400,-0.244900,-1.319610,0.900000
113,0,11.800000,-107.892600,227.182400,2.306100,2.561100,6.877200,2.515700,0.069700,-0.254200,-1.319580,0.900000
113,0,11.900000,-107.885400,227.156700,2.305400,2.561100,6.877200,2.515700,0.073000,-0.256000,-1.319530,0.900000
113,0,12.000000,-107.878000,227.131300,2.304600,2.561100,6.877200,2.515700,0.072000,-0.250900,-1.319490,0.900000
113,0,12.100000,-107.871000,227.106600,2.303900,2.561100,6.877200,2.515700,0.062600,-0.239200,-1.319480,0.900000
113,0,12.200000,-107.865400,227.083300,2.303300,2.561100,6.877200,2.515700,0.045000,-0.224400,-1.319460,0.900000
113,0,12.300000,-107.862000,227.061600,2.302700,2.561100,6.877200,2.515700,0.020100,-0.207600,-1.319450,0.900000
113,0,12.400000,-107.861400,227.041900,2.302300,2.561100,6.877200,2.515700,-0.009900,-0.188900,-1.319440,0.900000
113,0,12.500000,-107.864000,227.023900,2.301900,2.561100,6.877200,2.515700,-0.039400,-0.172000,-1.319440,0.900000
113,0,12.600000,-107.869300,227.007400,2.301700,2.561100,6.877200,2.515700,-0.070800,-0.162700,-1.319430,0.900000
113,0,12.700000,-107.878100,226.991400,2.301500,2.561100,6.877200,2.515700,-0.106000,-0.158700,-1.319410,0.900000
113,0,12.800000,-107.890500,226.975700,2.301400,2.561100,6.877200,2.515700,-0.142000,-0.153300,-1.319410,0.900000
113,0,12.900000,-107.906600,226.960700,2.301400,2.561100,6.877200,2.515700,-0.177400,-0.145200,-1.319400,0.900000
113,0,13.000000,-107.925900,226.946700,2.301500,2.561100,6.877200,2.515700,-0.208800,-0.134500,-1.319400,0.900000
113,0,13.100000,-107.948200,226.933800,2.301700,2.561100,6.877200,2.515700,-0.235400,-0.123200,-1.319390,0.900000
113,0,13.200000,-107.973100,226.922000,2.301900,2.561100,6.877200,2.515700,-0.258900,-0.113600,-1.319400,0.900000
113,0,13.300000,-108.000000,226.911100,2.302200,2.561100,6.877200,2.515700,-0.274200,-0.104900,-1.319410,0.900000
113,0,13.400000,-108.027900,226.901100,2.302500,2.561100,6.877200,2.515700,-0.280100,-0.096500,-1.319430,0.900000
113,0,13.500000,-108.056100,226.891800,2.302800,2.561100,6.877200,2.515700,-0.281200,-0.089500,-1.319480,0.900000
113,0,13.600000,-108.084200,226.883100,2.303100,2.561100,6.877200,2.515700,-0.277100,-0.082800,-1.319500,0.900000
113,0,13.700000,-108.111400,226.875300,2.303400,2.561100,6.877200,2.515700,-0.264300,-0.074500,-1.319480,0.900000
113,0,13.800000,-108.137000,226.868300,2.303700,2.561100,6.877200,2.515700,-0.243900,-0.065700,-1.319460,0.900000
113,0,13.900000,-108.160300,226.862100,2.304000,2.561100,6.877200,2.515700,-0.221000,-0.056600,-1.319460,0.900000
113,0,14.000000,-108.181100,226.856900,2.304200,2.561100,6.877200,2.515700,-0.195300,-0.046000,-1.319460,0.900000
113,0,14.100000,-108.199300,226.852900,2.304500,2.561100,6.877200,2.515700,-0.168300,-0.036200,-1.319460,0.900000
113,0,14.200000,-108.214900,226.849700,2.304700,2.561100,6.877200,2.515700,-0.141300,-0.031000,-1.319460,0.900000
113,0,14.300000,-108.227600,226.846700,2.304800,2.561100,6.877200,2.515700,-0.113700,-0.033000,-1.319460,0.900000
113,0,14.400000,-108.237600,226.843100,2.304900,2.561100,6.877200,2.515700,-0.085400,-0.040600,-1.319460,0.900000
113,0,14.500000,-108.244700,226.838600,2.304900,2.561100,6.877200,2.515700,-0.057300,-0.050000,-1.319460,0.900000
113,0,14.600000,-108.249100,226.833100,2.304900,2.561100,6.877200,2.515700,-0.031100,-0.061000,-1.319460,0.900000
113,0,14.700000,-108.250900,226.826400,2.304700,2.561100,6.877200,2.515700,-0.006700,-0.072700,-1.319460,0.900000
113,0,14.800000,-108.250400,226.818600,2.304500,2.561100,6.877200,2.515700,0.014600,-0.082000,-1.319470,0.900000
113,0,14.900000,-108.248000,226.810000,2.304300,2.561100,6.877200,2.515700,0.031800,-0.089700,-1.319470,0.900000
113,0,15.000000,-108.244000,226.800700,2.304000,2.561100,6.877200,2.515700,0.044700,-0.095000,-1.319470,0.900000
113,0,15.100000,-108.239000,226.791000,2.303700,2.561100,6.877200,2.515700,0.053300,-0.097500,-1.319470,0.900000
113,0,15.200000,-108.233300,226.781100,2.303300,2.561100,6.877200,2.515700,0.059000,-0.099300,-1.319470,0.900000
113,0,15.300000,-108.227200,226.771100,2.303000,2.561100,6.877200,2.515700,0.062600,-0.101200,-1.319470,0.900000
113,0,15.400000,-108.220800,226.760900,2.302600,2.561100,6.877200,2.515700,0.064600,-0.102700,-1.319480,0.900000
113,0,15.500000,-108.214300,226.750600,2.302300,2.561100,6.877200,2.515700,0.065600,-0.102800,-1.319480,0.900000
113,0,15.600000,-108.207700,226.740300,2.301900,2.561100,6.877200,2.515700,0.066000,-0.102500,-1.319480,0.900000
114,0,0.000000,8.358300,-25.722900,-0.067200,1.760600,4.030000,2.045900,0.027600,-0.010600,-1.155760,0.900000
114,0,0.100000,8.361000,-25.724000,-0.067200,1.760600,4.030000,2.045900,0.027800,-0.010500,-1.155770,0.900000
114,0,0.200000,8.363800,-25.725000,-0.067200,1.760600,4.030000,2.045900,0.028500,-0.010000,-1.155770,0.900000
114,0,0.300000,8.366700,-25.726000,-0.067300,1.760600,4.030000,2.045900,0.029600,-0.008900,-1.155760,0.900000
114,0,0.400000,8.369800,-25.726800,-0.067300,1.760600,4.030000,2.045900,0.031300,-0.007700,-1.155810,0.900000
114,0,0.500000,8.373000,-25.727500,-0.067300,1.760600,4.030000,2.045900,0.033200,-0.006200,-1.155740,0.900000
114,0,0.600000,8.376400,-25.728000,-0.067300,1.760600,4.030000,2.045900,0.035500,-0.004300,-1.155760,0.900000
114,0,0.700000,8.380100,-25.728400,-0.067400,1.760600,4.030000,2.045900,0.038400,-0.002200,-1.155730,0.900000
114,0,0.800000,8.384100,-25.728500,-0.067400,1.760600,4.030000,2.045900,0.041900,0.000100,-1.155770,0.900000
114,0,0.900000,8.388500,-25.728300,-0.067400,1.760600,4.030000,2.045900,0.045100,0.002400,-1.155760,0.900000
114,0,1.000000,8.393100,-25.728000,-0.067400,1.760600,4.030000,2.045900,0.047600,0.004700,-1.155810,0.900000
114,0,1.100000,8.398000,-25.727400,-0.067500,1.760600,4.030000,2.045900,0.049500,0.007000,-1.155850,0.900000
114,0,1.200000,8.403000,-25.726600,-0.067500,1.760600,4.030000,2.045900,0.050000,0.009000,-1.155850,0.900000
114,0,1.300000,8.408000,-25.725600,-0.067500,1.760600,4.030000,2.045900,0.049100,0.010400,-1.155870,0.900000
114,0,1.400000,8.412800,-25.724500,-0.067600,1.760600,4.030000,2.045900,0.047400,0.011300,-1.155860,0.900000
114,0,1.500000,8.417500,-25.723400,-0.067600,1.760600,4.030000,2.045900,0.045100,0.011500,-1.155940,0.900000
114,0,1.600000,8.421800,-25.722200,-0.067700,1.760600,4.030000,2.045900,0.042000,0.010900,-1.155970,0.900000
114,0,1.700000,8.425900,-25.721200,-0.067700,1.760600,4.030000,2.045900,0.038000,0.009300,-1.155970,0.900000
114,0,1.800000,8.429400,-25.720300,-0.067800,1.760600,4.030000,2.045900,0.033300,0.006900,-1.156010,0.900000
114,0,1.900000,8.432500,-25.719800,-0.067800,1.760600,4.030000,2.045900,0.028400,0.004300,-1.155950,0.900000
114,0,2.000000,8.435100,-25.719500,-0.067900,1.760600,4.030000,2.045900,0.023500,0.001600,-1.155840,0.900000
114,0,2.100000,8.437200,-25.719500,-0.067900,1.760600,4.030000,2.045900,0.018700,-0.001100,-1.155740,0.900000
114,0,2.200000,8.438900,-25.719700,-0.068000,1.760600,4.030000,2.045900,0.013400,-0.003700,-1.155660,0.900000
114,0,2.300000,8.439900,-25.720200,-0.068000,1.760600,4.030000,2.045900,0.007400,-0.006000,-1.155480,0.900000
114,0,2.400000,8.440300,-25.720900,-0.068000,1.760600,4.030000,2.045900,0.001400,-0.008000,-1.155400,0.900000
114,0,2.500000,8.440200,-25.721800,-0.068100,1.760600,4.030000,2.045900,-0.004900,-0.009900,-1.155370,0.900000
114,0,2.600000,8.439400,-25.722900,-0.068100,1.760600,4.030000,2.045900,-0.011600,-0.011300,-1.155300,0.900000
114,0,2.700000,8.437900,-25.724100,-0.068100,1.760600,4.030000,2.045900,-0.018100,-0.011600,-1.155320,0.900000
114,0,2.800000,8.435700,-25.725200,-0.068100,1.760600,4.030000,2.045900,-0.024200,-0.010900,-1.155330,0.900000
114,0,2.900000,8.433000,-25.726200,-0.068100,1.760600,4.030000,2.045900,-0.029700,-0.009200,-1.155370,0.900000
114,0,3.000000,8.429800,-25.727000,-0.068100,1.760600,4.030000,2.045900,-0.034600,-0.006600,-1.155370,0.900000
114,0,3.100000,8.426100,-25.727600,-0.068000,1.760600,4.030000,2.045900,-0.039100,-0.003600,-1.155400,0.900000
114,0,3.200000,8.422000,-25.727800,-0.068000,1.760600,4.030000,2.045900,-0.042700,-0.000500,-1.155390,0.900000
114,0,3.300000,8.417600,-25.727700,-0.067900,1.760600,4.030000,2.045900,-0.044800,0.001900,-1.155340,0.900000
114,0,3.400000,8.413000,-25.727400,-0.067900,1.760600,4.030000,2.045900,-0.046100,0.003500,-1.155370,0.900000
114,0,3.500000,8.408400,-25.727000,-0.067800,1.760600,4.030000,2.045900,-0.045700,0.003600,-1.155360,0.900000
114,0,3.600000,8.403900,-25.726600,-0.067800,1.760600,4.030000,2.045900,-0.043400,0.002500,-1.155320,0.900000
114,0,3.700000,8.399700,-25.726500,-0.067800,1.760600,4.030000,2.045900,-0.040100,0.000600,-1.155260,0.900000
114,0,3.800000,8.395800,-25.726500,-0.067700,1.760600,4.030000,2.045900,-0.036800,-0.001800,-1.155210,0.900000
114,0,3.900000,8.392300,-25.726800,-0.067700,1.760600,4.030000,2.045900,-0.033200,-0.004900,-1.155190,0.900000
114,0,4.000000,8.389200,-25.727500,-0.067800,1.760600,4.030000,2.045900,-0.028200,-0.008900,-1.155160,0.900000
114,0,4.100000,8.386700,-25.728600,-0.067800,1.760600,4.030000,2.045900,-0.021400,-0.013900,-1.155170,0.900000
114,0,4.200000,8.384900,-25.730300,-0.067900,1.760600,4.030000,2.045900,-0.012200,-0.020200,-1.155220,0.900000
114,0,4.300000,8.384200,-25.732700,-0.067900,1.760600,4.030000,2.045900,-0.001300,-0.027900,-1.155240,0.900000
114,0,4.400000,8.384700,-25.735900,-0.068100,1.760600,4.030000,2.045900,0.009100,-0.035100,-1.155270,0.900000
114,0,4.500000,8.386000,-25.739700,-0.068200,1.760600,4.030000,2.045900,0.017900,-0.039800,-1.155290,0.900000
114,0,4.600000,8.388200,-25.743800,-0.068400,1.760600,4.030000,2.045900,0.024700,-0.042300,-1.155300,0.900000
114,0,4.700000,8.391000,-25.748100,-0.068500,1.760600,4.030000,2.045900,0.029600,-0.043300,-1.155290,0.900000
114,0,4.800000,8.394200,-25.752500,-0.068700,1.760600,4.030000,2.045900,0.034000,-0.043000,-1.155300,0.900000
114,0,4.900000,8.397800,-25.756700,-0.068900,1.760600,4.030000,2.045900,0.038500,-0.041800,-1.155290,0.900000
114,0,5.000000,8.401800,-25.760800,-0.069100,1.760600,4.030000,2.045900,0.042500,-0.040300,-1.155300,0.900000
114,0,5.100000,8.406300,-25.764800,-0.069300,1.760600,4.030000,2.045900,0.046500,-0.039000,-1.155290,0.900000
114,0,5.200000,8.411100,-25.768600,-0.069500,1.760600,4.030000,2.045900,0.050200,-0.037700,-1.155290,0.900000
114,0,5.300000,8.416300,-25.772300,-0.069700,1.760600,4.030000,2.045900,0.053200,-0.036900,-1.155270,0.900000
114,0,5.400000,8.421800,-25.776000,-0.070000,1.760600,4.030000,2.045900,0.054500,-0.036900,-1.155230,0.900000
114,0,5.503000,8.427400,-25.779800,-0.070200,1.760600,4.030000,2.045900,0.057200,-0.038800,-1.155200,0.900000
114,0,5.600000,8.433200,-25.783800,-0.070500,1.760600,4.030000,2.045900,0.060300,-0.040900,-1.155150,0.900000
114,0,5.700000,8.439300,-25.787900,-0.070800,1.760600,4.030000,2.045900,0.061400,-0.041900,-1.155130,0.900000
114,0,5.800000,8.445500,-25.792200,-0.071100,1.760600,4.030000,2.045900,0.063800,-0.043300,-1.155150,0.900000
114,0,5.900000,8.452000,-25.796600,-0.071400,1.760600,4.030000,2.045900,0.066300,-0.043500,-1.155140,0.900000
114,0,6.000000,8.458800,-25.800900,-0.071700,1.760600,4.030000,2.045900,0.069400,-0.042200,-1.155140,0.900000
114,0,6.100000,8.465900,-25.805000,-0.072000,1.760600,4.030000,2.045900,0.073600,-0.039700,-1.155200,0.900000
114,0,6.200000,8.473500,-25.808800,-0.072300,1.760600,4.030000,2.045900,0.078900,-0.035900,-1.155390,0.900000
114,0,6.300000,8.481700,-25.812200,-0.072600,1.760600,4.030000,2.045900,0.084800,-0.030700,-1.155470,0.900000
114,0,6.400000,8.490400,-25.815000,-0.072900,1.760600,4.030000,2.045900,0.091200,-0.024100,-1.155300,0.900000
114,0,6.500000,8.499900,-25.817000,-0.073200,1.760600,4.030000,2.045900,0.097000,-0.016600,-1.155320,0.900000
114,0,6.603000,8.510200,-25.818300,-0.073500,1.760600,4.030000,2.045900,0.105900,-0.009300,-1.155360,0.900000
114,0,6.700000,8.521100,-25.818900,-0.073800,1.760600,4.030000,2.045900,0.114600,-0.001600,-1.155410,0.900000
114,0,6.800000,8.532700,-25.818600,-0.074000,1.760600,4.030000,2.045900,0.119900,0.006500,-1.155420,0.900000
114,0,6.900000,8.545000,-25.817600,-0.074200,1.760600,4.030000,2.045900,0.124800,0.014000,-1.155470,0.900000
114,0,7.000000,8.557700,-25.815900,-0.074400,1.760600,4.030000,2.045900,0.125900,0.020100,-1.155440,0.900000
114,0,7.100000,8.570300,-25.813600,-0.074600,1.760600,4.030000,2.045900,0.124000,0.024900,-1.155450,0.900000
114,0,7.200000,8.582500,-25.810900,-0.074700,1.760600,4.030000,2.045900,0.119200,0.028300,-1.155540,0.900000
114,0,7.300000,8.594100,-25.807900,-0.074800,1.760600,4.030000,2.045900,0.111900,0.030600,-1.155520,0.900000
114,0,7.400000,8.604900,-25.804800,-0.074900,1.760600,4.030000,2.045900,0.103200,0.032100,-1.155540,0.900000
114,0,7.500000,8.614800,-25.801500,-0.074900,1.760600,4.030000,2.045900,0.094300,0.033100,-1.155560,0.900000
114,0,7.600000,8.623800,-25.798100,-0.075000,1.760600,4.030000,2.045900,0.085100,0.033400,-1.156000,0.900000
114,0,7.700000,8.631800,-25.794800,-0.075000,1.760600,4.030000,2.045900,0.074900,0.032900,-1.156230,0.900000
114,0,7.800000,8.638700,-25.791600,-0.075000,1.760600,4.030000,2.045900,0.063800,0.031600,-1.155940,0.900000
114,0,7.900000,8.644600,-25.788500,-0.074900,1.760600,4.030000,2.045900,0.052500,0.029900,-1.155580,0.900000
114,0,8.000000,8.649200,-25.785600,-0.074900,1.760600,4.030000,2.045900,0.040900,0.027700,-1.154850,0.900000
114,0,8.100000,8.652700,-25.782900,-0.074800,1.760600,4.030000,2.045900,0.029600,0.025500,-1.154050,0.900000
114,0,8.200000,8.655100,-25.780500,-0.074700,1.760600,4.030000,2.045900,0.019000,0.023500,-1.154290,0.900000
114,0,8.300000,8.656500,-25.778200,-0.074600,1.760600,4.030000,2.045900,0.008800,0.021600,-1.155220,0.900000
114,0,8.400000,8.656900,-25.776200,-0.074500,1.760600,4.030000,2.045900,-0.001000,0.019800,-1.157060,0.900000
114,0,8.500000,8.656300,-25.774300,-0.074400,1.760600,4.030000,2.045900,-0.010400,0.018000,-1.157280,0.900000
114,0,8.600000,8.654800,-25.772600,-0.074300,1.760600,4.030000,2.045900,-0.019400,0.016300,-1.157940,0.900000
114,0,8.700000,8.652400,-25.771000,-0.074200,1.760600,4.030000,2.045900,-0.028000,0.014700,-1.158750,0.900000
114,0,8.800000,8.649200,-25.769600,-0.074000,1.760600,4.030000,2.045900,-0.036100,0.013100,-1.159490,0.900000
114,0,8.900000,8.645200,-25.768400,-0.073900,1.760600,4.030000,2.045900,-0.044100,0.011700,-1.160180,0.900000
114,0,9.000000,8.640400,-25.767300,-0.073700,1.760600,4.030000,2.045900,-0.051600,0.010300,-1.161110,0.900000
114,0,9.100000,8.634900,-25.766300,-0.073500,1.760600,4.030000,2.045900,-0.058600,0.008900,-1.161900,0.900000
114,0,9.200000,8.628700,-25.765500,-0.073300,1.760600,4.030000,2.045900,-0.065600,0.007600,-1.162300,0.900000
114,0,9.300000,8.621800,-25.764800,-0.073100,1.760600,4.030000,2.045900,-0.072100,0.006400,-1.162560,0.900000
114,0,9.400000,8.614300,-25.764200,-0.072900,1.760600,4.030000,2.045900,-0.078100,0.005200,-1.162870,0.900000
114,0,9.500000,8.606200,-25.763800,-0.072700,1.760600,4.030000,2.045900,-0.084000,0.004100,-1.163020,0.900000
114,0,9.600000,8.597400,-25.763400,-0.072500,1.760600,4.030000,2.045900,-0.089900,0.003100,-1.162990,0.900000
114,0,9.700000,8.588200,-25.763100,-0.072300,1.760600,4.030000,2.045900,-0.095300,0.002100,-1.162760,0.900000
114,0,9.800000,8.578400,-25.763000,-0.072100,1.760600,4.030000,2.045900,-0.100100,0.001100,-1.162530,0.900000
114,0,9.900000,8.568100,-25.762900,-0.071800,1.760600,4.030000,2.045900,-0.105200,0.000200,-1.162340,0.900000
114,0,10.000000,8.557400,-25.762900,-0.071600,1.760600,4.030000,2.045900,-0.109800,-0.000600,-1.162230,0.900000
114,0,10.100000,8.546200,-25.763000,-0.071300,1.760600,4.030000,2.045900,-0.113700,-0.001500,-1.162080,0.900000
114,0,10.200000,8.534600,-25.763200,-0.071100,1.760600,4.030000,2.045900,-0.118200,-0.002200,-1.161860,0.900000
114,0,10.300000,8.522600,-25.763500,-0.070800,1.760600,4.030000,2.045900,-0.122000,-0.003000,-1.161610,0.900000
114,0,10.400000,8.510200,-25.763800,-0.070600,1.760600,4.030000,2.045900,-0.125200,-0.003600,-1.161340,0.900000
114,0,10.500000,8.497500,-25.764200,-0.070300,1.760600,4.030000,2.045900,-0.128600,-0.004300,-1.160930,0.900000
114,0,10.600000,8.484500,-25.764700,-0.070000,1.760600,4.030000,2.045900,-0.132100,-0.004900,-1.160560,0.900000
114,0,10.700000,8.471100,-25.765200,-0.069800,1.760600,4.030000,2.045900,-0.135100,-0.005400,-1.160270,0.900000
114,0,10.800000,8.457500,-25.765800,-0.069500,1.760600,4.030000,2.045900,-0.137400,-0.005900,-1.159910,0.900000
114,0,10.900000,8.443600,-25.766400,-0.069200,1.760600,4.030000,2.045900,-0.140400,-0.006400,-1.159330,0.900000
114,0,11.000000,8.429500,-25.767000,-0.068900,1.760600,4.030000,2.045900,-0.142700,-0.006800,-1.158920,0.900000
114,0,11.100000,8.415100,-25.767700,-0.068600,1.760600,4.030000,2.045900,-0.144300,-0.007200,-1.158620,0.900000
114,0,11.200000,8.400500,-25.768500,-0.068300,1.760600,4.030000,2.045900,-0.146700,-0.007600,-1.158090,0.900000
114,0,11.300000,8.385800,-25.769300,-0.068100,1.760600,4.030000,2.045900,-0.148500,-0.007900,-1.157630,0.900000
114,0,11.400000,8.370900,-25.770100,-0.067800,1.760600,4.030000,2.045900,-0.149500,-0.008200,-1.157200,0.900000
114,0,11.500000,8.355800,-25.770900,-0.067500,1.760600,4.030000,2.045900,-0.150900,-0.008500,-1.156760,0.900000
114,0,11.600000,8.340600,-25.771800,-0.067200,1.760600,4.030000,2.045900,-0.152600,-0.008700,-1.156300,0.900000
114,0,11.700000,8.325400,-25.772600,-0.066900,1.760600,4.030000,2.045900,-0.153600,-0.008900,-1.156060,0.900000
114,0,11.800000,8.310000,-25.773500,-0.066600,1.760600,4.030000,2.045900,-0.153900,-0.009000,-1.155740,0.900000
114,0,11.900000,8.294500,-25.774400,-0.066300,1.760600,4.030000,2.045900,-0.155000,-0.009200,-1.155330,0.900000
114,0,12.000000,8.279000,-25.775400,-0.066000,1.760600,4.030000,2.045900,-0.155400,-0.009200,-1.155160,0.900000
114,0,12.100000,8.263500,-25.776300,-0.065700,1.760600,4.030000,2.045900,-0.155200,-0.009300,-1.155050,0.900000
114,0,12.200000,8.247900,-25.777200,-0.065400,1.760600,4.030000,2.045900,-0.155300,-0.009300,-1.154960,0.900000
115,0,0.000000,5.345200,-19.976700,-0.183100,1.740000,4.030000,1.448900,0.023600,-0.140600,-1.148620,0.900000
115,0,0.100000,5.347600,-19.990800,-0.183400,1.740000,4.030000,1.448900,0.024300,-0.140600,-1.148640,0.900000
115,0,0.200000,5.350100,-20.004700,-0.183700,1.740000,4.030000,1.448900,0.025900,-0.139200,-1.148640,0.900000
115,0,0.300000,5.352800,-20.018600,-0.184000,1.740000,4.030000,1.448900,0.027900,-0.136500,-1.148630,0.900000
115,0,0.400000,5.355700,-20.032100,-0.184300,1.740000,4.030000,1.448900,0.030100,-0.133700,-1.148670,0.900000
115,0,0.500000,5.358800,-20.045300,-0.184600,1.740000,4.030000,1.448900,0.031800,-0.129200,-1.148610,0.900000
115,0,0.600000,5.362000,-20.057900,-0.184800,1.740000,4.030000,1.448900,0.032900,-0.122800,-1.148620,0.900000
115,0,0.700000,5.365300,-20.069900,-0.185100,1.740000,4.030000,1.448900,0.033200,-0.115300,-1.148600,0.900000
115,0,0.800000,5.368700,-20.081000,-0.185400,1.740000,4.030000,1.448900,0.032600,-0.106500,-1.148640,0.900000
115,0,0.900000,5.371900,-20.091100,-0.185600,1.740000,4.030000,1.448900,0.030700,-0.095300,-1.148630,0.900000
115,0,1.000000,5.374800,-20.100100,-0.185800,1.740000,4.030000,1.448900,0.027500,-0.081800,-1.148670,0.900000
115,0,1.100000,5.377400,-20.107500,-0.186000,1.740000,4.030000,1.448900,0.023000,-0.066500,-1.148710,0.900000
115,0,1.200000,5.379400,-20.113300,-0.186100,1.740000,4.030000,1.448900,0.017200,-0.048800,-1.148720,0.900000
115,0,1.300000,5.380800,-20.117300,-0.186200,1.740000,4.030000,1.448900,0.010100,-0.029000,-1.148740,0.900000
115,0,1.400000,5.381400,-20.119200,-0.186200,1.740000,4.030000,1.448900,0.001900,-0.007800,-1.148730,0.900000
115,0,1.500000,5.381200,-20.118800,-0.186200,1.740000,4.030000,1.448900,-0.007300,0.014900,-1.148800,0.900000
115,0,1.600000,5.380000,-20.116200,-0.186200,1.740000,4.030000,1.448900,-0.016800,0.038500,-1.148830,0.900000
115,0,1.700000,5.377800,-20.111100,-0.186000,1.740000,4.030000,1.448900,-0.026200,0.062300,-1.148840,0.900000
115,0,1.800000,5.374700,-20.103700,-0.185800,1.740000,4.030000,1.448900,-0.035100,0.085300,-1.148870,0.900000
115,0,1.900000,5.370800,-20.094100,-0.185600,1.740000,4.030000,1.448900,-0.042800,0.105100,-1.148660,0.900000
115,0,2.000000,5.366200,-20.082700,-0.185300,1.740000,4.030000,1.448900,-0.048900,0.120700,-1.148460,0.900000
115,0,2.100000,5.361000,-20.069900,-0.185000,1.740000,4.030000,1.448900,-0.053900,0.133500,-1.148600,0.900000
115,0,2.200000,5.355400,-20.056000,-0.184700,1.740000,4.030000,1.448900,-0.056700,0.141100,-1.148520,0.900000
115,0,2.300000,5.349700,-20.041700,-0.184300,1.740000,4.030000,1.448900,-0.057500,0.144300,-1.148370,0.900000
115,0,2.400000,5.343900,-20.027100,-0.184000,1.740000,4.030000,1.448900,-0.057900,0.145500,-1.148270,0.900000
115,0,2.500000,5.340827,-20.008348,-0.188569,1.740000,4.030000,1.570700,-0.037534,0.145617,-1.146298,0.900000
115,0,2.600000,5.336393,-19.997977,-0.193138,1.740000,4.030000,1.570700,-0.039804,0.089233,-1.146485,0.900000
115,0,2.700000,5.332866,-19.990501,-0.197707,1.740000,4.030000,1.570700,-0.030395,0.059966,-1.146783,0.900000
115,0,2.800000,5.330314,-19.985983,-0.202276,1.740000,4.030000,1.570700,-0.020493,0.030133,-1.146993,0.900000
115,0,2.900000,5.328768,-19.984474,-0.206845,1.740000,4.030000,1.570700,-0.010266,-0.000229,-1.147114,0.900000
115,0,3.000000,5.328261,-19.986029,-0.211414,1.740000,4.030000,1.570700,0.000288,-0.031134,-1.147162,0.900000
115,0,3.100000,5.328825,-19.990701,-0.215983,1.740000,4.030000,1.570700,0.011182,-0.062643,-1.147125,0.900000
115,0,3.200000,5.330497,-19.998558,-0.220552,1.740000,4.030000,1.570700,0.022396,-0.094654,-1.146886,0.900000
115,0,3.300000,5.333305,-20.009632,-0.225121,1.740000,4.030000,1.570700,0.033910,-0.127104,-1.146646,0.900000
115,0,3.400000,5.337279,-20.023979,-0.229690,1.740000,4.030000,1.570700,0.045747,-0.160095,-1.146407,0.900000
115,0,3.500000,5.342454,-20.041651,-0.234260,1.740000,4.030000,1.570700,0.057917,-0.193635,-1.146169,0.900000
115,0,3.600000,5.348863,-20.062706,-0.238829,1.740000,4.030000,1.570700,0.070422,-0.227724,-1.145930,0.900000
115,0,3.700000,5.356538,-20.087196,-0.243398,1.740000,4.030000,1.570700,0.083256,-0.262361,-1.145690,0.900000
115,0,3.800000,5.365514,-20.115178,-0.247967,1.740000,4.030000,1.570700,0.096412,-0.297540,-1.145451,0.900000
115,0,3.900000,5.375821,-20.146704,-0.252536,1.740000,4.030000,1.570700,0.109891,-0.333251,-1.145211,0.900000
115,0,4.000000,5.387492,-20.181828,-0.257105,1.740000,4.030000,1.570700,0.123693,-0.369491,-1.144971,0.900000
115,0,4.100000,5.400559,-20.220602,-0.261674,1.740000,4.030000,1.570700,0.137821,-0.406264,-1.144731,0.900000
115,0,4.200000,5.415056,-20.263081,-0.266243,1.740000,4.030000,1.570700,0.152281,-0.443588,-1.144492,0.900000
115,0,4.300000,5.431016,-20.309320,-0.270812,1.740000,4.030000,1.570700,0.167069,-0.481453,-1.144252,0.900000
115,0,4.400000,5.448470,-20.359371,-0.275381,1.740000,4.030000,1.570700,0.182203,-0.519834,-1.144012,0.900000
115,0,4.500000,5.467456,-20.413286,-0.279950,1.740000,4.030000,1.570700,0.197666,-0.558767,-1.143774,0.900000
115,0,4.600000,5.488003,-20.471125,-0.284519,1.740000,4.030000,1.570700,0.213439,-0.598261,-1.143536,0.900000
115,0,4.700000,5.510144,-20.532939,-0.289088,1.740000,4.030000,1.570700,0.229539,-0.638298,-1.143297,0.900000
115,0,4.800000,5.533911,-20.598784,-0.293657,1.740000,4.030000,1.570700,0.245965,-0.678871,-1.143059,0.900000
115,0,4.900000,5.559337,-20.668713,-0.298226,1.740000,4.030000,1.570700,0.262710,-0.719992,-1.142821,0.900000
115,0,5.000000,5.586453,-20.742783,-0.302795,1.740000,4.030000,1.570700,0.279784,-0.761663,-1.142582,0.900000
115,0,5.100000,5.615294,-20.821046,-0.307364,1.740000,4.030000,1.570700,0.297191,-0.803865,-1.142343,0.900000
115,0,5.200000,5.645891,-20.903556,-0.311933,1.740000,4.030000,1.570700,0.314921,-0.846598,-1.142105,0.900000
115,0,5.300000,5.678278,-20.990365,-0.316502,1.740000,4.030000,1.570700,0.332981,-0.889870,-1.141867,0.900000
115,0,5.400000,5.712488,-21.081530,-0.321071,1.740000,4.030000,1.570700,0.351668,-0.934353,-1.141629,0.900000
115,0,5.503000,5.749666,-21.180039,-0.325778,1.740000,4.030000,1.570700,0.370119,-0.978054,-1.141382,0.900000
115,0,5.600000,5.786511,-21.277140,-0.330210,1.740000,4.030000,1.570700,0.389450,-1.023640,-1.141149,0.900000
115,0,5.700000,5.826388,-21.381696,-0.334779,1.740000,4.030000,1.570700,0.408538,-1.068424,-1.140909,0.900000
115,0,5.800000,5.868219,-21.490825,-0.339348,1.740000,4.030000,1.570700,0.428236,-1.114415,-1.140669,0.900000
115,0,5.900000,5.912035,-21.604579,-0.343917,1.740000,4.030000,1.570700,0.448267,-1.160948,-1.140429,0.900000
115,0,6.000000,5.957872,-21.723015,-0.348486,1.740000,4.030000,1.570700,0.468637,-1.208026,-1.140189,0.900000
115,0,6.100000,6.005763,-21.846184,-0.353055,1.740000,4.030000,1.570700,0.489347,-1.255645,-1.139948,0.900000
115,0,6.200000,6.055742,-21.974144,-0.357624,1.740000,4.030000,1.570700,0.510372,-1.303800,-1.139706,0.900000
115,0,6.300000,6.107837,-22.106944,-0.362193,1.740000,4.030000,1.570700,0.531707,-1.352490,-1.139465,0.900000
115,0,6.400000,6.162083,-22.244642,-0.366762,1.740000,4.030000,1.570700,0.553375,-1.401732,-1.139224,0.900000
115,0,6.500000,6.218512,-22.387290,-0.371331,1.740000,4.030000,1.570700,0.575704,-1.452288,-1.138982,0.900000
115,0,6.603000,6.278951,-22.539456,-0.376037,1.740000,4.030000,1.570700,0.597696,-1.501886,-1.138733,0.900000
115,0,6.700000,6.338051,-22.687668,-0.380469,1.740000,4.030000,1.570700,0.620684,-1.553520,-1.138497,0.900000
115,0,6.800000,6.401226,-22.845500,-0.385038,1.740000,4.030000,1.570700,0.643313,-1.604150,-1.138253,0.900000
115,0,6.900000,6.466714,-23.008498,-0.389607,1.740000,4.030000,1.570700,0.666617,-1.656102,-1.138009,0.900000
115,0,7.000000,6.534549,-23.176720,-0.394176,1.740000,4.030000,1.570700,0.690249,-1.708596,-1.137766,0.900000
115,0,7.100000,6.604764,-23.350217,-0.398745,1.740000,4.030000,1.570700,0.714207,-1.761633,-1.137522,0.900000
115,0,7.200000,6.677390,-23.529047,-0.403314,1.740000,4.030000,1.570700,0.738490,-1.815226,-1.137277,0.900000
115,0,7.300000,6.752462,-23.713262,-0.407883,1.740000,4.030000,1.570700,0.763094,-1.869362,-1.137033,0.900000
115,0,7.400000,6.830009,-23.902919,-0.412452,1.740000,4.030000,1.570700,0.788023,-1.924047,-1.136789,0.900000
115,0,7.500000,6.910066,-24.098072,-0.417021,1.740000,4.030000,1.570700,0.813281,-1.979264,-1.136544,0.900000
115,0,7.600000,6.992665,-24.298772,-0.421590,1.740000,4.030000,1.570700,0.838868,-2.035004,-1.136300,0.900000
115,0,7.700000,7.077840,-24.505072,-0.426160,1.740000,4.030000,1.570700,0.864786,-2.091302,-1.136055,0.900000
115,0,7.800000,7.165623,-24.717032,-0.430729,1.740000,4.030000,1.570700,0.891032,-2.148179,-1.135811,0.900000
115,0,7.900000,7.256046,-24.934708,-0.435298,1.740000,4.030000,1.570700,0.917611,-2.205576,-1.135567,0.900000
115,0,8.000000,7.349145,-25.158148,-0.439867,1.740000,4.030000,1.570700,0.944517,-2.263469,-1.135323,0.900000
115,0,8.100000,7.444949,-25.387402,-0.444436,1.740000,4.030000,1.570700,0.971742,-2.321912,-1.135079,0.900000
115,0,8.200000,7.543493,-25.622530,-0.449005,1.740000,4.030000,1.570700,0.999294,-2.380903,-1.134835,0.900000
115,0,8.300000,7.644808,-25.863583,-0.453574,1.740000,4.030000,1.570700,1.027175,-2.440444,-1.134592,0.900000
115,0,8.400000,7.748928,-26.110619,-0.458143,1.740000,4.030000,1.570700,1.055385,-2.500529,-1.134348,0.900000
115,0,8.500000,7.855885,-26.363688,-0.462712,1.740000,4.030000,1.570700,1.083918,-2.561149,-1.134105,0.900000
115,0,8.600000,7.965712,-26.622848,-0.467281,1.740000,4.030000,1.570700,1.112783,-2.622320,-1.133861,0.900000
115,0,8.700000,8.078442,-26.888153,-0.471850,1.740000,4.030000,1.570700,1.141971,-2.684025,-1.133617,0.900000
115,0,8.800000,8.194106,-27.159653,-0.476419,1.740000,4.030000,1.570700,1.171487,-2.746278,-1.133374,0.900000
115,0,8.900000,8.312739,-27.437408,-0.480988,1.740000,4.030000,1.570700,1.201327,-2.809062,-1.133129,0.900000
115,0,9.000000,8.434372,-27.721466,-0.485557,1.740000,4.030000,1.570700,1.231499,-2.872395,-1.132885,0.900000
115,0,9.100000,8.559039,-28.011887,-0.490126,1.740000,4.030000,1.570700,1.262002,-2.936282,-1.132640,0.900000
115,0,9.200000,8.686772,-28.308722,-0.494695,1.740000,4.030000,1.570700,1.292821,-3.000680,-1.132396,0.900000
115,0,9.300000,8.817603,-28.612023,-0.499264,1.740000,4.030000,1.570700,1.323972,-3.065635,-1.132152,0.900000
115,0,9.400000,8.951566,-28.921849,-0.503833,1.740000,4.030000,1.570700,1.355456,-3.131143,-1.131907,0.900000
115,0,9.500000,9.088694,-29.238252,-0.508402,1.740000,4.030000,1.570700,1.387263,-3.197183,-1.131663,0.900000
115,0,9.600000,9.229019,-29.561286,-0.512971,1.740000,4.030000,1.570700,1.419404,-3.263782,-1.131419,0.900000
115,0,9.700000,9.372575,-29.891008,-0.517540,1.740000,4.030000,1.570700,1.451868,-3.330909,-1.131174,0.900000
115,0,9.800000,9.519393,-30.227467,-0.522110,1.740000,4.030000,1.570700,1.484654,-3.398567,-1.130930,0.900000
115,0,9.900000,9.669506,-30.570721,-0.526679,1.740000,4.030000,1.570700,1.517778,-3.466797,-1.130685,0.900000
115,0,10.000000,9.822948,-30.920827,-0.531248,1.740000,4.030000,1.570700,1.551222,-3.535556,-1.130440,0.900000
115,0,10.100000,9.979750,-31.277833,-0.535817,1.740000,4.030000,1.570700,1.584979,-3.604821,-1.130195,0.900000
115,0,10.200000,10.139944,-31.641791,-0.540386,1.740000,4.030000,1.570700,1.619063,-3.674674,-1.129950,0.900000
115,0,10.300000,10.303563,-32.012767,-0.544955,1.740000,4.030000,1.570700,1.653064,-3.746002,-1.129703,0.900000
115,0,10.400000,10.470557,-32.390991,-0.549524,1.740000,4.030000,1.570700,1.687294,-3.818063,-1.129383,0.900000
115,0,10.500000,10.641022,-32.776380,-0.554093,1.740000,4.030000,1.570700,1.722129,-3.890036,-1.129044,0.900000
115,0,10.600000,10.814983,-33.168999,-0.558662,1.740000,4.030000,1.570700,1.757342,-3.962472,-1.128682,0.900000
115,0,10.700000,10.992490,-33.568874,-0.563231,1.740000,4.030000,1.570700,1.787587,-4.057507,-1.128309,0.900000
115,0,10.800000,11.172500,-33.980500,-0.567800,1.740000,4.030000,1.692500,1.830500,-4.104900,-1.127870,0.900000
115,0,10.900000,11.355900,-34.391800,-0.583200,1.740000,4.030000,1.692500,1.837100,-4.120500,-1.127870,0.900000
115,0,11.000000,11.539400,-34.803500,-0.598600,1.740000,4.030000,1.692500,1.838300,-4.125500,-1.127870,0.900000
115,0,11.100000,11.723100,-35.215800,-0.614100,1.740000,4.030000,1.692500,1.833400,-4.117900,-1.127870,0.900000
115,0,11.200000,11.906800,-35.628700,-0.629600,1.740000,4.030000,1.692500,1.840100,-4.137100,-1.127870,0.900000
115,0,11.300000,12.090600,-36.042000,-0.645100,1.740000,4.030000,1.692500,1.840100,-4.140600,-1.127870,0.900000
115,0,11.400000,12.274400,-36.455700,-0.660700,1.740000,4.030000,1.692500,1.832500,-4.127600,-1.127870,0.900000
115,0,11.500000,12.457800,-36.869200,-0.676300,1.740000,4.030000,1.692500,1.828700,-4.124700,-1.127870,0.900000
115,0,11.600000,12.640800,-37.282200,-0.692000,1.740000,4.030000,1.692500,1.829300,-4.131100,-1.127870,0.900000
115,0,11.700000,12.823200,-37.694300,-0.707600,1.740000,4.030000,1.692500,1.822100,-4.119600,-1.127690,0.900000
115,0,11.800000,13.004700,-38.105000,-0.723300,1.740000,4.030000,1.692500,1.807200,-4.090400,-1.127630,0.900000
115,0,11.900000,13.185300,-38.514000,-0.738900,1.740000,4.030000,1.692500,1.802500,-4.084000,-1.127870,0.900000
115,0,12.000000,13.364800,-38.920700,-0.754500,1.740000,4.030000,1.692500,1.790100,-4.059600,-1.127870,0.900000
115,0,12.100000,13.542900,-39.324800,-0.770000,1.740000,4.030000,1.692500,1.770000,-4.017600,-1.127710,0.900000
115,0,12.200000,13.719500,-39.725800,-0.785400,1.740000,4.030000,1.692500,1.754100,-3.984600,-1.127870,0.900000
115,0,12.300000,13.894400,-40.123300,-0.800700,1.740000,4.030000,1.692500,1.741700,-3.961200,-1.127870,0.900000
115,0,12.400000,14.067300,-40.517000,-0.815900,1.740000,4.030000,1.692500,1.721600,-3.922700,-1.127870,0.900000
115,0,12.500000,14.238200,-40.906800,-0.831000,1.740000,4.030000,1.692500,1.694900,-3.871500,-1.127870,0.900000
115,0,12.600000,14.407000,-41.292800,-0.845900,1.740000,4.030000,1.692500,1.679400,-3.848500,-1.127870,0.900000
115,0,12.700000,14.573700,-41.675500,-0.860800,1.740000,4.030000,1.692500,1.659400,-3.816200,-1.127870,0.900000
115,0,12.800000,14.738400,-42.055100,-0.875500,1.740000,4.030000,1.692500,1.636400,-3.775500,-1.127870,0.900000
115,0,12.900000,14.901600,-42.432100,-0.890200,1.740000,4.030000,1.692500,1.628400,-3.764700,-1.127870,0.900000
115,0,13.000000,15.063700,-42.807000,-0.904800,1.740000,4.030000,1.692500,1.619000,-3.747400,-1.127870,0.900000
115,0,13.100000,15.225000,-43.180500,-0.919400,1.740000,4.030000,1.692500,1.607900,-3.724700,-1.127870,0.900000
115,0,13.200000,15.385900,-43.553400,-0.933900,1.740000,4.030000,1.692500,1.606000,-3.721300,-1.127870,0.900000
116,0,4.900000,11.281700,-38.758600,-0.868300,1.740000,4.030000,1.410000,0.135100,-0.082600,-1.110380,0.900000
116,0,5.000000,11.295200,-38.766900,-0.868700,1.740000,4.030000,1.410000,0.135400,-0.083100,-1.110380,0.900000
116,0,5.100000,11.308800,-38.775200,-0.869200,1.740000,4.030000,1.410000,0.136700,-0.085000,-1.110380,0.900000
116,0,5.200000,11.322500,-38.783800,-0.869700,1.740000,4.030000,1.410000,0.138200,-0.087500,-1.111600,0.900000
116,0,5.300000,11.336400,-38.792700,-0.870200,1.740000,4.030000,1.410000,0.139800,-0.090800,-1.111820,0.900000
116,0,5.400000,11.350500,-38.802000,-0.870700,1.740000,4.030000,1.410000,0.140400,-0.094100,-1.110320,0.900000
116,0,5.503000,11.365000,-38.811800,-0.871200,1.740000,4.030000,1.410000,0.146200,-0.101400,-1.110290,0.900000
116,0,5.600000,11.379700,-38.822300,-0.871800,1.740000,4.030000,1.410000,0.152200,-0.109700,-1.110250,0.900000
116,0,5.700000,11.394900,-38.833400,-0.872300,1.740000,4.030000,1.410000,0.153900,-0.115500,-1.110230,0.900000
116,0,5.800000,11.410600,-38.845400,-0.873000,1.740000,4.030000,1.410000,0.159500,-0.124700,-1.110240,0.900000
116,0,5.900000,11.426800,-38.858300,-0.873600,1.740000,4.030000,1.410000,0.165200,-0.134700,-1.110240,0.900000
116,0,6.000000,11.443600,-38.872300,-0.874400,1.740000,4.030000,1.410000,0.171000,-0.145200,-1.110240,0.900000
116,0,6.100000,11.461100,-38.887400,-0.875100,1.740000,4.030000,1.410000,0.177900,-0.157300,-1.110290,0.900000
116,0,6.200000,11.479200,-38.903800,-0.876000,1.740000,4.030000,1.410000,0.186100,-0.171100,-1.110300,0.900000
116,0,6.300000,11.498200,-38.921600,-0.876800,1.740000,4.030000,1.410000,0.194400,-0.185600,-1.110340,0.900000
116,0,6.400000,11.518100,-38.940900,-0.877800,1.740000,4.030000,1.410000,0.202700,-0.200600,-1.110380,0.900000
116,0,6.500000,11.538900,-38.961800,-0.878800,1.740000,4.030000,1.410000,0.208600,-0.215100,-1.110420,0.900000
116,0,6.603000,11.560500,-38.984600,-0.879900,1.740000,4.030000,1.410000,0.220500,-0.239400,-1.110440,0.900000
116,0,6.700000,11.582900,-39.009600,-0.881100,1.740000,4.030000,1.410000,0.231700,-0.265700,-1.110470,0.900000
116,0,6.800000,11.606100,-39.036900,-0.882400,1.740000,4.030000,1.410000,0.235700,-0.285700,-1.110480,0.900000
116,0,6.900000,11.630000,-39.066700,-0.883800,1.740000,4.030000,1.410000,0.242500,-0.310800,-1.110480,0.900000
116,0,7.000000,11.654500,-39.099000,-0.885200,1.740000,4.030000,1.410000,0.248100,-0.336100,-1.110500,0.900000
116,0,7.100000,11.679700,-39.134100,-0.886700,1.740000,4.030000,1.410000,0.253900,-0.363900,-1.110510,0.900000
116,0,7.200000,11.705400,-39.171900,-0.888300,1.740000,4.030000,1.410000,0.260200,-0.394300,-1.110580,0.900000
116,0,7.300000,11.731700,-39.212800,-0.890000,1.740000,4.030000,1.410000,0.265100,-0.425000,-1.110600,0.900000
116,0,7.400000,11.758400,-39.256800,-0.891800,1.740000,4.030000,1.410000,0.268700,-0.455600,-1.110590,0.900000
116,0,7.500000,11.785500,-39.304100,-0.893700,1.740000,4.030000,1.410000,0.273300,-0.488200,-1.110610,0.900000
116,0,7.600000,11.813100,-39.354700,-0.895600,1.740000,4.030000,1.410000,0.278700,-0.521400,-1.110570,0.900000
116,0,7.700000,11.841200,-39.408300,-0.897600,1.740000,4.030000,1.410000,0.282500,-0.551100,-1.110640,0.900000
116,0,7.800000,11.869600,-39.464700,-0.899600,1.740000,4.030000,1.410000,0.284300,-0.575900,-1.110680,0.900000
116,0,7.900000,11.898200,-39.523700,-0.901800,1.740000,4.030000,1.410000,0.286000,-0.599400,-1.110650,0.900000
116,0,8.000000,11.926700,-39.584400,-0.903900,1.740000,4.030000,1.410000,0.284200,-0.613700,-1.110720,0.900000
116,0,8.100000,11.954900,-39.646200,-0.906000,1.740000,4.030000,1.410000,0.278700,-0.617300,-1.110640,0.900000
116,0,8.200000,11.982600,-39.708100,-0.908100,1.740000,4.030000,1.410000,0.271600,-0.614300,-1.110440,0.900000
116,0,8.300000,12.009300,-39.769300,-0.910200,1.740000,4.030000,1.410000,0.262600,-0.604600,-1.110310,0.900000
116,0,8.400000,12.035000,-39.828900,-0.912200,1.740000,4.030000,1.410000,0.250000,-0.584200,-1.110240,0.900000
116,0,8.500000,12.059300,-39.886000,-0.914000,1.740000,4.030000,1.410000,0.233900,-0.553300,-1.110300,0.900000
116,0,8.600000,12.081900,-39.939800,-0.915700,1.740000,4.030000,1.410000,0.216800,-0.517700,-1.110280,0.900000
116,0,8.700000,12.102600,-39.989400,-0.917300,1.740000,4.030000,1.410000,0.196300,-0.473800,-1.110180,0.900000
116,0,8.800000,12.121100,-40.034400,-0.918700,1.740000,4.030000,1.410000,0.172200,-0.423100,-1.110130,0.900000
116,0,8.900000,12.137100,-40.074200,-0.919800,1.740000,4.030000,1.410000,0.147600,-0.372300,-1.110170,0.900000
116,0,9.000000,12.150500,-40.108800,-0.920800,1.740000,4.030000,1.410000,0.123600,-0.323500,-1.110210,0.900000
116,0,9.100000,12.161800,-40.138800,-0.921600,1.740000,4.030000,1.410000,0.103900,-0.283800,-1.110240,0.900000
116,0,9.200000,12.171400,-40.165600,-0.922300,1.740000,4.030000,1.410000,0.094500,-0.264100,-1.110270,0.900000
116,0,9.300000,12.180600,-40.191600,-0.922900,1.740000,4.030000,1.410000,0.093600,-0.260400,-1.110310,0.900000
116,0,9.400000,12.190100,-40.217700,-0.923500,1.740000,4.030000,1.410000,0.094800,-0.261200,-1.110640,0.900000
116,0,9.500000,12.199600,-40.243900,-0.924200,1.740000,4.030000,1.410000,0.095900,-0.262400,-1.110810,0.900000
116,0,9.600000,12.209300,-40.270200,-0.924900,1.740000,4.030000,1.410000,0.097000,-0.264200,-1.110810,0.900000
116,0,9.700000,12.219000,-40.296700,-0.925500,1.740000,4.030000,1.410000,0.097500,-0.264700,-1.110420,0.900000
116,0,9.800000,12.228800,-40.323100,-0.926200,1.740000,4.030000,1.410000,0.097300,-0.264000,-1.110410,0.900000
117,0,4.600000,-76.230900,163.785800,2.641700,1.740000,4.030000,2.209100,0.005900,-0.079900,2.036890,0.900000
117,0,4.700000,-76.230300,163.777800,2.642100,1.740000,4.030000,2.209100,0.006100,-0.079600,2.036900,0.900000
117,0,4.800000,-76.229600,163.769900,2.642500,1.740000,4.030000,2.209100,0.007000,-0.078500,2.036890,0.900000
117,0,4.900000,-76.228900,163.762200,2.643000,1.740000,4.030000,2.209100,0.008600,-0.076200,2.036900,0.900000
117,0,5.000000,-76.227900,163.754700,2.643400,1.740000,4.030000,2.209100,0.010900,-0.073100,2.036890,0.900000
117,0,5.100000,-76.226700,163.747500,2.643800,1.740000,4.030000,2.209100,0.013600,-0.069800,2.036890,0.900000
117,0,5.200000,-76.225200,163.740700,2.644200,1.740000,4.030000,2.209100,0.015800,-0.066100,2.036900,0.900000
117,0,5.300000,-76.223500,163.734300,2.644600,1.740000,4.030000,2.209100,0.017100,-0.061800,2.036920,0.900000
117,0,5.400000,-76.221800,163.728300,2.645000,1.740000,4.030000,2.209100,0.017500,-0.056600,2.036980,0.900000
117,0,5.503000,-76.220000,163.722800,2.645400,1.740000,4.030000,2.209100,0.017600,-0.053200,2.037010,0.900000
117,0,5.600000,-76.218300,163.717700,2.645800,1.740000,4.030000,2.209100,0.016000,-0.049600,2.037060,0.900000
117,0,5.700000,-76.216800,163.713000,2.646200,1.740000,4.030000,2.209100,0.012300,-0.044400,2.037080,0.900000
117,0,5.800000,-76.215800,163.708800,2.646600,1.740000,4.030000,2.209100,0.007200,-0.040400,2.037070,0.900000
117,0,5.900000,-76.215400,163.705000,2.647100,1.740000,4.030000,2.209100,0.000500,-0.036700,2.037080,0.900000
117,0,6.000000,-76.215700,163.701500,2.647500,1.740000,4.030000,2.209100,-0.007700,-0.033300,2.037080,0.900000
117,0,6.100000,-76.216900,163.698300,2.648000,1.740000,4.030000,2.209100,-0.017900,-0.030200,2.037010,0.900000
117,0,6.200000,-76.219300,163.695400,2.648500,1.740000,4.030000,2.209100,-0.029800,-0.027400,2.036990,0.900000
117,0,6.300000,-76.222900,163.692800,2.648900,1.740000,4.030000,2.209100,-0.042700,-0.023800,2.036940,0.900000
117,0,6.400000,-76.227800,163.690700,2.649400,1.740000,4.030000,2.209100,-0.055600,-0.019000,2.036880,0.900000
117,0,6.500000,-76.234000,163.689000,2.649800,1.740000,4.030000,2.209100,-0.066400,-0.012500,2.036820,0.900000
117,0,6.603000,-76.241300,163.688100,2.650200,1.740000,4.030000,2.209100,-0.077000,-0.005900,2.036790,0.900000
117,0,6.700000,-76.249400,163.687900,2.650500,1.740000,4.030000,2.209100,-0.085700,-0.000800,2.036740,0.900000
117,0,6.800000,-76.258200,163.688000,2.650700,1.740000,4.030000,2.209100,-0.090000,0.002400,2.036730,0.900000
117,0,6.900000,-76.267400,163.688300,2.650800,1.740000,4.030000,2.209100,-0.094100,0.004300,2.036730,0.900000
117,0,7.000000,-76.277000,163.688800,2.650900,1.740000,4.030000,2.209100,-0.097000,0.004700,2.036690,0.900000
117,0,7.100000,-76.286800,163.689300,2.650900,1.740000,4.030000,2.209100,-0.099900,0.004100,2.036660,0.900000
117,0,7.200000,-76.297000,163.689700,2.650700,1.740000,4.030000,2.209100,-0.102600,0.003000,2.036500,0.900000
117,0,7.300000,-76.307300,163.689900,2.650500,1.740000,4.030000,2.209100,-0.103600,0.001600,2.036570,0.900000
117,0,7.400000,-76.317700,163.690000,2.650100,1.740000,4.030000,2.209100,-0.102800,0.000300,2.036550,0.900000
117,0,7.500000,-76.327900,163.689900,2.649700,1.740000,4.030000,2.209100,-0.100600,-0.000700,2.036640,0.900000
117,0,7.600000,-76.337800,163.689800,2.649100,1.740000,4.030000,2.209100,-0.097000,-0.001200,2.036590,0.900000
117,0,7.700000,-76.347300,163.689700,2.648500,1.740000,4.030000,2.209100,-0.091300,-0.001500,2.036520,0.900000
117,0,7.800000,-76.356100,163.689500,2.647800,1.740000,4.030000,2.209100,-0.084800,-0.002100,2.036490,0.900000
117,0,7.900000,-76.364300,163.689300,2.647000,1.740000,4.030000,2.209100,-0.079300,-0.003200,2.036550,0.900000
117,0,8.000000,-76.371900,163.688900,2.646200,1.740000,4.030000,2.209100,-0.074900,-0.005300,2.036490,0.900000
117,0,8.100000,-76.379200,163.688200,2.645400,1.740000,4.030000,2.209100,-0.071900,-0.008800,2.036610,0.900000
117,0,8.200000,-76.386300,163.687100,2.644600,1.740000,4.030000,2.209100,-0.069900,-0.013200,2.036870,0.900000
117,0,8.300000,-76.393300,163.685600,2.643800,1.740000,4.030000,2.209100,-0.068300,-0.018300,2.036990,0.900000
117,0,8.400000,-76.400000,163.683500,2.643100,1.740000,4.030000,2.209100,-0.065500,-0.023700,2.037060,0.900000
117,0,8.500000,-76.406300,163.680800,2.642300,1.740000,4.030000,2.209100,-0.060700,-0.029300,2.037020,0.900000
117,0,8.600000,-76.412100,163.677600,2.641700,1.740000,4.030000,2.209100,-0.055100,-0.035800,2.037090,0.900000
117,0,8.700000,-76.417400,163.673700,2.641100,1.740000,4.030000,2.209100,-0.048900,-0.042200,2.037250,0.900000
117,0,8.800000,-76.421900,163.669200,2.640600,1.740000,4.030000,2.209100,-0.041900,-0.047600,2.037310,0.900000
117,0,8.900000,-76.425800,163.664100,2.640100,1.740000,4.030000,2.209100,-0.034700,-0.052600,2.037260,0.900000
117,0,9.000000,-76.428800,163.658700,2.639700,1.740000,4.030000,2.209100,-0.028300,-0.057100,2.037210,0.900000
117,0,9.100000,-76.431400,163.652700,2.639400,1.740000,4.030000,2.209100,-0.022500,-0.061500,2.037170,0.900000
117,0,9.200000,-76.433400,163.646300,2.639200,1.740000,4.030000,2.209100,-0.017400,-0.065700,2.037130,0.900000
117,0,9.300000,-76.434900,163.639600,2.639000,1.740000,4.030000,2.209100,-0.014400,-0.070000,2.037080,0.900000
117,0,9.400000,-76.436200,163.632400,2.638900,1.740000,4.030000,2.209100,-0.013700,-0.074500,2.037030,0.900000
117,0,9.500000,-76.437600,163.624700,2.638900,1.740000,4.030000,2.209100,-0.015000,-0.079200,2.036980,0.900000
117,0,9.600000,-76.439200,163.616500,2.638900,1.740000,4.030000,2.209100,-0.018000,-0.083400,2.036950,0.900000
117,0,9.700000,-76.441200,163.608000,2.638900,1.740000,4.030000,2.209100,-0.022600,-0.086400,2.036930,0.900000
117,0,9.800000,-76.443800,163.599200,2.639000,1.740000,4.030000,2.209100,-0.029200,-0.088200,2.036940,0.900000
117,0,9.900000,-76.447100,163.590300,2.639100,1.740000,4.030000,2.209100,-0.037600,-0.089200,2.036960,0.900000
117,0,10.000000,-76.451300,163.581400,2.639300,1.740000,4.030000,2.209100,-0.046800,-0.088300,2.036930,0.900000
117,0,10.100000,-76.456400,163.572700,2.639400,1.740000,4.030000,2.209100,-0.055600,-0.084700,2.036910,0.900000
117,0,10.200000,-76.462400,163.564400,2.639600,1.740000,4.030000,2.209100,-0.063400,-0.078300,2.036880,0.900000
117,0,10.300000,-76.469100,163.557100,2.639700,1.740000,4.030000,2.209100,-0.067800,-0.069700,2.036890,0.900000
117,0,10.400000,-76.476000,163.550500,2.639900,1.740000,4.030000,2.209100,-0.068500,-0.061100,2.036900,0.900000
117,0,10.500000,-76.482800,163.544800,2.640000,1.740000,4.030000,2.209100,-0.066700,-0.052700,2.036910,0.900000
117,0,10.600000,-76.489300,163.540000,2.640100,1.740000,4.030000,2.209100,-0.062900,-0.044500,2.036910,0.900000
117,0,10.700000,-76.495400,163.535900,2.640200,1.740000,4.030000,2.209100,-0.057200,-0.036400,2.036910,0.900000
117,0,10.800000,-76.500700,163.532700,2.640200,1.740000,4.030000,2.209100,-0.049500,-0.028800,2.036890,0.900000
117,0,10.900000,-76.505300,163.530200,2.640300,1.740000,4.030000,2.209100,-0.041300,-0.022300,2.036910,0.900000
117,0,11.000000,-76.509000,163.528200,2.640300,1.740000,4.030000,2.209100,-0.032400,-0.017300,2.036950,0.900000
117,0,11.100000,-76.511700,163.526700,2.640300,1.740000,4.030000,2.209100,-0.022600,-0.013900,2.036980,0.900000
117,0,11.200000,-76.513500,163.525500,2.640300,1.740000,4.030000,2.209100,-0.012400,-0.011800,2.037060,0.900000
117,0,11.300000,-76.514200,163.524400,2.640300,1.740000,4.030000,2.209100,-0.002300,-0.010600,2.037120,0.900000
117,0,11.400000,-76.514000,163.523300,2.640300,1.740000,4.030000,2.209100,0.007100,-0.010300,2.037160,0.900000
117,0,11.500000,-76.512800,163.522300,2.640300,1.740000,4.030000,2.209100,0.015500,-0.010400,2.037170,0.900000
117,0,11.600000,-76.510900,163.521200,2.640300,1.740000,4.030000,2.209100,0.022300,-0.011200,2.037190,0.900000
117,0,11.700000,-76.508400,163.520100,2.640300,1.740000,4.030000,2.209100,0.027000,-0.011800,2.037210,0.900000
117,0,11.800000,-76.505500,163.518900,2.640300,1.740000,4.030000,2.209100,0.029500,-0.011700,2.037240,0.900000
117,0,11.900000,-76.502400,163.517700,2.640300,1.740000,4.030000,2.209100,0.031100,-0.011000,2.037290,0.900000
117,0,12.000000,-76.499300,163.516700,2.640300,1.740000,4.030000,2.209100,0.031400,-0.009900,2.037330,0.900000
117,0,12.100000,-76.496200,163.515700,2.640300,1.740000,4.030000,2.209100,0.030500,-0.008700,2.037350,0.900000
117,0,12.200000,-76.493200,163.515000,2.640200,1.740000,4.030000,2.209100,0.028800,-0.006900,2.037360,0.900000
117,0,12.300000,-76.490400,163.514400,2.640200,1.740000,4.030000,2.209100,0.026400,-0.004900,2.037380,0.900000
117,0,12.400000,-76.487900,163.514000,2.640200,1.740000,4.030000,2.209100,0.023300,-0.002600,2.037390,0.900000
117,0,12.500000,-76.485700,163.513800,2.640200,1.740000,4.030000,2.209100,0.019400,0.000200,2.037390,0.900000
117,0,12.600000,-76.484000,163.514000,2.640200,1.740000,4.030000,2.209100,0.015400,0.003300,2.037400,0.900000
117,0,12.700000,-76.482700,163.514500,2.640100,1.740000,4.030000,2.209100,0.010600,0.005900,2.037410,0.900000
117,0,12.800000,-76.481900,163.515200,2.640100,1.740000,4.030000,2.209100,0.004900,0.007800,2.037420,0.900000
117,0,12.900000,-76.481700,163.516100,2.640100,1.740000,4.030000,2.209100,-0.001200,0.009800,2.037430,0.900000
117,0,13.000000,-76.482100,163.517200,2.640000,1.740000,4.030000,2.209100,-0.007300,0.012100,2.037430,0.900000
117,0,13.100000,-76.483100,163.518500,2.640000,1.740000,4.030000,2.209100,-0.012800,0.014400,2.037430,0.900000
117,0,13.200000,-76.484700,163.520000,2.639900,1.740000,4.030000,2.209100,-0.017800,0.016800,2.037430,0.900000
117,0,13.300000,-76.486700,163.521800,2.639900,1.740000,4.030000,2.209100,-0.022400,0.018600,2.037420,0.900000
117,0,13.400000,-76.489200,163.523700,2.639900,1.740000,4.030000,2.209100,-0.025800,0.019400,2.037390,0.900000
117,0,13.500000,-76.491900,163.525700,2.639800,1.740000,4.030000,2.209100,-0.027700,0.019900,2.037350,0.900000
117,0,13.600000,-76.494700,163.527700,2.639800,1.740000,4.030000,2.209100,-0.028400,0.020300,2.037330,0.900000
117,0,13.700000,-76.497600,163.529800,2.639800,1.740000,4.030000,2.209100,-0.028000,0.020700,2.037340,0.900000
117,0,13.800000,-76.500300,163.531900,2.639700,1.740000,4.030000,2.209100,-0.026800,0.020900,2.037360,0.900000
117,0,13.900000,-76.502900,163.534000,2.639700,1.740000,4.030000,2.209100,-0.025600,0.021100,2.037360,0.900000
117,0,14.000000,-76.505400,163.536100,2.639700,1.740000,4.030000,2.209100,-0.023700,0.021100,2.037360,0.900000
117,0,14.100000,-76.507700,163.538200,2.639700,1.740000,4.030000,2.209100,-0.021200,0.020900,2.037370,0.900000
117,0,14.200000,-76.509700,163.540300,2.639700,1.740000,4.030000,2.209100,-0.018800,0.020300,2.037360,0.900000
117,0,14.300000,-76.511400,163.542300,2.639700,1.740000,4.030000,2.209100,-0.017100,0.019200,2.037360,0.900000
117,0,14.400000,-76.513100,163.544100,2.639700,1.740000,4.030000,2.209100,-0.015400,0.017800,2.037370,0.900000
117,0,14.500000,-76.514500,163.545800,2.639700,1.740000,4.030000,2.209100,-0.013200,0.016600,2.037360,0.900000
117,0,14.600000,-76.515700,163.547400,2.639700,1.740000,4.030000,2.209100,-0.011400,0.015400,2.037360,0.900000
117,0,14.700000,-76.516800,163.548900,2.639700,1.740000,4.030000,2.209100,-0.009800,0.014100,2.037360,0.900000
117,0,14.800000,-76.517700,163.550300,2.639700,1.740000,4.030000,2.209100,-0.008100,0.013000,2.037360,0.900000
117,0,14.900000,-76.518400,163.551500,2.639700,1.740000,4.030000,2.209100,-0.006900,0.012000,2.037360,0.900000
117,0,15.000000,-76.519100,163.552700,2.639700,1.740000,4.030000,2.209100,-0.006100,0.011000,2.037360,0.900000
117,0,15.100000,-76.519600,163.553700,2.639700,1.740000,4.030000,2.209100,-0.005200,0.010300,2.037360,0.900000
117,0,15.200000,-76.520100,163.554700,2.639700,1.740000,4.030000,2.209100,-0.004600,0.009900,2.037350,0.900000
117,0,15.300000,-76.520600,163.555700,2.639700,1.740000,4.030000,2.209100,-0.004900,0.009500,2.037350,0.900000
117,0,15.400000,-76.521100,163.556600,2.639700,1.740000,4.030000,2.209100,-0.005400,0.009200,2.037350,0.900000
117,0,15.500000,-76.521600,163.557500,2.639700,1.740000,4.030000,2.209100,-0.005500,0.009200,2.037350,0.900000
117,0,15.600000,-76.522200,163.558500,2.639700,1.740000,4.030000,2.209100,-0.005300,0.009300,2.037350,0.900000
118,0,3.800000,-95.035000,184.424200,2.299200,1.740000,4.030000,2.515700,0.016300,0.057900,-1.145760,0.900000
118,0,3.900000,-95.033400,184.430000,2.298800,1.740000,4.030000,2.515700,0.016200,0.057800,-1.145740,0.900000
118,0,4.000000,-95.031800,184.435800,2.298300,1.740000,4.030000,2.515700,0.016000,0.058000,-1.145700,0.900000
118,0,4.100000,-95.030200,184.441600,2.297900,1.740000,4.030000,2.515700,0.015800,0.058700,-1.145700,0.900000
118,0,4.200000,-95.028600,184.447500,2.297500,1.740000,4.030000,2.515700,0.015500,0.059400,-1.145770,0.900000
118,0,4.300000,-95.027100,184.453500,2.297100,1.740000,4.030000,2.515700,0.015000,0.060200,-1.145800,0.900000
118,0,4.400000,-95.025600,184.459600,2.296700,1.740000,4.030000,2.515700,0.014600,0.060500,-1.145820,0.900000
118,0,4.500000,-95.024200,184.465600,2.296300,1.740000,4.030000,2.515700,0.014000,0.059000,-1.145850,0.900000
118,0,4.600000,-95.022800,184.471300,2.296000,1.740000,4.030000,2.515700,0.013400,0.055500,-1.145860,0.900000
118,0,4.700000,-95.021500,184.476700,2.295700,1.740000,4.030000,2.515700,0.012700,0.050500,-1.145850,0.900000
118,0,4.800000,-95.020200,184.481500,2.295400,1.740000,4.030000,2.515700,0.012000,0.043900,-1.145850,0.900000
118,0,4.900000,-95.019100,184.485500,2.295200,1.740000,4.030000,2.515700,0.011200,0.035300,-1.145850,0.900000
118,0,5.000000,-95.018000,184.488500,2.295100,1.740000,4.030000,2.515700,0.011200,0.024100,-1.145860,0.900000
118,0,5.100000,-95.016800,184.490300,2.295000,1.740000,4.030000,2.515700,0.013400,0.008800,-1.145860,0.900000
118,0,5.200000,-95.015300,184.490300,2.295000,1.740000,4.030000,2.515700,0.017200,-0.009700,-1.145840,0.900000
118,0,5.300000,-95.013400,184.488300,2.295200,1.740000,4.030000,2.515700,0.022000,-0.029900,-1.145820,0.900000
118,0,5.400000,-95.010900,184.484300,2.295400,1.740000,4.030000,2.515700,0.028000,-0.052200,-1.145770,0.900000
118,0,5.503000,-95.007700,184.477700,2.295700,1.740000,4.030000,2.515700,0.036300,-0.079300,-1.145740,0.900000
118,0,5.600000,-95.003700,184.468400,2.296200,1.740000,4.030000,2.515700,0.044000,-0.104200,-1.145680,0.900000
118,0,5.700000,-94.999000,184.457200,2.296700,1.740000,4.030000,2.515700,0.048100,-0.118200,-1.145660,0.900000
118,0,5.800000,-94.994000,184.444700,2.297300,1.740000,4.030000,2.515700,0.051900,-0.127800,-1.145670,0.900000
118,0,5.900000,-94.988700,184.431700,2.298000,1.740000,4.030000,2.515700,0.053900,-0.131800,-1.145660,0.900000
118,0,6.000000,-94.983200,184.418400,2.298700,1.740000,4.030000,2.515700,0.053900,-0.131500,-1.145670,0.900000
118,0,6.100000,-94.977900,184.405300,2.299400,1.740000,4.030000,2.515700,0.052200,-0.128700,-1.145740,0.900000
118,0,6.200000,-94.972800,184.392600,2.300200,1.740000,4.030000,2.515700,0.049100,-0.124500,-1.145760,0.900000
118,0,6.300000,-94.968100,184.380500,2.301000,1.740000,4.030000,2.515700,0.044700,-0.118600,-1.145970,0.900000
118,0,6.400000,-94.963900,184.369000,2.301700,1.740000,4.030000,2.515700,0.039100,-0.110600,-1.145860,0.900000
118,0,6.500000,-94.960200,184.358300,2.302500,1.740000,4.030000,2.515700,0.031900,-0.101000,-1.145920,0.900000
118,0,6.603000,-94.957400,184.348400,2.303200,1.740000,4.030000,2.515700,0.024600,-0.095600,-1.145990,0.900000
118,0,6.700000,-94.955300,184.339200,2.303900,1.740000,4.030000,2.515700,0.015600,-0.091400,-1.146010,0.900000
118,0,6.800000,-94.954300,184.330400,2.304600,1.740000,4.030000,2.515700,0.005000,-0.086200,-1.146020,0.900000
118,0,6.900000,-94.954300,184.322000,2.305200,1.740000,4.030000,2.515700,-0.006000,-0.084400,-1.146010,0.900000
118,0,7.000000,-94.955500,184.313600,2.305800,1.740000,4.030000,2.515700,-0.016800,-0.084500,-1.146060,0.900000
118,0,7.100000,-94.957700,184.305000,2.306400,1.740000,4.030000,2.515700,-0.025900,-0.085500,-1.146080,0.900000
118,0,7.200000,-94.960700,184.296400,2.306900,1.740000,4.030000,2.515700,-0.033600,-0.086900,-1.146190,0.900000
118,0,7.300000,-94.964400,184.287700,2.307200,1.740000,4.030000,2.515700,-0.040300,-0.089200,-1.146180,0.900000
118,0,7.400000,-94.968700,184.278600,2.307500,1.740000,4.030000,2.515700,-0.046000,-0.092800,-1.146200,0.900000
118,0,7.500000,-94.973600,184.269100,2.307700,1.740000,4.030000,2.515700,-0.051400,-0.097500,-1.146210,0.900000
118,0,7.600000,-94.979000,184.259100,2.307800,1.740000,4.030000,2.515700,-0.057600,-0.102600,-1.146160,0.900000
118,0,7.700000,-94.985100,184.248600,2.307900,1.740000,4.030000,2.515700,-0.063900,-0.107600,-1.146230,0.900000
118,0,7.800000,-94.991800,184.237600,2.307900,1.740000,4.030000,2.515700,-0.069400,-0.112400,-1.146250,0.900000
118,0,7.900000,-94.999000,184.226100,2.307800,1.740000,4.030000,2.515700,-0.073900,-0.117500,-1.146190,0.900000
118,0,8.000000,-95.006600,184.214100,2.307700,1.740000,4.030000,2.515700,-0.076500,-0.121900,-1.146250,0.900000
118,0,8.100000,-95.014300,184.201700,2.307600,1.740000,4.030000,2.515700,-0.077100,-0.125500,-1.145550,0.900000
118,0,8.200000,-95.022000,184.188900,2.307500,1.740000,4.030000,2.515700,-0.076300,-0.129200,-1.145880,0.900000
118,0,8.300000,-95.029600,184.175800,2.307400,1.740000,4.030000,2.515700,-0.074800,-0.133500,-1.145750,0.900000
118,0,8.400000,-95.037000,184.162300,2.307200,1.740000,4.030000,2.515700,-0.072100,-0.136800,-1.145680,0.900000
118,0,8.500000,-95.044000,184.148500,2.307000,1.740000,4.030000,2.515700,-0.067200,-0.137500,-1.145730,0.900000
118,0,8.600000,-95.050400,184.134700,2.306800,1.740000,4.030000,2.515700,-0.060100,-0.136000,-1.145650,0.900000
118,0,8.700000,-95.056000,184.121300,2.306600,1.740000,4.030000,2.515700,-0.049800,-0.130600,-1.145490,0.900000
118,0,8.800000,-95.060400,184.108600,2.306200,1.740000,4.030000,2.515700,-0.036400,-0.121600,-1.145430,0.900000
118,0,8.900000,-95.063300,184.097000,2.305700,1.740000,4.030000,2.515700,-0.020100,-0.110700,-1.145480,0.900000
118,0,9.000000,-95.064400,184.086500,2.305200,1.740000,4.030000,2.515700,-0.000300,-0.097100,-1.145540,0.900000
118,0,9.100000,-95.063400,184.077600,2.304400,1.740000,4.030000,2.515700,0.022900,-0.081100,-1.145580,0.900000
118,0,9.200000,-95.059800,184.070300,2.303500,1.740000,4.030000,2.515700,0.049800,-0.063700,-1.145620,0.900000
118,0,9.300000,-95.053400,184.064800,2.302300,1.740000,4.030000,2.515700,0.079900,-0.044300,-1.145670,0.900000
118,0,9.400000,-95.043900,184.061400,2.300900,1.740000,4.030000,2.515700,0.112400,-0.023600,-1.145710,0.900000
118,0,9.500000,-95.030900,184.060100,2.299200,1.740000,4.030000,2.515700,0.147300,-0.002300,-1.145770,0.900000
118,0,9.600000,-95.014400,184.061000,2.297200,1.740000,4.030000,2.515700,0.184100,0.019600,-1.145800,0.900000
118,0,9.700000,-94.994100,184.064000,2.294900,1.740000,4.030000,2.515700,0.221500,0.041600,-1.145810,0.900000
118,0,9.800000,-94.970100,184.069300,2.292300,1.740000,4.030000,2.515700,0.258100,0.063300,-1.145800,0.900000
118,0,9.900000,-94.942400,184.076700,2.289500,1.740000,4.030000,2.515700,0.294900,0.084900,-1.145790,0.900000
118,0,10.000000,-94.911200,184.086200,2.286300,1.740000,4.030000,2.515700,0.327700,0.105700,-1.145810,0.900000
118,0,10.100000,-94.876900,184.097800,2.283000,1.740000,4.030000,2.515700,0.354700,0.124700,-1.145840,0.900000
118,0,10.200000,-94.840100,184.111200,2.279400,1.740000,4.030000,2.515700,0.381000,0.143900,-1.145870,0.900000
118,0,10.300000,-94.800800,184.126600,2.275700,1.740000,4.030000,2.515700,0.405400,0.162600,-1.145850,0.900000
118,0,10.400000,-94.759200,184.143700,2.271900,1.740000,4.030000,2.515700,0.425000,0.178800,-1.145840,0.900000
118,0,10.500000,-94.715700,184.162400,2.267900,1.740000,4.030000,2.515700,0.439800,0.191900,-1.145830,0.900000
118,0,10.600000,-94.671100,184.182200,2.263800,1.740000,4.030000,2.515700,0.446200,0.200600,-1.145830,0.900000
118,0,10.700000,-94.626500,184.202500,2.259900,1.740000,4.030000,2.515700,0.437600,0.201200,-1.145840,0.900000
118,0,10.800000,-94.583700,184.222400,2.256100,1.740000,4.030000,2.515700,0.414500,0.193600,-1.145850,0.900000
118,0,10.900000,-94.543500,184.241200,2.252700,1.740000,4.030000,2.515700,0.386000,0.181400,-1.145840,0.900000
118,0,11.000000,-94.506600,184.258600,2.249600,1.740000,4.030000,2.515700,0.351600,0.164100,-1.145800,0.900000
118,0,11.100000,-94.473200,184.274000,2.246900,1.740000,4.030000,2.515700,0.314600,0.142900,-1.145760,0.900000
118,0,11.200000,-94.443500,184.287200,2.244600,1.740000,4.030000,2.515700,0.281000,0.120000,-1.145690,0.900000
118,0,11.300000,-94.417100,184.298000,2.242700,1.740000,4.030000,2.515700,0.247100,0.096800,-1.145630,0.900000
118,0,11.400000,-94.394200,184.306600,2.241100,1.740000,4.030000,2.515700,0.212600,0.076200,-1.145590,0.900000
118,0,11.500000,-94.374500,184.313300,2.239800,1.740000,4.030000,2.515700,0.176500,0.057300,-1.145580,0.900000
118,0,11.600000,-94.358800,184.318100,2.238900,1.740000,4.030000,2.515700,0.136000,0.038400,-1.145550,0.900000
118,0,11.700000,-94.347400,184.320900,2.238300,1.740000,4.030000,2.515700,0.092200,0.019200,-1.145540,0.900000
118,0,11.800000,-94.340400,184.321900,2.238200,1.740000,4.030000,2.515700,0.048300,0.000600,-1.145510,0.900000
118,0,11.900000,-94.337700,184.321000,2.238500,1.740000,4.030000,2.515700,0.007400,-0.016700,-1.145460,0.900000
118,0,12.000000,-94.338900,184.318500,2.239000,1.740000,4.030000,2.515700,-0.030100,-0.032900,-1.145420,0.900000
118,0,12.100000,-94.343700,184.314500,2.239900,1.740000,4.030000,2.515700,-0.063200,-0.047500,-1.145400,0.900000
118,0,12.200000,-94.351600,184.309000,2.241000,1.740000,4.030000,2.515700,-0.091000,-0.060200,-1.145390,0.900000
118,0,12.300000,-94.361900,184.302400,2.242300,1.740000,4.030000,2.515700,-0.113000,-0.070200,-1.145360,0.900000
118,0,12.400000,-94.374100,184.295000,2.243800,1.740000,4.030000,2.515700,-0.128300,-0.077200,-1.145360,0.900000
118,0,12.500000,-94.387600,184.287000,2.245400,1.740000,4.030000,2.515700,-0.137200,-0.081200,-1.145360,0.900000
118,0,12.600000,-94.401600,184.278700,2.247000,1.740000,4.030000,2.515700,-0.140300,-0.082500,-1.145350,0.900000
119,0,6.700000,-102.678800,200.962600,2.462600,2.639600,9.500000,3.656700,2.140300,-0.887100,0.218510,0.900000
119,0,6.800000,-102.464400,200.873700,2.462900,2.639600,9.500000,3.656700,2.130700,-0.895400,0.178110,0.900000
119,0,6.900000,-102.253300,200.783800,2.463100,2.639600,9.500000,3.656700,2.094100,-0.909800,0.137740,0.900000
119,0,7.000000,-102.046100,200.692000,2.463300,2.639600,9.500000,3.656700,2.057700,-0.927300,0.097300,0.900000
119,0,7.100000,-101.840900,200.597900,2.463500,2.639600,9.500000,3.656700,2.038600,-0.954200,0.056890,0.900000
119,0,7.200000,-101.637600,200.500800,2.463800,2.639600,9.500000,3.656700,2.035600,-0.992700,0.016400,0.900000
119,0,7.300000,-101.434300,200.399700,2.464000,2.639600,9.500000,3.656700,2.036100,-1.036900,-0.023980,0.900000
119,0,7.400000,-101.230900,200.293700,2.464400,2.639600,9.500000,3.656700,2.025500,-1.087500,-0.064380,0.900000
119,0,7.500000,-101.028500,200.181700,2.464800,2.639600,9.500000,3.656700,2.015200,-1.152500,-0.104780,0.900000
119,0,7.600000,-100.827100,200.062700,2.465300,2.639600,9.500000,3.656700,2.014800,-1.234000,-0.145100,0.900000
119,0,7.700000,-100.626000,199.935300,2.466100,2.639600,9.500000,3.656700,2.021100,-1.329400,-0.185550,0.900000
119,0,7.800000,-100.423400,199.797200,2.467100,2.639600,9.500000,3.656700,2.044200,-1.446400,-0.225950,0.900000
119,0,7.900000,-100.216400,199.645400,2.468500,2.639600,9.500000,3.656700,2.106300,-1.601400,-0.266250,0.900000
119,0,8.000000,-100.002700,199.477300,2.470400,2.639600,9.500000,3.656700,2.179400,-1.777300,-0.306690,0.900000
119,0,8.100000,-99.781100,199.290400,2.472900,2.639600,9.500000,3.656700,2.255700,-1.968700,-0.368390,0.900000
119,0,8.200000,-99.550700,199.082800,2.476000,2.639600,9.500000,3.656700,2.343600,-2.183700,-0.429950,0.900000
119,0,8.300000,-99.311500,198.852800,2.479700,2.639600,9.500000,3.656700,2.438600,-2.420200,-0.491660,0.900000
119,0,8.400000,-99.063700,198.599400,2.484200,2.639600,9.500000,3.656700,2.519800,-2.658200,-0.553420,0.900000
119,0,8.500000,-98.808200,198.321900,2.489300,2.639600,9.500000,3.656700,2.581700,-2.889900,-0.615290,0.900000
119,0,8.600000,-98.546300,198.020300,2.495100,2.639600,9.500000,3.656700,2.645800,-3.139400,-0.677030,0.900000
119,0,8.700000,-98.279700,197.694900,2.501500,2.639600,9.500000,3.656700,2.682000,-3.372700,-0.738690,0.900000
119,0,8.800000,-98.010600,197.346600,2.508500,2.639600,9.500000,3.656700,2.687100,-3.581200,-0.800450,0.900000
119,0,8.900000,-97.741300,196.977200,2.516000,2.639600,9.500000,3.656700,2.685800,-3.794100,-0.862340,0.900000
119,0,9.000000,-97.474200,196.588900,2.523900,2.639600,9.500000,3.656700,2.656600,-3.976300,-0.924230,0.900000
119,0,9.100000,-97.210700,196.183000,2.532200,2.639600,9.500000,3.656700,2.602900,-4.126000,-0.986110,0.900000
119,0,9.200000,-96.952600,195.762100,2.540700,2.639600,9.500000,3.656700,2.552000,-4.284400,-1.047990,0.900000
119,0,9.300000,-96.701000,195.327300,2.549500,2.639600,9.500000,3.656700,2.485500,-4.419600,-1.059580,0.900000
119,0,9.400000,-96.456100,194.879300,2.558400,2.639600,9.500000,3.656700,2.406700,-4.529600,-1.071180,0.900000
119,0,9.500000,-96.218700,194.419600,2.567400,2.639600,9.500000,3.656700,2.334500,-4.642800,-1.082780,0.900000
119,0,9.600000,-95.988300,193.948900,2.576500,2.639600,9.500000,3.656700,2.275000,-4.767600,-1.094360,0.900000
119,0,9.700000,-95.764300,193.467400,2.585600,2.639600,9.500000,3.656700,2.214700,-4.871100,-1.105910,0.900000
119,0,9.800000,-95.546000,192.976000,2.594800,2.639600,9.500000,3.656700,2.154900,-4.951800,-1.117440,0.900000
119,0,9.900000,-95.332500,192.475100,2.604000,2.639600,9.500000,3.656700,2.117400,-5.059100,-1.128970,0.900000
119,0,10.000000,-95.123100,191.965600,2.613200,2.639600,9.500000,3.656700,2.080600,-5.143200,-1.131570,0.900000
119,0,10.100000,-94.916900,191.447800,2.622500,2.639600,9.500000,3.656700,2.049300,-5.211200,-1.134160,0.900000
119,0,10.200000,-94.712400,190.921300,2.631900,2.639600,9.500000,3.656700,2.048100,-5.323700,-1.136770,0.900000
119,0,10.300000,-94.507800,190.384500,2.641400,2.639600,9.500000,3.656700,2.059900,-5.437800,-1.139320,0.900000
119,0,10.400000,-94.301000,189.835200,2.651200,2.639600,9.500000,3.656700,2.084200,-5.552800,-1.141880,0.900000
119,0,10.500000,-94.090200,189.271800,2.661200,2.639600,9.500000,3.656700,2.129700,-5.696600,-1.144430,0.900000
119,0,10.600000,-93.874200,188.693600,2.671600,2.639600,9.500000,3.656700,2.195600,-5.870500,-1.147000,0.900000
119,0,10.700000,-93.651600,188.099200,2.682500,2.639600,9.500000,3.656700,2.266600,-6.036200,-1.149580,0.900000
119,0,10.800000,-93.421500,187.488000,2.693700,2.639600,9.500000,3.656700,2.336900,-6.182500,-1.152170,0.900000
119,0,10.900000,-93.183300,186.860300,2.705500,2.639600,9.500000,3.656700,2.425000,-6.360600,-1.150300,0.900000
119,0,11.000000,-92.937100,186.217600,2.717800,2.639600,9.500000,3.656700,2.502600,-6.499100,-1.148410,0.900000
119,0,11.100000,-92.683500,185.562300,2.730600,2.639600,9.500000,3.656700,2.563700,-6.586700,-1.146520,0.900000
119,0,11.200000,-92.423400,184.897700,2.743900,2.639600,9.500000,3.656700,2.628500,-6.679000,-1.144590,0.900000
119,0,11.300000,-92.158500,184.228300,2.757600,2.639600,9.500000,3.656700,2.670300,-6.709900,-1.142680,0.900000
119,0,11.400000,-91.890100,183.557500,2.771600,2.639600,9.500000,3.656700,2.692400,-6.688400,-1.140790,0.900000
119,0,11.500000,-91.619000,182.888000,2.786100,2.639600,9.500000,3.656700,2.715700,-6.667700,-1.138930,0.900000
119,0,11.600000,-91.345800,182.221300,2.800800,2.639600,9.500000,3.656700,2.743200,-6.655500,-1.137060,0.900000
119,0,11.700000,-91.071100,181.558600,2.816000,2.639600,9.500000,3.656700,2.759800,-6.615900,-1.135200,0.900000
119,0,11.800000,-90.794600,180.899900,2.831600,2.639600,9.500000,3.656700,2.768400,-6.557400,-1.133320,0.900000
119,0,11.900000,-90.516300,180.244600,2.847700,2.639600,9.500000,3.656700,2.799700,-6.553000,-1.131410,0.900000
119,0,12.000000,-90.235400,179.591100,2.864500,2.639600,9.500000,3.656700,2.829900,-6.545500,-1.129520,0.900000
119,0,12.100000,-89.951100,178.937200,2.882000,2.639600,9.500000,3.656700,2.862000,-6.542800,-1.127650,0.900000
119,0,12.200000,-89.661900,178.280000,2.900200,2.639600,9.500000,3.656700,2.918300,-6.595800,-1.125790,0.900000
119,0,12.300000,-89.366300,177.615500,2.919400,2.639600,9.500000,3.656700,2.999000,-6.705100,-1.123920,0.900000
119,0,12.400000,-89.062900,176.940800,2.939500,2.639600,9.500000,3.656700,3.080200,-6.818100,-1.122070,0.900000
119,0,12.500000,-88.751100,176.253700,2.960600,2.639600,9.500000,3.656700,3.157500,-6.925400,-1.120220,0.900000
119,0,12.600000,-88.430200,175.553000,2.982500,2.639600,9.500000,3.656700,3.258600,-7.087600,-1.118360,0.900000
119,0,12.700000,-88.100200,174.838100,3.005300,2.639600,9.500000,3.656700,3.348400,-7.228500,-1.118340,0.900000
119,0,12.800000,-87.761400,174.109200,3.028900,2.639600,9.500000,3.656700,3.422600,-7.340000,-1.118340,0.900000
119,0,12.900000,-87.414300,173.367200,3.053100,2.639600,9.500000,3.656700,3.511600,-7.487900,-1.118330,0.900000
119,0,13.000000,-87.060000,172.613600,3.077900,2.639600,9.500000,3.656700,3.578000,-7.592200,-1.118320,0.900000
119,0,13.100000,-86.699700,171.850800,3.103000,2.639600,9.500000,3.656700,3.617600,-7.645000,-1.118320,0.900000
119,0,13.200000,-86.335100,171.081600,3.128200,2.639600,9.500000,3.656700,3.662600,-7.715100,-1.118330,0.900000
119,0,13.300000,-85.968200,170.309900,3.153500,2.639600,9.500000,3.656700,3.674300,-7.718700,-1.118340,0.900000
119,0,13.400000,-85.601200,169.540000,3.178500,2.639600,9.500000,3.656700,3.649800,-7.648100,-1.118360,0.900000
119,0,13.500000,-85.236800,168.777300,3.203200,2.639600,9.500000,3.656700,3.614500,-7.554300,-1.118420,0.900000
119,0,13.600000,-84.876900,168.026200,3.227200,2.639600,9.500000,3.656700,3.573000,-7.444100,-1.118440,0.900000
119,0,13.700000,-84.523100,167.290400,3.250400,2.639600,9.500000,3.656700,3.505800,-7.276100,-1.118420,0.900000
119,0,13.800000,-84.176700,166.572900,3.272800,2.639600,9.500000,3.656700,3.416600,-7.060500,-1.118400,0.900000
119,0,13.900000,-83.838500,165.875600,3.294300,2.639600,9.500000,3.656700,3.342200,-6.875800,-1.118400,0.900000
119,0,14.000000,-83.509100,165.199600,3.314700,2.639600,9.500000,3.656700,3.252900,-6.660700,-1.118400,0.900000
119,0,14.100000,-83.188800,164.545200,3.334100,2.639600,9.500000,3.656700,3.153900,-6.425600,-1.118390,0.900000
119,0,14.200000,-82.877100,163.911900,3.352600,2.639600,9.500000,3.656700,3.069800,-6.223100,-1.118400,0.900000
119,0,14.300000,-82.573600,163.298200,3.370000,2.639600,9.500000,3.656700,3.003700,-6.060700,-1.118400,0.900000
119,0,14.400000,-82.277200,162.701400,3.386400,2.639600,9.500000,3.656700,2.939500,-5.907100,-1.118390,0.900000
119,0,14.500000,-81.986500,162.118300,3.402100,2.639600,9.500000,3.656700,2.877600,-5.765700,-1.118400,0.900000
119,0,14.600000,-81.700500,161.546000,3.417000,2.639600,9.500000,3.656700,2.842000,-5.687900,-1.118400,0.900000
119,0,14.700000,-81.418900,160.982300,3.431200,2.639600,9.500000,3.656700,2.800900,-5.611400,-1.118400,0.900000
119,0,14.800000,-81.141100,160.425200,3.444800,2.639600,9.500000,3.656700,2.754200,-5.532700,-1.118400,0.900000
119,0,14.900000,-80.866900,159.873600,3.457900,2.639600,9.500000,3.656700,2.729300,-5.502900,-1.118400,0.900000
119,0,15.000000,-80.596000,159.326200,3.470500,2.639600,9.500000,3.656700,2.699400,-5.464000,-1.118400,0.900000
119,0,15.100000,-80.327800,158.782200,3.482800,2.639600,9.500000,3.656700,2.664300,-5.414100,-1.118410,0.900000
119,0,15.200000,-80.062100,158.241200,3.494700,2.639600,9.500000,3.656700,2.641900,-5.388100,-1.118410,0.900000
119,0,15.300000,-79.798400,157.702500,3.506500,2.639600,9.500000,3.656700,2.632800,-5.385300,-1.118410,0.900000
119,0,15.400000,-79.536200,157.165600,3.518000,2.639600,9.500000,3.656700,2.620300,-5.369400,-1.118410,0.900000
119,0,15.500000,-79.275000,156.630100,3.529500,2.639600,9.500000,3.656700,2.604100,-5.341800,-1.118420,0.900000
119,0,15.600000,-79.014400,156.095200,3.540900,2.639600,9.500000,3.656700,2.601500,-5.338500,-1.118420,0.900000
120,0,0.000000,29.341400,-73.049900,-1.690000,2.043300,4.754300,1.663300,0.540700,4.254700,0.968020,0.900000
120,0,0.100000,29.395600,-72.623600,-1.691700,2.043300,4.754300,1.663300,0.541800,4.273500,1.047500,0.900000
120,0,0.200000,29.449600,-72.196400,-1.693400,2.043300,4.754300,1.663300,0.538100,4.287100,1.127000,0.900000
120,0,0.300000,29.503100,-71.767300,-1.695100,2.043300,4.754300,1.663300,0.524700,4.296000,1.206520,0.900000
120,0,0.400000,29.554800,-71.335500,-1.696700,2.043300,4.754300,1.663300,0.501200,4.344600,1.285970,0.900000
120,0,0.500000,29.603200,-70.899600,-1.698300,2.043300,4.754300,1.663300,0.459100,4.390200,1.365530,0.900000
120,0,0.600000,29.646500,-70.458600,-1.699600,2.043300,4.754300,1.663300,0.395400,4.431500,1.445020,0.900000
120,0,0.700000,29.682400,-70.011500,-1.700800,2.043300,4.754300,1.663300,0.310700,4.500800,1.524550,0.900000
120,0,0.800000,29.708700,-69.556700,-1.701500,2.043300,4.754300,1.663300,0.205700,4.601300,1.604010,0.900000
120,0,0.900000,29.723500,-69.092500,-1.701800,2.043300,4.754300,1.663300,0.082900,4.701500,1.628750,0.900000
120,0,1.000000,29.725300,-68.617700,-1.701600,2.043300,4.754300,1.663300,-0.051800,4.798500,1.653440,0.900000
120,0,1.100000,29.713100,-68.130900,-1.700700,2.043300,4.754300,1.663300,-0.194900,4.937800,1.678130,0.900000
120,0,1.200000,29.686300,-67.631400,-1.699000,2.043300,4.754300,1.663300,-0.343200,5.069300,1.702860,0.900000
120,0,1.300000,29.644600,-67.118400,-1.696500,2.043300,4.754300,1.663300,-0.494000,5.191900,1.727580,0.900000
120,0,1.400000,29.587400,-66.591000,-1.693100,2.043300,4.754300,1.663300,-0.651300,5.357300,1.752310,0.900000
120,0,1.500000,29.514500,-66.048400,-1.688600,2.043300,4.754300,1.663300,-0.808200,5.511000,1.776970,0.900000
120,0,1.600000,29.425900,-65.490300,-1.683100,2.043300,4.754300,1.663300,-0.962200,5.650300,1.801680,0.900000
120,0,1.700000,29.321700,-64.916100,-1.676400,2.043300,4.754300,1.663300,-1.119300,5.812700,1.826410,0.900000
120,0,1.800000,29.201600,-64.325400,-1.668500,2.043300,4.754300,1.663300,-1.279900,5.997200,1.851110,0.900000
120,0,1.900000,29.066000,-63.718300,-1.659500,2.043300,4.754300,1.663300,-1.432800,6.158900,1.867230,0.900000
120,0,2.000000,28.915500,-63.095300,-1.649300,2.043300,4.754300,1.663300,-1.574500,6.293400,1.883400,0.900000
120,0,2.100000,28.750500,-62.457200,-1.637900,2.043300,4.754300,1.663300,-1.721100,6.463900,1.899570,0.900000
120,0,2.200000,28.571700,-61.804300,-1.625600,2.043300,4.754300,1.663300,-1.857000,6.607700,1.915710,0.900000
120,0,2.300000,28.379600,-61.137400,-1.612200,2.043300,4.754300,1.663300,-1.981100,6.723700,1.931950,0.900000
120,0,2.400000,28.174700,-60.456900,-1.597800,2.043300,4.754300,1.663300,-2.106300,6.856300,1.866130,0.900000
120,0,2.500000,27.957500,-59.763500,-1.582400,2.043300,4.754300,1.663300,-2.234100,7.007100,1.868520,0.900000
120,0,2.600000,27.728500,-59.057400,-1.566100,2.043300,4.754300,1.663300,-2.350300,7.130100,1.958370,0.900000
120,0,2.700000,27.488100,-58.339400,-1.549000,2.043300,4.754300,1.663300,-2.453800,7.224500,1.872340,0.900000
120,0,2.800000,27.236700,-57.609700,-1.531000,2.043300,4.754300,1.663300,-2.569500,7.362500,1.975830,0.900000
120,0,2.900000,26.974900,-56.868900,-1.512200,2.043300,4.754300,1.663300,-2.672800,7.472100,1.876120,0.900000
120,0,3.000000,26.702900,-56.117300,-1.492700,2.043300,4.754300,1.663300,-2.762900,7.552400,1.877820,0.900000
120,0,3.100000,26.421200,-55.355400,-1.472300,2.043300,4.754300,1.663300,-2.867500,7.678800,1.879080,0.900000
120,0,3.200000,26.130200,-54.583600,-1.451300,2.043300,4.754300,1.663300,-2.959400,7.776400,1.880160,0.900000
120,0,3.300000,25.830100,-53.802200,-1.429500,2.043300,4.754300,1.663300,-3.037600,7.844200,1.880910,0.900000
120,0,3.400000,25.521500,-53.011700,-1.407100,2.043300,4.754300,1.663300,-3.132600,7.960600,1.881560,0.900000
120,0,3.500000,25.204500,-52.212300,-1.384100,2.043300,4.754300,1.663300,-3.214200,8.047400,1.882330,0.900000
120,0,3.600000,24.879500,-51.404400,-1.360400,2.043300,4.754300,1.663300,-3.281700,8.103900,1.882990,0.900000
120,0,3.700000,24.546800,-50.588300,-1.336100,2.043300,4.754300,1.663300,-3.356900,8.184100,1.883560,0.900000
120,0,3.800000,24.206800,-49.764300,-1.311300,2.043300,4.754300,1.663300,-3.440700,8.288900,1.883810,0.900000
120,0,3.900000,23.859600,-48.932700,-1.285900,2.043300,4.754300,1.663300,-3.510500,8.363400,1.884060,0.900000
120,0,4.000000,23.505600,-48.093900,-1.260000,2.043300,4.754300,1.663300,-3.565700,8.407200,1.884350,0.900000
120,0,4.100000,23.145100,-47.248000,-1.233500,2.043300,4.754300,1.663300,-3.642000,8.504100,1.884870,0.900000
120,0,4.200000,22.778200,-46.395300,-1.206600,2.043300,4.754300,1.663300,-3.704100,8.570600,1.885380,0.900000
120,0,4.300000,22.405300,-45.536200,-1.179200,2.043300,4.754300,1.663300,-3.751200,8.605900,1.886030,0.900000
120,0,4.400000,22.026500,-44.670800,-1.151300,2.043300,4.754300,1.663300,-3.821000,8.696100,1.886450,0.900000
120,0,4.500000,21.642100,-43.799300,-1.123000,2.043300,4.754300,1.663300,-3.876100,8.755300,1.887000,0.900000
120,0,4.600000,21.252300,-42.922100,-1.094300,2.043300,4.754300,1.663300,-3.916000,8.783000,1.887380,0.900000
120,0,4.700000,20.857400,-42.039200,-1.065200,2.043300,4.754300,1.663300,-3.966800,8.837800,1.887800,0.900000
120,0,4.800000,20.457400,-41.151000,-1.035700,2.043300,4.754300,1.663300,-4.029000,8.920300,1.888250,0.900000
120,0,4.900000,20.052700,-40.257600,-1.005800,2.043300,4.754300,1.663300,-4.076000,8.971300,1.888860,0.900000
120,0,5.000000,19.643300,-39.359200,-0.975600,2.043300,4.754300,1.663300,-4.107600,8.990500,1.889440,0.900000
120,0,5.100000,19.229500,-38.456000,-0.945000,2.043300,4.754300,1.663300,-4.164800,9.067800,1.890220,0.900000
120,0,5.200000,18.811500,-37.548100,-0.914000,2.043300,4.754300,1.663300,-4.206600,9.113400,1.891120,0.900000
120,0,5.300000,18.389300,-36.635800,-0.882800,2.043300,4.754300,1.663300,-4.232700,9.127000,1.892060,0.900000
120,0,5.400000,17.963200,-35.719100,-0.851200,2.043300,4.754300,1.663300,-4.210700,9.039300,1.893090,0.900000
120,0,5.503000,17.533400,-34.798300,-0.819300,2.043300,4.754300,1.663300,-4.322600,9.240600,1.894190,0.900000
120,0,5.600000,17.099900,-33.873500,-0.787200,2.043300,4.754300,1.663300,-4.422000,9.415600,1.895370,0.900000
120,0,5.700000,16.662900,-32.944800,-0.754700,2.043300,4.754300,1.663300,-4.378000,9.286900,1.896570,0.900000
120,0,5.800000,16.222600,-32.012400,-0.722000,2.043300,4.754300,1.663300,-4.425600,9.354700,1.897870,0.900000
120,0,5.900000,15.779000,-31.076400,-0.689100,2.043300,4.754300,1.663300,-4.457300,9.390100,1.899110,0.900000
120,0,6.000000,15.332300,-30.136900,-0.655800,2.043300,4.754300,1.663300,-4.472900,9.393000,1.900400,0.900000
120,0,6.100000,14.882700,-29.194100,-0.622400,2.043300,4.754300,1.663300,-4.502000,9.425900,1.901820,0.900000
120,0,6.200000,14.430100,-28.248100,-0.588700,2.043300,4.754300,1.663300,-4.545100,9.489200,1.903260,0.900000
120,0,6.300000,13.974900,-27.298900,-0.554800,2.043300,4.754300,1.663300,-4.572100,9.520000,1.904640,0.900000
120,0,6.400000,13.517000,-26.346600,-0.520700,2.043300,4.754300,1.663300,-4.582900,9.518100,1.906280,0.900000
120,0,6.500000,13.056500,-25.391500,-0.486300,2.043300,4.754300,1.663300,-4.542500,9.411600,1.908240,0.900000
120,0,6.603000,12.593600,-24.433500,-0.451800,2.043300,4.754300,1.663300,-4.646800,9.606100,1.910180,0.900000
120,0,6.700000,12.128400,-23.472800,-0.417000,2.043300,4.754300,1.663300,-4.738200,9.774000,1.912110,0.900000
120,0,6.800000,11.660900,-22.509500,-0.382100,2.043300,4.754300,1.663300,-4.692100,9.659500,1.914170,0.900000
120,0,6.900000,11.191200,-21.543500,-0.347000,2.043300,4.754300,1.663300,-4.713300,9.684800,1.916070,0.900000
120,0,7.000000,10.719500,-20.575100,-0.311700,2.043300,4.754300,1.663300,-4.718000,9.677200,1.917960,0.900000
120,0,7.100000,10.245800,-19.604300,-0.276300,2.043300,4.754300,1.663300,-4.737500,9.700900,1.920010,0.900000
120,0,7.200000,9.770100,-18.631100,-0.240600,2.043300,4.754300,1.663300,-4.772000,9.756200,1.921900,0.900000
120,0,7.300000,9.292600,-17.655700,-0.204900,2.043300,4.754300,1.663300,-4.790100,9.778700,1.924030,0.900000
120,0,7.400000,8.813400,-16.678000,-0.168900,2.043300,4.754300,1.663300,-4.791500,9.768100,1.926040,0.900000
120,0,7.500000,8.332500,-15.698300,-0.132800,2.043300,4.754300,1.663300,-4.808000,9.789100,1.928190,0.900000
120,0,7.600000,7.849900,-14.716400,-0.096600,2.043300,4.754300,1.663300,-4.839800,9.842100,1.930180,0.900000
120,0,7.700000,7.365800,-13.732500,-0.060200,2.043300,4.754300,1.663300,-4.855200,9.862300,1.932140,0.900000
120,0,7.800000,6.880200,-12.746600,-0.023700,2.043300,4.754300,1.663300,-4.853800,9.849400,1.934640,0.900000
120,0,7.900000,6.393100,-11.758700,0.013000,2.043300,4.754300,1.663300,-4.884000,9.901200,1.937190,0.900000
120,0,8.000000,5.904700,-10.769000,0.049700,2.043300,4.754300,1.663300,-4.897400,9.919900,1.939480,0.900000
120,0,8.100000,5.414900,-9.777400,0.086700,2.043300,4.754300,1.663300,-4.894100,9.905300,1.941840,0.900000
120,0,8.200000,4.923900,-8.784000,0.123700,2.043300,4.754300,1.663300,-4.906400,9.923100,1.943160,0.900000
120,0,8.300000,4.431700,-7.788900,0.160800,2.043300,4.754300,1.663300,-4.934600,9.973700,1.943040,0.900000
120,0,8.400000,3.938400,-6.792000,0.198100,2.043300,4.754300,1.663300,-4.945900,9.990900,1.943510,0.900000
120,0,8.500000,3.443900,-5.793400,0.235500,2.043300,4.754300,1.663300,-4.940400,9.974600,1.944850,0.900000
120,0,8.600000,2.948300,-4.793200,0.273000,2.043300,4.754300,1.663300,-4.967000,10.024100,1.945750,0.900000
120,0,8.700000,2.451800,-3.791300,0.310600,2.043300,4.754300,1.663300,-4.977000,10.040500,1.946500,0.900000
120,0,8.800000,1.954300,-2.787700,0.348300,2.043300,4.754300,1.663300,-4.970100,10.023700,1.947310,0.900000
120,0,8.900000,1.455800,-1.782600,0.386200,2.043300,4.754300,1.663300,-4.995700,10.072900,1.948180,0.900000
120,0,9.000000,0.956500,-0.775900,0.424100,2.043300,4.754300,1.663300,-5.004300,10.088600,1.948800,0.900000
120,0,9.100000,0.456300,0.232400,0.462100,2.043300,4.754300,1.663300,-4.996000,10.070800,1.993040,0.900000
120,0,9.200000,-0.044700,1.242200,0.500300,2.043300,4.754300,1.663300,-5.020500,10.119800,1.950730,0.900000
120,0,9.300000,-0.546400,2.253600,0.538500,2.043300,4.754300,1.663300,-5.028000,10.135200,1.952020,0.900000
120,0,9.400000,-1.048900,3.266500,0.576900,2.043300,4.754300,1.663300,-5.018500,10.116800,1.991690,0.900000
120,0,9.500000,-1.552100,4.280900,0.615300,2.043300,4.754300,1.663300,-5.025300,10.132000,1.954670,0.900000
120,0,9.600000,-2.056000,5.296900,0.653900,2.043300,4.754300,1.663300,-5.048400,10.180700,1.956250,0.900000
120,0,9.700000,-2.560400,6.314400,0.692500,2.043300,4.754300,1.663300,-5.054500,10.195900,1.990380,0.900000
120,0,9.800000,-3.065500,7.333300,0.731200,2.043300,4.754300,1.663300,-5.043600,10.177500,1.959820,0.900000
120,0,9.900000,-3.571100,8.353900,0.770100,2.043300,4.754300,1.663300,-5.065900,10.226500,1.989580,0.900000
120,0,10.000000,-4.077300,9.375900,0.809000,2.043300,4.754300,1.663300,-5.071100,10.241800,1.989140,0.900000
120,0,10.100000,-4.584000,10.399400,0.848000,2.043300,4.754300,1.663300,-5.059100,10.223200,1.988710,0.900000
120,0,10.200000,-5.091100,11.424500,0.887100,2.043300,4.754300,1.663300,-5.080600,10.272700,1.966700,0.900000
120,0,10.300000,-5.598700,12.451200,0.926300,2.043300,4.754300,1.663300,-5.084900,10.288300,1.987870,0.900000
120,0,10.400000,-6.106700,13.479400,0.965600,2.043300,4.754300,1.663300,-5.072100,10.269900,1.970320,0.900000
120,0,10.500000,-6.615100,14.509200,1.005000,2.043300,4.754300,1.663300,-5.075900,10.285800,1.972280,0.900000
120,0,10.600000,-7.123900,15.540600,1.044600,2.043300,4.754300,1.663300,-5.096100,10.335800,1.974200,0.900000
120,0,10.700000,-7.633000,16.573600,1.084200,2.043300,4.754300,1.663300,-5.099400,10.352100,1.976040,0.900000
120,0,10.800000,-8.142400,17.608300,1.123900,2.043300,4.754300,1.663300,-5.085700,10.334700,1.977950,0.900000
120,0,10.900000,-8.652100,18.644600,1.163700,2.043300,4.754300,1.663300,-5.105300,10.385900,1.980070,0.900000
120,0,11.000000,-9.162100,19.682700,1.203600,2.043300,4.754300,1.663300,-5.107900,10.403100,1.985040,0.900000
120,0,11.100000,-9.672300,20.722400,1.243600,2.043300,4.754300,1.663300,-5.093300,10.386200,1.986520,0.900000
120,0,11.200000,-10.182800,21.764000,1.283700,2.043300,4.754300,1.663300,-5.112200,10.438500,1.988030,0.900000
120,0,11.300000,-10.693400,22.807300,1.323900,2.043300,4.754300,1.663300,-5.114100,10.456800,1.987960,0.900000
120,0,11.400000,-11.204200,23.852500,1.364200,2.043300,4.754300,1.663300,-5.098700,10.440700,1.991000,0.900000
120,0,11.500000,-11.715100,24.899500,1.404700,2.043300,4.754300,1.663300,-5.100100,10.459700,1.992460,0.900000
120,0,11.600000,-12.226200,25.948500,1.445200,2.043300,4.754300,1.663300,-5.118100,10.513800,1.993930,0.900000
120,0,11.700000,-12.737400,26.999500,1.485900,2.043300,4.754300,1.663300,-5.118500,10.532800,1.995390,0.900000
120,0,11.800000,-13.248600,28.052300,1.526700,2.043300,4.754300,1.663300,-5.100800,10.515400,1.996860,0.900000
120,0,11.900000,-13.759600,29.106700,1.567600,2.043300,4.754300,1.663300,-5.114300,10.565700,1.998350,0.900000
120,0,12.000000,-14.270000,30.162600,1.608700,2.043300,4.754300,1.663300,-5.107500,10.577500,1.999830,0.900000
120,0,12.100000,-14.779700,31.219400,1.649900,2.043300,4.754300,1.663300,-5.080600,10.548800,2.001290,0.900000
120,0,12.200000,-15.288100,32.276500,1.691400,2.043300,4.754300,1.663300,-5.069200,10.552500,2.002760,0.900000
120,0,12.300000,-15.795500,33.334000,1.733000,2.043300,4.754300,1.663300,-5.074400,10.591600,2.004220,0.900000
120,0,12.400000,-16.301700,34.391900,1.774700,2.043300,4.754300,1.663300,-5.062300,10.595200,2.005670,0.900000
120,0,12.500000,-16.806600,35.450200,1.816600,2.043300,4.754300,1.663300,-5.033500,10.561900,2.007120,0.900000
120,0,12.600000,-17.310300,36.508400,1.858600,2.043300,4.754300,1.663300,-5.038200,10.595900,2.008580,0.900000
120,0,12.700000,-17.812900,37.566500,1.900600,2.043300,4.754300,1.663300,-5.026000,10.592000,2.010040,0.900000
120,0,12.800000,-18.314200,38.624000,1.942500,2.043300,4.754300,1.663300,-4.996900,10.550300,2.011490,0.900000
120,0,12.900000,-18.814200,39.680700,1.984300,2.043300,4.754300,1.663300,-5.000300,10.575000,2.012950,0.900000
120,0,13.000000,-19.312900,40.736200,2.026000,2.043300,4.754300,1.663300,-4.986600,10.561000,2.014400,0.900000
120,0,13.100000,-19.810200,41.790000,2.067600,2.043300,4.754300,1.663300,-4.956100,10.508000,2.015850,0.900000
120,0,13.200000,-20.306100,42.841900,2.109100,2.043300,4.754300,1.663300,-4.957900,10.519800,2.017290,0.900000
120,0,13.300000,-20.800400,43.891200,2.150400,2.043300,4.754300,1.663300,-4.942000,10.491500,2.018730,0.900000
120,0,13.400000,-21.293100,44.937300,2.191500,2.043300,4.754300,1.663300,-4.908200,10.423900,2.020160,0.900000
120,0,13.500000,-21.784000,45.980000,2.232400,2.043300,4.754300,1.663300,-4.889100,10.387400,2.021570,0.900000
120,0,13.600000,-22.272900,47.018900,2.273000,2.043300,4.754300,1.663300,-4.884100,10.380600,2.023000,0.900000
120,0,13.700000,-22.759500,48.053400,2.313200,2.043300,4.754300,1.663300,-4.861100,10.334400,2.024460,0.900000
120,0,13.800000,-23.243800,49.083000,2.352900,2.043300,4.754300,1.663300,-4.821500,10.250400,2.025920,0.900000
120,0,13.900000,-23.725700,50.107500,2.392000,2.043300,4.754300,1.663300,-4.813600,10.230800,2.027370,0.900000
120,0,14.000000,-24.205200,51.126400,2.430600,2.043300,4.754300,1.663300,-4.789600,10.174100,2.028820,0.900000
120,0,14.100000,-24.682400,52.139500,2.468400,2.043300,4.754300,1.663300,-4.749300,10.081700,2.028830,0.900000
120,0,14.200000,-25.157000,53.146700,2.505700,2.043300,4.754300,1.663300,-4.724500,10.021800,2.028820,0.900000
120,0,14.300000,-25.629100,54.147900,2.542200,2.043300,4.754300,1.663300,-4.715200,9.994200,2.028820,0.900000
120,0,14.400000,-26.098700,55.142900,2.578000,2.043300,4.754300,1.663300,-4.689800,9.932900,2.028820,0.900000
120,0,14.500000,-26.565800,56.131700,2.613200,2.043300,4.754300,1.663300,-4.648200,9.839400,2.028820,0.900000
120,0,14.600000,-27.030200,57.114600,2.647800,2.043300,4.754300,1.663300,-4.636700,9.811700,2.028820,0.900000
120,0,14.700000,-27.491900,58.091500,2.681800,2.043300,4.754300,1.663300,-4.609000,9.752100,2.028820,0.900000
120,0,14.800000,-27.950800,59.062400,2.715400,2.043300,4.754300,1.663300,-4.565700,9.661100,2.028820,0.900000
120,0,14.900000,-28.406800,60.027500,2.748500,2.043300,4.754300,1.663300,-4.553000,9.635600,2.028820,0.900000
120,0,15.000000,-28.860100,60.986900,2.781200,2.043300,4.754300,1.663300,-4.526200,9.580600,2.028820,0.900000
120,0,15.100000,-29.310800,61.941000,2.813700,2.043300,4.754300,1.663300,-4.486100,9.498200,2.028820,0.900000
120,0,15.200000,-29.759100,62.890300,2.845900,2.043300,4.754300,1.663300,-4.463400,9.453000,2.028810,0.900000
120,0,15.300000,-30.205300,63.835300,2.878000,2.043300,4.754300,1.663300,-4.459100,9.446300,2.028810,0.900000
120,0,15.400000,-30.649700,64.777000,2.909900,2.043300,4.754300,1.663300,-4.444200,9.417100,2.028810,0.900000
120,0,15.500000,-31.092900,65.716200,2.941700,2.043300,4.754300,1.663300,-4.419900,9.367300,2.028810,0.900000
120,0,15.600000,-31.535500,66.654100,2.973400,2.043300,4.754300,1.663300,-4.416600,9.360800,2.028810,0.900000
121,0,0.000000,-38.187800,39.294600,2.461700,1.740000,4.030000,1.410000,0.001700,-0.039600,-1.175790,0.900000
121,0,0.100000,-38.187600,39.290600,2.461700,1.740000,4.030000,1.410000,0.001800,-0.039700,-1.175810,0.900000
121,0,0.200000,-38.187400,39.286700,2.461600,1.740000,4.030000,1.410000,0.002300,-0.039500,-1.175810,0.900000
121,0,0.300000,-38.187200,39.282700,2.461600,1.740000,4.030000,1.410000,0.002900,-0.039000,-1.175800,0.900000
121,0,0.400000,-38.186800,39.278900,2.461600,1.740000,4.030000,1.410000,0.003500,-0.038400,-1.175840,0.900000
121,0,0.500000,-38.186500,39.275100,2.461600,1.740000,4.030000,1.410000,0.003800,-0.037300,-1.175780,0.900000
121,0,0.600000,-38.186100,39.271400,2.461600,1.740000,4.030000,1.410000,0.003700,-0.035500,-1.175790,0.900000
121,0,0.700000,-38.185700,39.267900,2.461500,1.740000,4.030000,1.410000,0.003400,-0.033300,-1.175770,0.900000
121,0,0.800000,-38.185400,39.264700,2.461500,1.740000,4.030000,1.410000,0.003000,-0.031000,-1.175800,0.900000
121,0,0.900000,-38.185100,39.261800,2.461400,1.740000,4.030000,1.410000,0.002600,-0.028400,-1.175800,0.900000
121,0,1.000000,-38.184900,39.259100,2.461300,1.740000,4.030000,1.410000,0.002200,-0.025500,-1.175840,0.900000
121,0,1.100000,-38.184700,39.256600,2.461300,1.740000,4.030000,1.410000,0.002000,-0.022500,-1.175880,0.900000
121,0,1.200000,-38.184500,39.254600,2.461200,1.740000,4.030000,1.410000,0.001900,-0.019400,-1.175880,0.900000
121,0,1.300000,-38.184300,39.252800,2.461200,1.740000,4.030000,1.410000,0.001500,-0.016200,-1.175900,0.900000
121,0,1.400000,-38.184200,39.251300,2.461100,1.740000,4.030000,1.410000,0.001000,-0.013100,-1.175900,0.900000
121,0,1.500000,-38.184100,39.250200,2.461100,1.740000,4.030000,1.410000,0.000300,-0.010000,-1.175970,0.900000
121,0,1.600000,-38.184100,39.249300,2.461000,1.740000,4.030000,1.410000,-0.000600,-0.007300,-1.176000,0.900000
121,0,1.700000,-38.184200,39.248700,2.461000,1.740000,4.030000,1.410000,-0.001500,-0.005200,-1.176000,0.900000
121,0,1.800000,-38.184400,39.248300,2.460900,1.740000,4.030000,1.410000,-0.002600,-0.003700,-1.176040,0.900000
121,0,1.900000,-38.184700,39.248000,2.460900,1.740000,4.030000,1.410000,-0.003900,-0.002900,-1.175990,0.900000
121,0,2.000000,-38.185200,39.247700,2.460800,1.740000,4.030000,1.410000,-0.005200,-0.002700,-1.175880,0.900000
121,0,2.100000,-38.185800,39.247400,2.460800,1.740000,4.030000,1.410000,-0.006700,-0.003000,-1.175770,0.900000
121,0,2.200000,-38.186500,39.247100,2.460700,1.740000,4.030000,1.410000,-0.008200,-0.003600,-1.175690,0.900000
121,0,2.300000,-38.187400,39.246700,2.460700,1.740000,4.030000,1.410000,-0.009700,-0.004300,-1.175520,0.900000
121,0,2.400000,-38.188500,39.246200,2.460600,1.740000,4.030000,1.410000,-0.011200,-0.005300,-1.175440,0.900000
121,0,2.500000,-38.189600,39.245600,2.460500,1.740000,4.030000,1.410000,-0.012400,-0.006800,-1.175410,0.900000
121,0,2.600000,-38.190900,39.244900,2.460500,1.740000,4.030000,1.410000,-0.013300,-0.008200,-1.175340,0.900000
121,0,2.700000,-38.192300,39.244000,2.460400,1.740000,4.030000,1.410000,-0.014200,-0.009000,-1.175350,0.900000
121,0,2.800000,-38.193800,39.243100,2.460300,1.740000,4.030000,1.410000,-0.015200,-0.009100,-1.175370,0.900000
121,0,2.900000,-38.195300,39.242200,2.460300,1.740000,4.030000,1.410000,-0.016100,-0.008100,-1.175400,0.900000
121,0,3.000000,-38.197000,39.241400,2.460300,1.740000,4.030000,1.410000,-0.017100,-0.006000,-1.175410,0.900000
121,0,3.100000,-38.198800,39.241000,2.460300,1.740000,4.030000,1.410000,-0.018300,-0.002700,-1.175440,0.900000
121,0,3.200000,-38.200600,39.240900,2.460300,1.740000,4.030000,1.410000,-0.019600,0.001900,-1.175420,0.900000
121,0,3.300000,-38.202700,39.241400,2.460300,1.740000,4.030000,1.410000,-0.021200,0.007900,-1.175370,0.900000
121,0,3.400000,-38.204900,39.242500,2.460400,1.740000,4.030000,1.410000,-0.023200,0.014900,-1.175400,0.900000
121,0,3.500000,-38.207300,39.244400,2.460500,1.740000,4.030000,1.410000,-0.025500,0.023000,-1.175390,0.900000
121,0,3.600000,-38.210000,39.247100,2.460700,1.740000,4.030000,1.410000,-0.027800,0.031600,-1.175360,0.900000
121,0,3.700000,-38.212900,39.250700,2.460900,1.740000,4.030000,1.410000,-0.030000,0.040700,-1.175300,0.900000
121,0,3.800000,-38.216000,39.255200,2.461100,1.740000,4.030000,1.410000,-0.032200,0.049900,-1.175250,0.900000
121,0,3.900000,-38.219300,39.260700,2.461400,1.740000,4.030000,1.410000,-0.033900,0.058700,-1.175230,0.900000
121,0,4.000000,-38.222800,39.266900,2.461700,1.740000,4.030000,1.410000,-0.034900,0.066700,-1.175200,0.900000
121,0,4.100000,-38.226300,39.274000,2.462100,1.740000,4.030000,1.410000,-0.035700,0.074100,-1.175200,0.900000
121,0,4.200000,-38.229900,39.281700,2.462500,1.740000,4.030000,1.410000,-0.035600,0.080000,-1.175250,0.900000
121,0,4.300000,-38.233400,39.290000,2.463000,1.740000,4.030000,1.410000,-0.034700,0.084100,-1.175280,0.900000
121,0,4.400000,-38.236800,39.298600,2.463500,1.740000,4.030000,1.410000,-0.033300,0.087000,-1.175300,0.900000
121,0,4.500000,-38.240100,39.307400,2.464000,1.740000,4.030000,1.410000,-0.030800,0.087600,-1.175330,0.900000
121,0,4.600000,-38.243000,39.316100,2.464500,1.740000,4.030000,1.410000,-0.027400,0.085700,-1.175330,0.900000
121,0,4.700000,-38.245600,39.324500,2.464900,1.740000,4.030000,1.410000,-0.023300,0.081900,-1.175330,0.900000
121,0,4.800000,-38.247700,39.332500,2.465400,1.740000,4.030000,1.410000,-0.018500,0.076100,-1.175330,0.900000
121,0,4.900000,-38.249200,39.339700,2.465800,1.740000,4.030000,1.410000,-0.013000,0.068200,-1.175330,0.900000
121,0,5.000000,-38.250300,39.346100,2.466200,1.740000,4.030000,1.410000,-0.007100,0.058800,-1.175330,0.900000
121,0,5.100000,-38.250700,39.351500,2.466500,1.740000,4.030000,1.410000,-0.001100,0.049000,-1.175330,0.900000
121,0,5.200000,-38.250500,39.355900,2.466800,1.740000,4.030000,1.410000,0.004800,0.038700,-1.175320,0.900000
121,0,5.300000,-38.249700,39.359300,2.467000,1.740000,4.030000,1.410000,0.010500,0.028300,-1.175310,0.900000
121,0,5.400000,-38.248400,39.361600,2.467200,1.740000,4.030000,1.410000,0.015700,0.018100,-1.175260,0.900000
121,0,5.503000,-38.246500,39.362900,2.467300,1.740000,4.030000,1.410000,0.021100,0.009200,-1.175230,0.900000
121,0,5.600000,-38.244200,39.363400,2.467400,1.740000,4.030000,1.410000,0.026100,0.001000,-1.175190,0.900000
121,0,5.700000,-38.241400,39.363200,2.467400,1.740000,4.030000,1.410000,0.029700,-0.005800,-1.175170,0.900000
121,0,5.800000,-38.238200,39.362300,2.467500,1.740000,4.030000,1.410000,0.033000,-0.010400,-1.175180,0.900000
121,0,5.900000,-38.234800,39.361100,2.467500,1.740000,4.030000,1.410000,0.034900,-0.011800,-1.175170,0.900000
121,0,6.000000,-38.231200,39.359900,2.467500,1.740000,4.030000,1.410000,0.035200,-0.009500,-1.175170,0.900000
121,0,6.100000,-38.227700,39.359200,2.467500,1.740000,4.030000,1.410000,0.034000,-0.002700,-1.175230,0.900000
121,0,6.200000,-38.224400,39.359400,2.467700,1.740000,4.030000,1.410000,0.030900,0.009300,-1.175250,0.900000
121,0,6.300000,-38.221500,39.361000,2.467900,1.740000,4.030000,1.410000,0.026500,0.024100,-1.175290,0.900000
121,0,6.400000,-38.219100,39.364200,2.468200,1.740000,4.030000,1.410000,0.022100,0.036700,-1.175330,0.900000
121,0,6.500000,-38.217100,39.368400,2.468500,1.740000,4.030000,1.410000,0.018100,0.045200,-1.175380,0.900000
121,0,6.603000,-38.215500,39.373400,2.468900,1.740000,4.030000,1.410000,0.014500,0.053800,-1.175400,0.900000
121,0,6.700000,-38.214200,39.379100,2.469300,1.740000,4.030000,1.410000,0.010100,0.061700,-1.175440,0.900000
121,0,6.800000,-38.213500,39.385500,2.469800,1.740000,4.030000,1.410000,0.004400,0.068000,-1.175450,0.900000
121,0,6.900000,-38.213300,39.392700,2.470300,1.740000,4.030000,1.410000,-0.002400,0.076300,-1.175450,0.900000
121,0,7.000000,-38.214000,39.400800,2.470800,1.740000,4.030000,1.410000,-0.010500,0.085100,-1.175480,0.900000
121,0,7.100000,-38.215500,39.409800,2.471500,1.740000,4.030000,1.410000,-0.019400,0.094500,-1.175480,0.900000
121,0,7.200000,-38.217900,39.419700,2.472200,1.740000,4.030000,1.410000,-0.029000,0.104100,-1.175570,0.900000
121,0,7.300000,-38.221200,39.430600,2.473000,1.740000,4.030000,1.410000,-0.039100,0.113400,-1.175560,0.900000
121,0,7.400000,-38.225700,39.442300,2.473900,1.740000,4.030000,1.410000,-0.049300,0.122200,-1.175580,0.900000
121,0,7.500000,-38.231100,39.455000,2.474800,1.740000,4.030000,1.410000,-0.059700,0.131200,-1.175590,0.900000
121,0,7.600000,-38.237600,39.468600,2.475800,1.740000,4.030000,1.410000,-0.070100,0.140000,-1.175550,0.900000
121,0,7.700000,-38.245100,39.483000,2.476900,1.740000,4.030000,1.410000,-0.079800,0.147500,-1.175620,0.900000
121,0,7.800000,-38.253600,39.498100,2.478100,1.740000,4.030000,1.410000,-0.088300,0.153100,-1.175660,0.900000
121,0,7.900000,-38.262800,39.513700,2.479300,1.740000,4.030000,1.410000,-0.096500,0.158800,-1.175620,0.900000
121,0,8.000000,-38.272900,39.529800,2.480500,1.740000,4.030000,1.410000,-0.103600,0.163700,-1.175680,0.900000
121,0,8.100000,-38.283500,39.546400,2.481800,1.740000,4.030000,1.410000,-0.108800,0.166700,-1.175010,0.900000
121,0,8.200000,-38.294600,39.563200,2.483100,1.740000,4.030000,1.410000,-0.112300,0.168500,-1.175380,0.900000
121,0,8.300000,-38.306000,39.580100,2.484400,1.740000,4.030000,1.410000,-0.114100,0.168700,-1.175250,0.900000
121,0,8.400000,-38.317400,39.596900,2.485700,1.740000,4.030000,1.410000,-0.113200,0.166000,-1.175180,0.900000
121,0,8.500000,-38.328600,39.613300,2.487000,1.740000,4.030000,1.410000,-0.109200,0.159800,-1.175240,0.900000
121,0,8.600000,-38.339300,39.628900,2.488200,1.740000,4.030000,1.410000,-0.102800,0.152200,-1.175120,0.900000
121,0,8.700000,-38.349200,39.643700,2.489400,1.740000,4.030000,1.410000,-0.093200,0.142800,-1.175080,0.900000
121,0,8.800000,-38.357900,39.657500,2.490500,1.740000,4.030000,1.410000,-0.080200,0.131300,-1.175030,0.900000
121,0,8.900000,-38.365200,39.670000,2.491600,1.740000,4.030000,1.410000,-0.065600,0.119500,-1.174950,0.900000
121,0,9.000000,-38.371000,39.681300,2.492500,1.740000,4.030000,1.410000,-0.049900,0.107100,-1.175110,0.900000
121,0,9.100000,-38.375200,39.691400,2.493400,1.740000,4.030000,1.410000,-0.034100,0.094800,-1.175450,0.900000
121,0,9.200000,-38.377800,39.700300,2.494300,1.740000,4.030000,1.410000,-0.019500,0.083800,-1.175180,0.900000
121,0,9.300000,-38.379100,39.708100,2.495000,1.740000,4.030000,1.410000,-0.005900,0.073000,-1.175220,0.900000
121,0,9.400000,-38.379000,39.714900,2.495700,1.740000,4.030000,1.410000,0.005700,0.064000,-1.175260,0.900000
121,0,9.500000,-38.378000,39.720900,2.496300,1.740000,4.030000,1.410000,0.013900,0.058300,-1.175310,0.900000
121,0,9.600000,-38.376200,39.726600,2.496900,1.740000,4.030000,1.410000,0.019600,0.055100,-1.175330,0.900000
121,0,9.700000,-38.374000,39.732000,2.497400,1.740000,4.030000,1.410000,0.023300,0.053300,-1.175350,0.900000
121,0,9.800000,-38.371600,39.737200,2.497900,1.740000,4.030000,1.410000,0.025400,0.052800,-1.175330,0.900000
121,0,9.900000,-38.368900,39.742500,2.498400,1.740000,4.030000,1.410000,0.026600,0.053800,-1.175320,0.900000
121,0,10.000000,-38.366300,39.748000,2.498900,1.740000,4.030000,1.410000,0.027200,0.055500,-1.175350,0.900000
121,0,10.100000,-38.363500,39.753600,2.499300,1.740000,4.030000,1.410000,0.027700,0.057100,-1.175370,0.900000
121,0,10.200000,-38.360700,39.759400,2.499800,1.740000,4.030000,1.410000,0.028400,0.059000,-1.175470,0.900000
121,0,10.300000,-38.357800,39.765400,2.500300,1.740000,4.030000,1.410000,0.029000,0.060800,-1.175430,0.900000
121,0,10.400000,-38.354900,39.771600,2.500800,1.740000,4.030000,1.410000,0.029500,0.062400,-1.175370,0.900000
121,0,10.500000,-38.351900,39.777900,2.501300,1.740000,4.030000,1.410000,0.030100,0.064000,-1.175320,0.900000
121,0,10.600000,-38.348900,39.784400,2.501800,1.740000,4.030000,1.410000,0.030600,0.065400,-1.175300,0.900000
121,0,10.700000,-38.345800,39.791000,2.502300,1.740000,4.030000,1.410000,0.030800,0.066100,-1.175380,0.900000
121,0,10.800000,-38.342700,39.797600,2.502800,1.740000,4.030000,1.410000,0.030800,0.066100,-1.175380,0.900000
122,0,0.000000,-46.743600,101.886300,3.832400,2.109000,4.030000,1.602900,-1.303400,2.802000,2.015490,0.900000
122,0,0.100000,-46.874200,102.167100,3.829400,2.109000,4.030000,1.602900,-1.307500,2.812300,2.015480,0.900000
122,0,0.200000,-47.004700,102.448000,3.826300,2.109000,4.030000,1.602900,-1.305500,2.814700,2.015480,0.900000
122,0,0.300000,-47.135000,102.729300,3.823300,2.109000,4.030000,1.602900,-1.297700,2.806300,2.015490,0.900000
122,0,0.400000,-47.264800,103.010400,3.820100,2.109000,4.030000,1.602900,-1.297500,2.812100,2.015440,0.900000
122,0,0.500000,-47.394100,103.290900,3.816900,2.109000,4.030000,1.602900,-1.290900,2.803300,2.015510,0.900000
122,0,0.600000,-47.522600,103.570300,3.813600,2.109000,4.030000,1.602900,-1.277600,2.779400,2.015500,0.900000
122,0,0.700000,-47.650100,103.847900,3.810300,2.109000,4.030000,1.602900,-1.266600,2.758800,2.015520,0.900000
122,0,0.800000,-47.776400,104.123100,3.806800,2.109000,4.030000,1.602900,-1.258900,2.741000,2.015480,0.900000
122,0,0.900000,-47.901600,104.395400,3.803100,2.109000,4.030000,1.602900,-1.245900,2.708000,2.015490,0.900000
122,0,1.000000,-48.025300,104.664000,3.799400,2.109000,4.030000,1.602900,-1.225900,2.661400,2.015440,0.900000
122,0,1.100000,-48.147200,104.928700,3.795500,2.109000,4.030000,1.602900,-1.212000,2.627600,2.015410,0.900000
122,0,1.200000,-48.267400,105.188800,3.791500,2.109000,4.030000,1.602900,-1.192700,2.579300,2.015400,0.900000
122,0,1.300000,-48.385400,105.443800,3.787400,2.109000,4.030000,1.602900,-1.169000,2.516500,2.015380,0.900000
122,0,1.400000,-48.501600,105.693100,3.783100,2.109000,4.030000,1.602900,-1.153600,2.463700,2.015390,0.900000
122,0,1.500000,-48.615900,105.935900,3.778600,2.109000,4.030000,1.602900,-1.133900,2.397100,2.015310,0.900000
122,0,1.600000,-48.728100,106.171900,3.774000,2.109000,4.030000,1.602900,-1.108700,2.318400,2.015280,0.900000
122,0,1.700000,-48.838000,106.400500,3.769200,2.109000,4.030000,1.602900,-1.084600,2.244000,2.015280,0.900000
122,0,1.800000,-48.945400,106.621600,3.764300,2.109000,4.030000,1.602900,-1.061700,2.173700,2.015240,0.900000
122,0,1.900000,-49.050100,106.834700,3.759200,2.109000,4.030000,1.602900,-1.031900,2.093800,2.015300,0.900000
122,0,2.000000,-49.151600,107.039800,3.753900,2.109000,4.030000,1.602900,-0.995600,2.006100,2.015410,0.900000
122,0,2.100000,-49.249600,107.236700,3.748500,2.109000,4.030000,1.602900,-0.964100,1.930800,2.015510,0.900000
122,0,2.200000,-49.344100,107.425400,3.742900,2.109000,4.030000,1.602900,-0.928800,1.847900,2.015590,0.900000
122,0,2.300000,-49.435100,107.605800,3.737200,2.109000,4.030000,1.602900,-0.889800,1.759200,2.015770,0.900000
122,0,2.400000,-49.522400,107.777900,3.731500,2.109000,4.030000,1.602900,-0.851400,1.678900,2.015850,0.900000
122,0,2.500000,-49.605700,107.942200,3.725700,2.109000,4.030000,1.602900,-0.812800,1.607000,2.015880,0.900000
122,0,2.600000,-49.684800,108.098900,3.719900,2.109000,4.030000,1.602900,-0.770400,1.532400,2.015950,0.900000
122,0,2.700000,-49.759600,108.248300,3.714100,2.109000,4.030000,1.602900,-0.726000,1.455400,2.015930,0.900000
122,0,2.800000,-49.830200,108.390500,3.708400,2.109000,4.030000,1.602900,-0.686800,1.390800,2.015920,0.900000
122,0,2.900000,-49.896800,108.526000,3.702700,2.109000,4.030000,1.602900,-0.646200,1.324000,2.015880,0.900000
122,0,3.000000,-49.959300,108.655000,3.697100,2.109000,4.030000,1.602900,-0.605800,1.255300,2.015880,0.900000
122,0,3.100000,-50.018200,108.777600,3.691500,2.109000,4.030000,1.602900,-0.571800,1.196600,2.015850,0.900000
122,0,3.200000,-50.073500,108.894000,3.686100,2.109000,4.030000,1.602900,-0.537800,1.135400,2.015860,0.900000
122,0,3.300000,-50.125600,109.004400,3.680800,2.109000,4.030000,1.602900,-0.504500,1.072500,2.015910,0.900000
122,0,3.400000,-50.174600,109.108900,3.675600,2.109000,4.030000,1.602900,-0.478100,1.018000,2.015880,0.900000
122,0,3.500000,-50.221100,109.207700,3.670600,2.109000,4.030000,1.602900,-0.454000,0.960800,2.015900,0.900000
122,0,3.600000,-50.265300,109.300800,3.665700,2.109000,4.030000,1.602900,-0.431600,0.901800,2.015930,0.900000
122,0,3.700000,-50.307600,109.388400,3.661000,2.109000,4.030000,1.602900,-0.413500,0.846700,2.015990,0.900000
122,0,3.800000,-50.348200,109.470500,3.656500,2.109000,4.030000,1.602900,-0.399000,0.794800,2.016040,0.900000
122,0,3.900000,-50.387300,109.547100,3.652200,2.109000,4.030000,1.602900,-0.383800,0.741400,2.016060,0.900000
122,0,4.000000,-50.424800,109.618600,3.648100,2.109000,4.030000,1.602900,-0.366800,0.687600,2.016090,0.900000
122,0,4.100000,-50.460800,109.684900,3.644200,2.109000,4.030000,1.602900,-0.350700,0.640700,2.016080,0.900000
122,0,4.200000,-50.494900,109.746500,3.640600,2.109000,4.030000,1.602900,-0.332300,0.593800,2.016030,0.900000
122,0,4.300000,-50.527100,109.803500,3.637100,2.109000,4.030000,1.602900,-0.312000,0.546800,2.016010,0.900000
122,0,4.400000,-50.557400,109.856100,3.633900,2.109000,4.030000,1.602900,-0.291400,0.505900,2.015980,0.900000
122,0,4.500000,-50.585300,109.904600,3.630900,2.109000,4.030000,1.602900,-0.267100,0.465600,2.015960,0.900000
122,0,4.600000,-50.610800,109.949100,3.628100,2.109000,4.030000,1.602900,-0.241300,0.425600,2.015950,0.900000
122,0,4.700000,-50.633700,109.989900,3.625600,2.109000,4.030000,1.602900,-0.217800,0.387800,2.015960,0.900000
122,0,4.800000,-50.654400,110.026800,3.623200,2.109000,4.030000,1.602900,-0.197300,0.351200,2.015950,0.900000
122,0,4.900000,-50.673100,110.060000,3.621100,2.109000,4.030000,1.602900,-0.178000,0.314100,2.015960,0.900000
122,0,5.000000,-50.690000,110.089600,3.619200,2.109000,4.030000,1.602900,-0.159600,0.277700,2.015950,0.900000
122,0,5.100000,-50.705100,110.115600,3.617500,2.109000,4.030000,1.602900,-0.143200,0.245400,2.015960,0.900000
122,0,5.200000,-50.718600,110.138600,3.616100,2.109000,4.030000,1.602900,-0.127800,0.215000,2.015960,0.900000
122,0,5.300000,-50.730600,110.158600,3.614800,2.109000,4.030000,1.602900,-0.114200,0.187100,2.015980,0.900000
122,0,5.400000,-50.741500,110.176100,3.613700,2.109000,4.030000,1.602900,-0.102400,0.161200,2.016020,0.900000
122,0,5.503000,-50.751400,110.191400,3.612800,2.109000,4.030000,1.602900,-0.097600,0.144300,2.016050,0.900000
122,0,5.600000,-50.760900,110.204900,3.611900,2.109000,4.030000,1.602900,-0.094700,0.128700,2.016100,0.900000
122,0,5.700000,-50.770100,110.216700,3.611200,2.109000,4.030000,1.602900,-0.088500,0.109900,2.016120,0.900000
122,0,5.800000,-50.778700,110.226900,3.610600,2.109000,4.030000,1.602900,-0.082500,0.095100,2.016110,0.900000
122,0,5.900000,-50.786500,110.235700,3.610100,2.109000,4.030000,1.602900,-0.074000,0.081100,2.016110,0.900000
122,0,6.000000,-50.793500,110.243100,3.609700,2.109000,4.030000,1.602900,-0.064300,0.067700,2.016110,0.900000
122,0,6.100000,-50.799400,110.249200,3.609400,2.109000,4.030000,1.602900,-0.054400,0.055400,2.016060,0.900000
122,0,6.200000,-50.804400,110.254200,3.609200,2.109000,4.030000,1.602900,-0.044800,0.044200,2.016040,0.900000
122,0,6.300000,-50.808400,110.258100,3.609100,2.109000,4.030000,1.602900,-0.036000,0.033900,2.016000,0.900000
122,0,6.400000,-50.811600,110.261000,3.609100,2.109000,4.030000,1.602900,-0.028600,0.024900,2.015950,0.900000
122,0,6.500000,-50.814100,110.263000,3.609100,2.109000,4.030000,1.602900,-0.022400,0.017300,2.015910,0.900000
122,0,6.603000,-50.816100,110.264500,3.609200,2.109000,4.030000,1.602900,-0.018100,0.012300,2.015890,0.900000
122,0,6.700000,-50.817700,110.265500,3.609300,2.109000,4.030000,1.602900,-0.015000,0.008600,2.015850,0.900000
122,0,6.800000,-50.819100,110.266200,3.609500,2.109000,4.030000,1.602900,-0.012600,0.005300,2.015830,0.900000
122,0,6.900000,-50.820200,110.266600,3.609600,2.109000,4.030000,1.602900,-0.011300,0.002100,2.015840,0.900000
122,0,7.000000,-50.821300,110.266600,3.609700,2.109000,4.030000,1.602900,-0.010800,-0.001600,2.015810,0.900000
122,0,7.100000,-50.822400,110.266200,3.609900,2.109000,4.030000,1.602900,-0.010100,-0.005100,2.015800,0.900000
122,0,7.200000,-50.823300,110.265600,3.610000,2.109000,4.030000,1.602900,-0.008900,-0.007800,2.015710,0.900000
122,0,7.300000,-50.824200,110.264700,3.610000,2.109000,4.030000,1.602900,-0.006800,-0.009500,2.015730,0.900000
122,0,7.400000,-50.824700,110.263700,3.610000,2.109000,4.030000,1.602900,-0.003700,-0.009400,2.015710,0.900000
122,0,7.500000,-50.824900,110.262800,3.609900,2.109000,4.030000,1.602900,-0.000200,-0.007600,2.015690,0.900000
122,0,7.600000,-50.824700,110.262200,3.609700,2.109000,4.030000,1.602900,0.004700,-0.004000,2.015730,0.900000
122,0,7.700000,-50.824000,110.262000,3.609400,2.109000,4.030000,1.602900,0.012100,0.000800,2.015670,0.900000
122,0,7.800000,-50.822300,110.262300,3.609100,2.109000,4.030000,1.602900,0.021600,0.006200,2.015630,0.900000
122,0,7.900000,-50.819600,110.263300,3.608700,2.109000,4.030000,1.602900,0.033000,0.012000,2.015670,0.900000
122,0,8.000000,-50.815700,110.264700,3.608200,2.109000,4.030000,1.602900,0.045700,0.017500,2.015600,0.900000
122,0,8.100000,-50.810500,110.266700,3.607700,2.109000,4.030000,1.602900,0.058700,0.022600,2.015690,0.900000
122,0,8.200000,-50.804000,110.269300,3.607200,2.109000,4.030000,1.602900,0.071400,0.027600,2.015910,0.900000
122,0,8.300000,-50.796200,110.272300,3.606600,2.109000,4.030000,1.602900,0.082900,0.032500,2.016040,0.900000
122,0,8.400000,-50.787400,110.275800,3.606100,2.109000,4.030000,1.602900,0.091600,0.036800,2.016110,0.900000
122,0,8.500000,-50.777900,110.279600,3.605600,2.109000,4.030000,1.602900,0.098100,0.040100,2.016050,0.900000
122,0,8.600000,-50.767700,110.283800,3.605100,2.109000,4.030000,1.602900,0.104500,0.043000,2.016090,0.900000
122,0,8.700000,-50.757000,110.288200,3.604600,2.109000,4.030000,1.602900,0.109900,0.045200,2.016210,0.900000
122,0,8.800000,-50.745800,110.292800,3.604100,2.109000,4.030000,1.602900,0.113100,0.046000,2.016260,0.900000
122,0,8.900000,-50.734300,110.297400,3.603700,2.109000,4.030000,1.602900,0.114300,0.045100,2.016220,0.900000
122,0,9.000000,-50.723000,110.301800,3.603400,2.109000,4.030000,1.602900,0.112200,0.041600,2.016170,0.900000
122,0,9.100000,-50.711900,110.305700,3.603000,2.109000,4.030000,1.602900,0.107200,0.036300,2.016140,0.900000
122,0,9.200000,-50.701500,110.309100,3.602800,2.109000,4.030000,1.602900,0.100800,0.029900,2.016100,0.900000
122,0,9.300000,-50.691800,110.311700,3.602500,2.109000,4.030000,1.602900,0.093000,0.022500,2.016060,0.900000
122,0,9.400000,-50.682900,110.313600,3.602400,2.109000,4.030000,1.602900,0.084000,0.014700,2.016020,0.900000
122,0,9.500000,-50.675000,110.314700,3.602300,2.109000,4.030000,1.602900,0.075000,0.007300,2.015980,0.900000
122,0,9.600000,-50.667900,110.315000,3.602200,2.109000,4.030000,1.602900,0.065900,0.000500,2.015950,0.900000
122,0,9.700000,-50.661800,110.314800,3.602200,2.109000,4.030000,1.602900,0.056900,-0.005700,2.015940,0.900000
122,0,9.800000,-50.656600,110.313900,3.602300,2.109000,4.030000,1.602900,0.048300,-0.011700,2.015950,0.900000
122,0,9.900000,-50.652100,110.312400,3.602400,2.109000,4.030000,1.602900,0.040800,-0.017400,2.015960,0.900000
122,0,10.000000,-50.648400,110.310400,3.602500,2.109000,4.030000,1.602900,0.033900,-0.022400,2.015940,0.900000
122,0,10.100000,-50.645400,110.308000,3.602600,2.109000,4.030000,1.602900,0.027500,-0.026500,2.015920,0.900000
122,0,10.200000,-50.642900,110.305100,3.602800,2.109000,4.030000,1.602900,0.021600,-0.029300,2.015890,0.900000
122,0,10.300000,-50.641000,110.302100,3.602900,2.109000,4.030000,1.602900,0.016000,-0.030800,2.015910,0.900000
122,0,10.400000,-50.639700,110.299000,3.603100,2.109000,4.030000,1.602900,0.011000,-0.031100,2.015920,0.900000
122,0,10.500000,-50.638800,110.295900,3.603300,2.109000,4.030000,1.602900,0.006600,-0.030500,2.015930,0.900000
122,0,10.600000,-50.638400,110.292900,3.603500,2.109000,4.030000,1.602900,0.002900,-0.029000,2.015930,0.900000
122,0,10.700000,-50.638300,110.290100,3.603600,2.109000,4.030000,1.602900,-0.000400,-0.025900,2.015920,0.900000
122,0,10.800000,-50.638500,110.287700,3.603800,2.109000,4.030000,1.602900,-0.003100,-0.021600,2.015910,0.900000
122,0,10.900000,-50.638900,110.285800,3.603900,2.109000,4.030000,1.602900,-0.005100,-0.017000,2.015920,0.900000
122,0,11.000000,-50.639500,110.284300,3.604100,2.109000,4.030000,1.602900,-0.006700,-0.011800,2.015950,0.900000
122,0,11.100000,-50.640200,110.283400,3.604200,2.109000,4.030000,1.602900,-0.008400,-0.005500,2.015980,0.900000
122,0,11.200000,-50.641200,110.283200,3.604200,2.109000,4.030000,1.602900,-0.010600,0.001900,2.016050,0.900000
122,0,11.300000,-50.642300,110.283800,3.604300,2.109000,4.030000,1.602900,-0.013200,0.010400,2.016100,0.900000
122,0,11.400000,-50.643800,110.285300,3.604300,2.109000,4.030000,1.602900,-0.015800,0.019100,2.016130,0.900000
122,0,11.500000,-50.645500,110.287600,3.604200,2.109000,4.030000,1.602900,-0.018300,0.027700,2.016140,0.900000
122,0,11.600000,-50.647500,110.290800,3.604100,2.109000,4.030000,1.602900,-0.020200,0.035400,2.016160,0.900000
122,0,11.700000,-50.649600,110.294700,3.603900,2.109000,4.030000,1.602900,-0.021600,0.042100,2.016170,0.900000
122,0,11.800000,-50.651800,110.299200,3.603800,2.109000,4.030000,1.602900,-0.022300,0.048000,2.016190,0.900000
122,0,11.900000,-50.654000,110.304300,3.603600,2.109000,4.030000,1.602900,-0.023000,0.053600,2.016230,0.900000
122,0,12.000000,-50.656400,110.309900,3.603300,2.109000,4.030000,1.602900,-0.023500,0.058600,2.016270,0.900000
122,0,12.100000,-50.658700,110.316000,3.603100,2.109000,4.030000,1.602900,-0.023800,0.063200,2.016280,0.900000
122,0,12.200000,-50.661100,110.322600,3.602800,2.109000,4.030000,1.602900,-0.024300,0.067800,2.016300,0.900000
122,0,12.300000,-50.663600,110.329600,3.602500,2.109000,4.030000,1.602900,-0.024800,0.072500,2.016310,0.900000
122,0,12.400000,-50.666100,110.337100,3.602200,2.109000,4.030000,1.602900,-0.025300,0.076700,2.016310,0.900000
122,0,12.500000,-50.668600,110.344900,3.601800,2.109000,4.030000,1.602900,-0.025600,0.080000,2.016320,0.900000
122,0,12.600000,-50.671200,110.353100,3.601400,2.109000,4.030000,1.602900,-0.025800,0.082700,2.016320,0.900000
122,0,12.700000,-50.673800,110.361500,3.601000,2.109000,4.030000,1.602900,-0.025600,0.084100,2.016340,0.900000
122,0,12.800000,-50.676300,110.369900,3.600600,2.109000,4.030000,1.602900,-0.024900,0.083800,2.016340,0.900000
122,0,12.900000,-50.678800,110.378300,3.600100,2.109000,4.030000,1.602900,-0.023800,0.082700,2.016350,0.900000
122,0,13.000000,-50.681100,110.386400,3.599600,2.109000,4.030000,1.602900,-0.022300,0.080000,2.016350,0.900000
122,0,13.100000,-50.683200,110.394200,3.599100,2.109000,4.030000,1.602900,-0.020200,0.075900,2.016350,0.900000
122,0,13.200000,-50.685100,110.401600,3.598600,2.109000,4.030000,1.602900,-0.017800,0.071100,2.016350,0.900000
122,0,13.300000,-50.686800,110.408400,3.598100,2.109000,4.030000,1.602900,-0.014800,0.064900,2.016340,0.900000
122,0,13.400000,-50.688100,110.414600,3.597600,2.109000,4.030000,1.602900,-0.011100,0.057500,2.016320,0.900000
122,0,13.500000,-50.689000,110.420000,3.597100,2.109000,4.030000,1.602900,-0.007000,0.049300,2.016280,0.900000
122,0,13.600000,-50.689500,110.424500,3.596600,2.109000,4.030000,1.602900,-0.002300,0.040300,2.016260,0.900000
122,0,13.700000,-50.689500,110.428000,3.596200,2.109000,4.030000,1.602900,0.002600,0.030300,2.016280,0.900000
122,0,13.800000,-50.689000,110.430500,3.595900,2.109000,4.030000,1.602900,0.007800,0.019200,2.016290,0.900000
122,0,13.900000,-50.687900,110.431900,3.595600,2.109000,4.030000,1.602900,0.013300,0.007500,2.016290,0.900000
122,0,14.000000,-50.686300,110.432000,3.595400,2.109000,4.030000,1.602900,0.019000,-0.005200,2.016300,0.900000
122,0,14.100000,-50.684100,110.430800,3.595300,2.109000,4.030000,1.602900,0.024900,-0.018800,2.016300,0.900000
122,0,14.200000,-50.681300,110.428200,3.595300,2.109000,4.030000,1.602900,0.031200,-0.033200,2.016290,0.900000
122,0,14.300000,-50.677900,110.424200,3.595400,2.109000,4.030000,1.602900,0.038000,-0.048800,2.016290,0.900000
122,0,14.400000,-50.673700,110.418500,3.595700,2.109000,4.030000,1.602900,0.045100,-0.065100,2.016300,0.900000
122,0,14.500000,-50.668900,110.411200,3.596000,2.109000,4.030000,1.602900,0.052200,-0.081900,2.016300,0.900000
122,0,14.600000,-50.663300,110.402100,3.596600,2.109000,4.030000,1.602900,0.060000,-0.099800,2.016300,0.900000
122,0,14.700000,-50.656900,110.391200,3.597200,2.109000,4.030000,1.602900,0.068000,-0.118000,2.016290,0.900000
122,0,14.800000,-50.649700,110.378500,3.598000,2.109000,4.030000,1.602900,0.075700,-0.135800,2.016290,0.900000
122,0,14.900000,-50.641700,110.364000,3.598900,2.109000,4.030000,1.602900,0.083900,-0.154400,2.016290,0.900000
122,0,15.000000,-50.632900,110.347700,3.600000,2.109000,4.030000,1.602900,0.091600,-0.171700,2.016290,0.900000
122,0,15.100000,-50.623400,110.329700,3.601200,2.109000,4.030000,1.602900,0.098400,-0.187000,2.016290,0.900000
122,0,15.200000,-50.613200,110.310200,3.602500,2.109000,4.030000,1.602900,0.104500,-0.200900,2.016290,0.900000
122,0,15.300000,-50.602500,110.289500,3.603800,2.109000,4.030000,1.602900,0.109700,-0.212400,2.016280,0.900000
122,0,15.400000,-50.591300,110.267800,3.605300,2.109000,4.030000,1.602900,0.112700,-0.219200,2.016280,0.900000
122,0,15.500000,-50.579900,110.245700,3.606700,2.109000,4.030000,1.602900,0.113700,-0.221400,2.016280,0.900000
122,0,15.600000,-50.568500,110.223400,3.608200,2.109000,4.030000,1.602900,0.114000,-0.222100,2.016280,0.900000
123,0,0.000000,46.503400,-113.727500,-1.239800,1.805600,4.030000,1.410000,0.143000,0.154600,-1.142100,0.900000
123,0,0.100000,46.517800,-113.712100,-1.239900,1.805600,4.030000,1.410000,0.143700,0.155100,-1.142120,0.900000
123,0,0.200000,46.532100,-113.696600,-1.240000,1.805600,4.030000,1.410000,0.144000,0.154800,-1.142120,0.900000
123,0,0.300000,46.546500,-113.681100,-1.240100,1.805600,4.030000,1.410000,0.143200,0.153400,-1.142110,0.900000
123,0,0.400000,46.560800,-113.665800,-1.240200,1.805600,4.030000,1.410000,0.142700,0.152300,-1.142150,0.900000
123,0,0.500000,46.575000,-113.650700,-1.240300,1.805600,4.030000,1.410000,0.141300,0.150000,-1.142090,0.900000
123,0,0.600000,46.589000,-113.635900,-1.240400,1.805600,4.030000,1.410000,0.138800,0.146500,-1.142100,0.900000
123,0,0.700000,46.602800,-113.621400,-1.240400,1.805600,4.030000,1.410000,0.136200,0.142800,-1.142080,0.900000
123,0,0.800000,46.616300,-113.607200,-1.240500,1.805600,4.030000,1.410000,0.133500,0.139000,-1.142120,0.900000
123,0,0.900000,46.629500,-113.593600,-1.240600,1.805600,4.030000,1.410000,0.128900,0.133500,-1.142110,0.900000
123,0,1.000000,46.642100,-113.580600,-1.240600,1.805600,4.030000,1.410000,0.121600,0.125800,-1.142150,0.900000
123,0,1.100000,46.653900,-113.568400,-1.240700,1.805600,4.030000,1.410000,0.112800,0.117300,-1.142190,0.900000
123,0,1.200000,46.664600,-113.557200,-1.240700,1.805600,4.030000,1.410000,0.101200,0.106600,-1.142200,0.900000
123,0,1.300000,46.674100,-113.547100,-1.240700,1.805600,4.030000,1.410000,0.087100,0.093900,-1.142220,0.900000
123,0,1.400000,46.682100,-113.538400,-1.240800,1.805600,4.030000,1.410000,0.071100,0.080100,-1.142210,0.900000
123,0,1.500000,46.688300,-113.531100,-1.240800,1.805600,4.030000,1.410000,0.052400,0.064100,-1.142280,0.900000
123,0,1.600000,46.692500,-113.525600,-1.240800,1.805600,4.030000,1.410000,0.032800,0.046600,-1.142310,0.900000
123,0,1.700000,46.694900,-113.521800,-1.240800,1.805600,4.030000,1.410000,0.015100,0.028900,-1.142320,0.900000
123,0,1.800000,46.695600,-113.519800,-1.240700,1.805600,4.030000,1.410000,-0.000000,0.011300,-1.142350,0.900000
123,0,1.900000,46.694900,-113.519500,-1.240700,1.805600,4.030000,1.410000,-0.012600,-0.006500,-1.142300,0.900000
123,0,2.000000,46.693000,-113.521100,-1.240700,1.805600,4.030000,1.410000,-0.024500,-0.024000,-1.142190,0.900000
123,0,2.100000,46.689900,-113.524300,-1.240600,1.805600,4.030000,1.410000,-0.037700,-0.040900,-1.142080,0.900000
123,0,2.200000,46.685500,-113.529200,-1.240500,1.805600,4.030000,1.410000,-0.050000,-0.056200,-1.142000,0.900000
123,0,2.300000,46.680000,-113.535600,-1.240500,1.805600,4.030000,1.410000,-0.059000,-0.069000,-1.141830,0.900000
123,0,2.400000,46.673700,-113.543100,-1.240400,1.805600,4.030000,1.410000,-0.065300,-0.079700,-1.141750,0.900000
123,0,2.500000,46.666900,-113.551500,-1.240300,1.805600,4.030000,1.410000,-0.068800,-0.088400,-1.141720,0.900000
123,0,2.600000,46.659900,-113.560700,-1.240200,1.805600,4.030000,1.410000,-0.070500,-0.095000,-1.141650,0.900000
123,0,2.700000,46.652800,-113.570500,-1.240100,1.805600,4.030000,1.410000,-0.071700,-0.099700,-1.141670,0.900000
123,0,2.800000,46.645500,-113.580700,-1.240100,1.805600,4.030000,1.410000,-0.073300,-0.103600,-1.141680,0.900000
123,0,2.900000,46.638200,-113.591200,-1.240000,1.805600,4.030000,1.410000,-0.074100,-0.105700,-1.141710,0.900000
123,0,3.000000,46.630700,-113.601800,-1.239900,1.805600,4.030000,1.410000,-0.073900,-0.106000,-1.140590,0.900000
123,0,3.100000,46.623300,-113.612400,-1.239800,1.805600,4.030000,1.410000,-0.073600,-0.105600,-1.141750,0.900000
123,0,3.200000,46.616100,-113.622900,-1.239800,1.805600,4.030000,1.410000,-0.072200,-0.103500,-1.141740,0.900000
123,0,3.300000,46.608900,-113.633100,-1.239700,1.805600,4.030000,1.410000,-0.070000,-0.099500,-1.141680,0.900000
123,0,3.400000,46.602000,-113.642800,-1.239600,1.805600,4.030000,1.410000,-0.067400,-0.094800,-1.141720,0.900000
123,0,3.500000,46.595500,-113.652000,-1.239600,1.805600,4.030000,1.410000,-0.063600,-0.088700,-1.141700,0.900000
123,0,3.600000,46.589300,-113.660600,-1.239600,1.805600,4.030000,1.410000,-0.058900,-0.082300,-1.141670,0.900000
123,0,3.700000,46.583700,-113.668500,-1.239500,1.805600,4.030000,1.410000,-0.054200,-0.076400,-1.141610,0.900000
123,0,3.800000,46.578500,-113.675900,-1.239500,1.805600,4.030000,1.410000,-0.050300,-0.071200,-1.141560,0.900000
123,0,3.900000,46.573600,-113.682700,-1.239500,1.805600,4.030000,1.410000,-0.047400,-0.066000,-1.141540,0.900000
123,0,4.000000,46.569000,-113.689100,-1.239500,1.805600,4.030000,1.410000,-0.045200,-0.061200,-1.141510,0.900000
123,0,4.100000,46.564500,-113.695000,-1.239500,1.805600,4.030000,1.410000,-0.044200,-0.057500,-1.141510,0.900000
123,0,4.200000,46.560200,-113.700500,-1.239500,1.805600,4.030000,1.410000,-0.043200,-0.053900,-1.141560,0.900000
123,0,4.300000,46.555900,-113.705800,-1.239600,1.805600,4.030000,1.410000,-0.041600,-0.050800,-1.141590,0.900000
123,0,4.400000,46.551800,-113.710700,-1.239600,1.805600,4.030000,1.410000,-0.039800,-0.048300,-1.141610,0.900000
123,0,4.500000,46.548000,-113.715400,-1.239700,1.805600,4.030000,1.410000,-0.038000,-0.045500,-1.141640,0.900000
123,0,4.600000,46.544200,-113.719800,-1.239700,1.805600,4.030000,1.410000,-0.036200,-0.042400,-1.141720,0.900000
123,0,4.700000,46.540700,-113.723900,-1.239800,1.805600,4.030000,1.410000,-0.034400,-0.039300,-1.141800,0.900000
123,0,4.800000,46.537300,-113.727700,-1.239900,1.805600,4.030000,1.410000,-0.032900,-0.036100,-1.141840,0.900000
123,0,4.900000,46.534100,-113.731100,-1.239900,1.805600,4.030000,1.410000,-0.031200,-0.032500,-1.141640,0.900000
123,0,5.000000,46.531100,-113.734200,-1.240000,1.805600,4.030000,1.410000,-0.029500,-0.028700,-1.141650,0.900000
123,0,5.100000,46.528200,-113.736900,-1.240100,1.805600,4.030000,1.410000,-0.028000,-0.025000,-1.142030,0.900000
123,0,5.200000,46.525500,-113.739200,-1.240200,1.805600,4.030000,1.410000,-0.026600,-0.020900,-1.141630,0.900000
123,0,5.300000,46.522900,-113.741000,-1.240400,1.805600,4.030000,1.410000,-0.025200,-0.016400,-1.141620,0.900000
123,0,5.400000,46.520500,-113.742500,-1.240500,1.805600,4.030000,1.410000,-0.023700,-0.011700,-1.142650,0.900000
123,0,5.503000,46.518100,-113.743400,-1.240600,1.805600,4.030000,1.410000,-0.023100,-0.007100,-1.141540,0.900000
123,0,5.600000,46.515800,-113.743900,-1.240800,1.805600,4.030000,1.410000,-0.022500,-0.002100,-1.142700,0.900000
123,0,5.700000,46.513700,-113.743800,-1.240900,1.805600,4.030000,1.410000,-0.021300,0.003200,-1.142670,0.900000
123,0,5.800000,46.511600,-113.743200,-1.241100,1.805600,4.030000,1.410000,-0.020700,0.008900,-1.142540,0.900000
123,0,5.900000,46.509500,-113.742100,-1.241200,1.805600,4.030000,1.410000,-0.020100,0.014700,-1.142460,0.900000
123,0,6.000000,46.507500,-113.740300,-1.241400,1.805600,4.030000,1.410000,-0.019600,0.020700,-1.142340,0.900000
123,0,6.100000,46.505600,-113.737900,-1.241500,1.805600,4.030000,1.410000,-0.019300,0.027100,-1.142090,0.900000
123,0,6.200000,46.503700,-113.734800,-1.241700,1.805600,4.030000,1.410000,-0.019100,0.034000,-1.141560,0.900000
123,0,6.300000,46.501800,-113.731100,-1.241900,1.805600,4.030000,1.410000,-0.019000,0.041000,-1.141600,0.900000
123,0,6.400000,46.499900,-113.726700,-1.242000,1.805600,4.030000,1.410000,-0.018700,0.047800,-1.141640,0.900000
123,0,6.500000,46.498000,-113.721500,-1.242200,1.805600,4.030000,1.410000,-0.017700,0.053400,-1.141990,0.900000
123,0,6.603000,46.496300,-113.715800,-1.242400,1.805600,4.030000,1.410000,-0.016800,0.060400,-1.142040,0.900000
123,0,6.700000,46.494700,-113.709500,-1.242500,1.805600,4.030000,1.410000,-0.015400,0.067000,-1.142100,0.900000
123,0,6.800000,46.493200,-113.702600,-1.242700,1.805600,4.030000,1.410000,-0.013100,0.071100,-1.142030,0.900000
123,0,6.900000,46.492000,-113.695300,-1.242800,1.805600,4.030000,1.410000,-0.010500,0.075800,-1.141760,0.900000
123,0,7.000000,46.491100,-113.687500,-1.242900,1.805600,4.030000,1.410000,-0.007500,0.079800,-1.141790,0.900000
123,0,7.100000,46.490500,-113.679300,-1.243000,1.805600,4.030000,1.410000,-0.004000,0.083600,-1.141790,0.900000
123,0,7.200000,46.490300,-113.670700,-1.243100,1.805600,4.030000,1.410000,-0.000100,0.087300,-1.141880,0.900000
123,0,7.300000,46.490500,-113.661800,-1.243100,1.805600,4.030000,1.410000,0.004400,0.090300,-1.141870,0.900000
123,0,7.400000,46.491200,-113.652700,-1.243100,1.805600,4.030000,1.410000,0.009300,0.092600,-1.141890,0.900000
123,0,7.500000,46.492400,-113.643300,-1.243000,1.805600,4.030000,1.410000,0.014700,0.094800,-1.141900,0.900000
123,0,7.600000,46.494200,-113.633700,-1.242900,1.805600,4.030000,1.410000,0.020200,0.097000,-1.141870,0.900000
123,0,7.700000,46.496400,-113.623900,-1.242800,1.805600,4.030000,1.410000,0.024900,0.098500,-1.141930,0.900000
123,0,7.800000,46.499100,-113.614000,-1.242600,1.805600,4.030000,1.410000,0.029000,0.099300,-1.141970,0.900000
123,0,7.900000,46.502200,-113.604000,-1.242400,1.805600,4.030000,1.410000,0.032600,0.100400,-1.141380,0.900000
123,0,8.000000,46.505700,-113.593900,-1.242200,1.805600,4.030000,1.410000,0.035600,0.100800,-1.141990,0.900000
123,0,8.100000,46.509400,-113.583900,-1.242000,1.805600,4.030000,1.410000,0.037900,0.100600,-1.140920,0.900000
123,0,8.200000,46.513300,-113.573800,-1.241700,1.805600,4.030000,1.410000,0.039700,0.100300,-1.141690,0.900000
123,0,8.300000,46.517300,-113.563800,-1.241500,1.805600,4.030000,1.410000,0.040400,0.100100,-1.141560,0.900000
124,0,11.400000,-90.893500,209.849200,1.364900,1.740000,4.030000,1.705100,-1.539000,-0.876100,-2.732930,0.900000
124,0,11.500000,-91.047700,209.761400,1.367300,1.740000,4.030000,1.705100,-1.539800,-0.876600,-2.724760,0.900000
124,0,11.600000,-91.202000,209.673600,1.369800,1.740000,4.030000,1.705100,-1.546700,-0.880900,-2.716580,0.900000
124,0,11.700000,-91.356600,209.585500,1.372200,1.740000,4.030000,1.705100,-1.546100,-0.882600,-2.708410,0.900000
124,0,11.800000,-91.510800,209.497300,1.374700,1.740000,4.030000,1.705100,-1.532300,-0.879200,-2.700230,0.900000
124,0,11.900000,-91.663700,209.409300,1.377100,1.740000,4.030000,1.705100,-1.516900,-0.877400,-2.692020,0.900000
124,0,12.000000,-91.813800,209.322000,1.379500,1.740000,4.030000,1.705100,-1.484700,-0.868300,-2.683820,0.900000
124,0,12.100000,-91.960200,209.235900,1.381800,1.740000,4.030000,1.705100,-1.437000,-0.852100,-2.675650,0.900000
124,0,12.200000,-92.101800,209.151300,1.384000,1.740000,4.030000,1.705100,-1.384600,-0.835200,-2.667480,0.900000
124,0,12.300000,-92.237700,209.068500,1.386100,1.740000,4.030000,1.705100,-1.330000,-0.818200,-2.659310,0.900000
124,0,12.400000,-92.367400,208.987900,1.388100,1.740000,4.030000,1.705100,-1.268500,-0.797400,-2.651150,0.900000
124,0,12.500000,-92.491000,208.909300,1.390000,1.740000,4.030000,1.705100,-1.205600,-0.775000,-2.642990,0.900000
124,0,12.600000,-92.609000,208.832600,1.391800,1.740000,4.030000,1.705100,-1.156700,-0.760000,-2.634830,0.900000
124,0,12.700000,-92.722100,208.757500,1.393500,1.740000,4.030000,1.705100,-1.111900,-0.745100,-2.634810,0.900000
124,0,12.800000,-92.831100,208.683700,1.395100,1.740000,4.030000,1.705100,-1.072900,-0.731000,-2.634800,0.900000
124,0,12.900000,-92.937100,208.611000,1.396700,1.740000,4.030000,1.705100,-1.050600,-0.725100,-2.634790,0.900000
124,0,13.000000,-93.040900,208.538900,1.398300,1.740000,4.030000,1.705100,-1.034000,-0.719400,-2.634790,0.900000
124,0,13.100000,-93.143600,208.467300,1.399800,1.740000,4.030000,1.705100,-1.021400,-0.712400,-2.634790,0.900000
124,0,13.200000,-93.245600,208.396100,1.401400,1.740000,4.030000,1.705100,-1.020400,-0.711800,-2.634800,0.900000
124,0,13.300000,-93.347400,208.325100,1.402900,1.740000,4.030000,1.705100,-1.022500,-0.713500,-2.634800,0.900000
125,0,4.400000,-72.334800,156.229100,2.659800,1.930500,4.030000,1.850000,0.077200,-0.120800,2.034710,0.900000
125,0,4.500000,-72.327100,156.217100,2.660400,1.930500,4.030000,1.850000,0.077000,-0.120200,2.034690,0.900000
125,0,4.600000,-72.319400,156.205100,2.660900,1.930500,4.030000,1.850000,0.076800,-0.119500,2.034680,0.900000
125,0,4.700000,-72.311700,156.193100,2.661500,1.930500,4.030000,1.850000,0.076800,-0.119100,2.034610,0.900000
125,0,4.800000,-72.304000,156.181200,2.662000,1.930500,4.030000,1.850000,0.077200,-0.118800,2.034570,0.900000
125,0,4.900000,-72.296300,156.169400,2.662600,1.930500,4.030000,1.850000,0.077300,-0.117900,2.034690,0.900000
125,0,5.000000,-72.288600,156.157700,2.663100,1.930500,4.030000,1.850000,0.077300,-0.116000,2.034680,0.900000
125,0,5.100000,-72.280800,156.146200,2.663700,1.930500,4.030000,1.850000,0.078100,-0.114100,2.034680,0.900000
125,0,5.200000,-72.273000,156.134900,2.664200,1.930500,4.030000,1.850000,0.078700,-0.110200,2.034700,0.900000
125,0,5.300000,-72.265100,156.124100,2.664800,1.930500,4.030000,1.850000,0.078500,-0.104400,2.034670,0.900000
125,0,5.400000,-72.257300,156.114000,2.665300,1.930500,4.030000,1.850000,0.077200,-0.095700,2.034780,0.900000
125,0,5.503000,-72.249400,156.104700,2.665800,1.930500,4.030000,1.850000,0.077700,-0.087800,2.034810,0.900000
125,0,5.600000,-72.241700,156.096500,2.666300,1.930500,4.030000,1.850000,0.077800,-0.077000,2.034860,0.900000
125,0,5.700000,-72.234100,156.089500,2.666800,1.930500,4.030000,1.850000,0.075000,-0.062600,2.034880,0.900000
125,0,5.800000,-72.226700,156.083900,2.667200,1.930500,4.030000,1.850000,0.071200,-0.050000,2.034870,0.900000
125,0,5.900000,-72.219900,156.079500,2.667700,1.930500,4.030000,1.850000,0.061200,-0.039200,2.034880,0.900000
125,0,6.000000,-72.214500,156.076100,2.668100,1.930500,4.030000,1.850000,0.044200,-0.031400,2.034880,0.900000
125,0,6.100000,-72.211000,156.073200,2.668600,1.930500,4.030000,1.850000,0.022900,-0.027300,2.034810,0.900000
125,0,6.200000,-72.209900,156.070600,2.669100,1.930500,4.030000,1.850000,-0.001700,-0.026700,2.034780,0.900000
125,0,6.300000,-72.211400,156.067900,2.669600,1.930500,4.030000,1.850000,-0.028000,-0.028200,2.034740,0.900000
125,0,6.400000,-72.215500,156.065000,2.670100,1.930500,4.030000,1.850000,-0.055200,-0.031200,2.034680,0.900000
125,0,6.500000,-72.222400,156.061700,2.670700,1.930500,4.030000,1.850000,-0.082600,-0.035700,2.034610,0.900000
125,0,6.603000,-72.232300,156.057700,2.671200,1.930500,4.030000,1.850000,-0.114200,-0.043000,2.034580,0.900000
125,0,6.700000,-72.245200,156.053100,2.671800,1.930500,4.030000,1.850000,-0.146700,-0.051700,2.034520,0.900000
125,0,6.800000,-72.261200,156.047600,2.672300,1.930500,4.030000,1.850000,-0.174400,-0.060000,2.034510,0.900000
125,0,6.900000,-72.280100,156.041100,2.672900,1.930500,4.030000,1.850000,-0.204000,-0.069500,2.034510,0.900000
125,0,7.000000,-72.301900,156.033700,2.673400,1.930500,4.030000,1.850000,-0.233000,-0.078700,2.034470,0.900000
125,0,7.100000,-72.326800,156.025300,2.673900,1.930500,4.030000,1.850000,-0.261800,-0.087600,2.034440,0.900000
125,0,7.200000,-72.354400,156.016100,2.674300,1.930500,4.030000,1.850000,-0.287600,-0.096800,2.034330,0.900000
125,0,7.300000,-72.384200,156.006000,2.674600,1.930500,4.030000,1.850000,-0.306000,-0.105400,2.034340,0.900000
125,0,7.400000,-72.415500,155.995100,2.674900,1.930500,4.030000,1.850000,-0.315600,-0.112200,2.034320,0.900000
125,0,7.500000,-72.447400,155.983500,2.675100,1.930500,4.030000,1.850000,-0.318600,-0.118200,2.034300,0.900000
125,0,7.600000,-72.479300,155.971400,2.675200,1.930500,4.030000,1.850000,-0.315100,-0.123200,2.034360,0.900000
125,0,7.700000,-72.510400,155.958900,2.675200,1.930500,4.030000,1.850000,-0.301800,-0.125400,2.034290,0.900000
125,0,7.800000,-72.539600,155.946400,2.675100,1.930500,4.030000,1.850000,-0.281100,-0.124600,2.034270,0.900000
125,0,7.900000,-72.566700,155.933900,2.675000,1.930500,4.030000,1.850000,-0.257600,-0.122100,2.034340,0.900000
125,0,8.000000,-72.591100,155.922000,2.674700,1.930500,4.030000,1.850000,-0.225300,-0.115100,2.034280,0.900000
125,0,8.100000,-72.611700,155.910900,2.674400,1.930500,4.030000,1.850000,-0.184700,-0.103900,2.034400,0.900000
125,0,8.200000,-72.628100,155.901200,2.673900,1.930500,4.030000,1.850000,-0.140700,-0.090000,2.034670,0.900000
125,0,8.300000,-72.639900,155.892900,2.673400,1.930500,4.030000,1.850000,-0.096300,-0.074300,2.034790,0.900000
125,0,8.400000,-72.647300,155.886300,2.672800,1.930500,4.030000,1.850000,-0.052700,-0.057100,2.034870,0.900000
125,0,8.500000,-72.650400,155.881500,2.672100,1.930500,4.030000,1.850000,-0.012400,-0.039700,2.034820,0.900000
125,0,8.600000,-72.649800,155.878300,2.671400,1.930500,4.030000,1.850000,0.022900,-0.024300,2.034910,0.900000
125,0,8.700000,-72.645900,155.876600,2.670700,1.930500,4.030000,1.850000,0.052600,-0.011300,2.035080,0.900000
125,0,8.800000,-72.639300,155.876100,2.669900,1.930500,4.030000,1.850000,0.076500,-0.001600,2.035140,0.900000
125,0,8.900000,-72.630500,155.876300,2.669200,1.930500,4.030000,1.850000,0.096000,0.005300,2.035090,0.900000
125,0,9.000000,-72.620100,155.877100,2.668500,1.930500,4.030000,1.850000,0.110800,0.009800,2.035030,0.900000
125,0,9.100000,-72.608400,155.878300,2.667800,1.930500,4.030000,1.850000,0.120100,0.011700,2.034990,0.900000
125,0,9.200000,-72.596000,155.879500,2.667200,1.930500,4.030000,1.850000,0.124800,0.011200,2.034940,0.900000
125,0,9.300000,-72.583500,155.880500,2.666700,1.930500,4.030000,1.850000,0.124100,0.007900,2.034890,0.900000
125,0,9.400000,-72.571200,155.881100,2.666300,1.930500,4.030000,1.850000,0.118300,0.002200,2.034840,0.900000
125,0,9.500000,-72.559800,155.881000,2.665900,1.930500,4.030000,1.850000,0.108400,-0.005700,2.034790,0.900000
125,0,9.600000,-72.549500,155.879900,2.665600,1.930500,4.030000,1.850000,0.094600,-0.015500,2.034750,0.900000
125,0,9.700000,-72.540900,155.877900,2.665500,1.930500,4.030000,1.850000,0.077100,-0.026200,2.034740,0.900000
125,0,9.800000,-72.534100,155.874700,2.665400,1.930500,4.030000,1.850000,0.057100,-0.037000,2.034750,0.900000
125,0,9.900000,-72.529400,155.870400,2.665400,1.930500,4.030000,1.850000,0.036300,-0.047700,2.034770,0.900000
125,0,10.000000,-72.526900,155.865200,2.665500,1.930500,4.030000,1.850000,0.015500,-0.057700,2.034740,0.900000
125,0,10.100000,-72.526300,155.858900,2.665600,1.930500,4.030000,1.850000,-0.003200,-0.066200,2.034710,0.900000
125,0,10.200000,-72.527500,155.851900,2.665800,1.930500,4.030000,1.850000,-0.019100,-0.073200,2.034680,0.900000
125,0,10.300000,-72.530100,155.844300,2.666100,1.930500,4.030000,1.850000,-0.031700,-0.077400,2.034700,0.900000
125,0,10.400000,-72.533800,155.836400,2.666400,1.930500,4.030000,1.850000,-0.040100,-0.078800,2.034710,0.900000
125,0,10.500000,-72.538200,155.828500,2.666700,1.930500,4.030000,1.850000,-0.044400,-0.078300,2.034720,0.900000
125,0,10.600000,-72.542700,155.820700,2.667000,1.930500,4.030000,1.850000,-0.046100,-0.076400,2.034720,0.900000
125,0,10.700000,-72.547400,155.813200,2.667300,1.930500,4.030000,1.850000,-0.046000,-0.073300,2.034720,0.900000
125,0,10.800000,-72.551900,155.806100,2.667700,1.930500,4.030000,1.850000,-0.045300,-0.069500,2.034700,0.900000
125,0,10.900000,-72.556400,155.799300,2.668000,1.930500,4.030000,1.850000,-0.044900,-0.065900,2.034710,0.900000
125,0,11.000000,-72.560900,155.792900,2.668300,1.930500,4.030000,1.850000,-0.044700,-0.062000,2.034760,0.900000
125,0,11.100000,-72.565400,155.786900,2.668500,1.930500,4.030000,1.850000,-0.044500,-0.057900,2.034800,0.900000
125,0,11.200000,-72.569800,155.781300,2.668800,1.930500,4.030000,1.850000,-0.044700,-0.053800,2.034870,0.900000
125,0,11.300000,-72.574300,155.776200,2.669000,1.930500,4.030000,1.850000,-0.044800,-0.049400,2.034940,0.900000
125,0,11.400000,-72.578800,155.771500,2.669300,1.930500,4.030000,1.850000,-0.044300,-0.044500,2.034980,0.900000
125,0,11.500000,-72.583200,155.767300,2.669500,1.930500,4.030000,1.850000,-0.042800,-0.039200,2.034990,0.900000
125,0,11.600000,-72.587400,155.763600,2.669600,1.930500,4.030000,1.850000,-0.040200,-0.033500,2.035010,0.900000
125,0,11.700000,-72.591200,155.760600,2.669800,1.930500,4.030000,1.850000,-0.035800,-0.026800,2.035030,0.900000
125,0,11.800000,-72.594500,155.758300,2.669900,1.930500,4.030000,1.850000,-0.028800,-0.019300,2.035060,0.900000
125,0,11.900000,-72.597000,155.756700,2.669900,1.930500,4.030000,1.850000,-0.020400,-0.012100,2.035110,0.900000
125,0,12.000000,-72.598600,155.755800,2.670000,1.930500,4.030000,1.850000,-0.011900,-0.005600,2.035160,0.900000
125,0,12.100000,-72.599400,155.755600,2.670000,1.930500,4.030000,1.850000,-0.004400,-0.000300,2.035170,0.900000
125,0,12.200000,-72.599500,155.755800,2.669900,1.930500,4.030000,1.850000,0.001400,0.003400,2.035190,0.900000
125,0,12.300000,-72.599100,155.756300,2.669900,1.930500,4.030000,1.850000,0.005200,0.005500,2.035210,0.900000
125,0,12.400000,-72.598400,155.756900,2.669800,1.930500,4.030000,1.850000,0.007000,0.005900,2.035210,0.900000
125,0,12.500000,-72.597700,155.757400,2.669800,1.930500,4.030000,1.850000,0.007400,0.004700,2.035220,0.900000
125,0,12.600000,-72.597000,155.757800,2.669700,1.930500,4.030000,1.850000,0.007000,0.002200,2.035230,0.900000
125,0,12.700000,-72.596300,155.757900,2.669700,1.930500,4.030000,1.850000,0.005700,-0.001600,2.035240,0.900000
125,0,12.800000,-72.595800,155.757500,2.669700,1.930500,4.030000,1.850000,0.003700,-0.006300,2.035250,0.900000
125,0,12.900000,-72.595500,155.756600,2.669700,1.930500,4.030000,1.850000,0.001300,-0.011800,2.035260,0.900000
125,0,13.000000,-72.595600,155.755200,2.669700,1.930500,4.030000,1.850000,-0.001500,-0.017400,2.035260,0.900000
125,0,13.100000,-72.595800,155.753100,2.669800,1.930500,4.030000,1.850000,-0.004200,-0.022800,2.035260,0.900000
125,0,13.200000,-72.596400,155.750600,2.669900,1.930500,4.030000,1.850000,-0.006500,-0.027400,2.035260,0.900000
125,0,13.300000,-72.597100,155.747700,2.669900,1.930500,4.030000,1.850000,-0.007600,-0.030500,2.035250,0.900000
125,0,13.400000,-72.597900,155.744500,2.670100,1.930500,4.030000,1.850000,-0.007200,-0.032100,2.035220,0.900000
125,0,13.500000,-72.598600,155.741200,2.670200,1.930500,4.030000,1.850000,-0.005600,-0.032500,2.035170,0.900000
125,0,13.600000,-72.599000,155.738000,2.670300,1.930500,4.030000,1.850000,-0.002900,-0.032100,2.035150,0.900000
125,0,13.700000,-72.599200,155.734800,2.670400,1.930500,4.030000,1.850000,0.001500,-0.030000,2.035170,0.900000
125,0,13.800000,-72.598700,155.732000,2.670500,1.930500,4.030000,1.850000,0.007500,-0.026100,2.035190,0.900000
125,0,13.900000,-72.597700,155.729600,2.670500,1.930500,4.030000,1.850000,0.013900,-0.021500,2.035190,0.900000
125,0,14.000000,-72.596000,155.727700,2.670600,1.930500,4.030000,1.850000,0.020000,-0.016300,2.035190,0.900000
125,0,14.100000,-72.593700,155.726300,2.670600,1.930500,4.030000,1.850000,0.025200,-0.011100,2.035190,0.900000
125,0,14.200000,-72.590900,155.725500,2.670600,1.930500,4.030000,1.850000,0.029000,-0.006200,2.035190,0.900000
125,0,14.300000,-72.587900,155.725100,2.670600,1.930500,4.030000,1.850000,0.031200,-0.001800,2.035190,0.900000
125,0,14.400000,-72.584700,155.725100,2.670500,1.930500,4.030000,1.850000,0.031700,0.001800,2.035190,0.900000
125,0,14.500000,-72.581500,155.725400,2.670500,1.930500,4.030000,1.850000,0.030600,0.004900,2.035190,0.900000
125,0,14.600000,-72.578500,155.726100,2.670400,1.930500,4.030000,1.850000,0.028700,0.007100,2.035190,0.900000
125,0,14.700000,-72.575800,155.726900,2.670300,1.930500,4.030000,1.850000,0.025200,0.008400,2.035190,0.900000
125,0,14.800000,-72.573500,155.727800,2.670300,1.930500,4.030000,1.850000,0.020800,0.009100,2.035190,0.900000
125,0,14.900000,-72.571600,155.728700,2.670200,1.930500,4.030000,1.850000,0.016100,0.009700,2.035180,0.900000
125,0,15.000000,-72.570300,155.729700,2.670100,1.930500,4.030000,1.850000,0.011300,0.009900,2.035190,0.900000
125,0,15.100000,-72.569400,155.730700,2.670000,1.930500,4.030000,1.850000,0.007000,0.009800,2.035180,0.900000
125,0,15.200000,-72.568900,155.731700,2.669900,1.930500,4.030000,1.850000,0.003800,0.010400,2.035180,0.900000
125,0,15.300000,-72.568600,155.732800,2.669700,1.930500,4.030000,1.850000,0.001700,0.011000,2.035180,0.900000
125,0,15.400000,-72.568500,155.733900,2.669600,1.930500,4.030000,1.850000,0.000400,0.011200,2.035180,0.900000
125,0,15.500000,-72.568500,155.735000,2.669500,1.930500,4.030000,1.850000,-0.000200,0.011200,2.035170,0.900000
125,0,15.600000,-72.568600,155.736100,2.669400,1.930500,4.030000,1.850000,-0.000300,0.011100,2.035170,0.900000
126,0,0.000000,2.521000,-13.132100,0.202000,1.839800,4.030000,1.811400,-0.056600,-0.035600,-1.180550,0.900000
126,0,0.100000,2.515400,-13.135700,0.201900,1.839800,4.030000,1.811400,-0.056800,-0.035700,-1.180560,0.900000
126,0,0.200000,2.509700,-13.139300,0.201800,1.839800,4.030000,1.811400,-0.056800,-0.035800,-1.180560,0.900000
126,0,0.300000,2.504000,-13.142800,0.201700,1.839800,4.030000,1.811400,-0.056900,-0.035800,-1.180550,0.900000
126,0,0.400000,2.498300,-13.146400,0.201600,1.839800,4.030000,1.811400,-0.057500,-0.036200,-1.180600,0.900000
126,0,0.500000,2.492500,-13.150100,0.201400,1.839800,4.030000,1.811400,-0.058300,-0.036600,-1.180530,0.900000
126,0,0.600000,2.486700,-13.153800,0.201300,1.839800,4.030000,1.811400,-0.059100,-0.037000,-1.180550,0.900000
126,0,0.700000,2.480700,-13.157500,0.201200,1.839800,4.030000,1.811400,-0.060300,-0.037500,-1.180520,0.900000
126,0,0.800000,2.474600,-13.161300,0.201100,1.839800,4.030000,1.811400,-0.061500,-0.038000,-1.180560,0.900000
126,0,0.900000,2.468400,-13.165100,0.200900,1.839800,4.030000,1.811400,-0.062200,-0.038200,-1.180550,0.900000
126,0,1.000000,2.462200,-13.168900,0.200800,1.839800,4.030000,1.811400,-0.062400,-0.038000,-1.180600,0.900000
126,0,1.100000,2.455900,-13.172700,0.200600,1.839800,4.030000,1.811400,-0.062700,-0.037800,-1.180630,0.900000
126,0,1.200000,2.449600,-13.176400,0.200500,1.839800,4.030000,1.811400,-0.062600,-0.037100,-1.180640,0.900000
126,0,1.300000,2.443400,-13.180100,0.200400,1.839800,4.030000,1.811400,-0.061900,-0.035900,-1.180660,0.900000
126,0,1.400000,2.437200,-13.183600,0.200200,1.839800,4.030000,1.811400,-0.061100,-0.034600,-1.180650,0.900000
126,0,1.500000,2.431200,-13.187000,0.200100,1.839800,4.030000,1.811400,-0.059600,-0.032700,-1.180730,0.900000
126,0,1.600000,2.425300,-13.190200,0.199900,1.839800,4.030000,1.811400,-0.057700,-0.030300,-1.180760,0.900000
126,0,1.700000,2.419600,-13.193100,0.199800,1.839800,4.030000,1.811400,-0.055400,-0.027800,-1.180760,0.900000
126,0,1.800000,2.414200,-13.195700,0.199700,1.839800,4.030000,1.811400,-0.052500,-0.024800,-1.180800,0.900000
126,0,1.900000,2.409200,-13.198000,0.199600,1.839800,4.030000,1.811400,-0.047900,-0.021100,-1.180740,0.900000
126,0,2.000000,2.404700,-13.199900,0.199500,1.839800,4.030000,1.811400,-0.041200,-0.016400,-1.180630,0.900000
126,0,2.100000,2.400900,-13.201300,0.199500,1.839800,4.030000,1.811400,-0.033100,-0.011000,-1.180530,0.900000
126,0,2.200000,2.398000,-13.202100,0.199400,1.839800,4.030000,1.811400,-0.023200,-0.005000,-1.180450,0.900000
126,0,2.300000,2.396300,-13.202300,0.199400,1.839800,4.030000,1.811400,-0.012000,0.001300,-1.180270,0.900000
126,0,2.400000,2.395600,-13.201900,0.199400,1.839800,4.030000,1.811400,0.000100,0.007700,-1.180190,0.900000
126,0,2.500000,2.396300,-13.200800,0.199400,1.839800,4.030000,1.811400,0.013500,0.014200,-1.180160,0.900000
126,0,2.600000,2.398300,-13.199000,0.199400,1.839800,4.030000,1.811400,0.027300,0.020500,-1.180090,0.900000
126,0,2.700000,2.401700,-13.196700,0.199500,1.839800,4.030000,1.811400,0.040800,0.026100,-1.180110,0.900000
126,0,2.800000,2.406500,-13.193800,0.199600,1.839800,4.030000,1.811400,0.054300,0.031100,-1.180120,0.900000
126,0,2.900000,2.412600,-13.190500,0.199600,1.839800,4.030000,1.811400,0.067500,0.035300,-1.180160,0.900000
126,0,3.000000,2.420000,-13.186800,0.199700,1.839800,4.030000,1.811400,0.079500,0.038300,-1.180160,0.900000
126,0,3.100000,2.428500,-13.182800,0.199800,1.839800,4.030000,1.811400,0.090200,0.040000,-1.180190,0.900000
126,0,3.200000,2.438000,-13.178800,0.199800,1.839800,4.030000,1.811400,0.097600,0.039700,-1.180180,0.900000
126,0,3.300000,2.448000,-13.174900,0.199900,1.839800,4.030000,1.811400,0.101200,0.037500,-1.180130,0.900000
126,0,3.400000,2.458300,-13.171200,0.199900,1.839800,4.030000,1.811400,0.102900,0.034100,-1.180160,0.900000
126,0,3.500000,2.468600,-13.168000,0.200000,1.839800,4.030000,1.811400,0.102900,0.029800,-1.180140,0.900000
126,0,3.600000,2.478800,-13.165300,0.200000,1.839800,4.030000,1.811400,0.101300,0.025300,-1.180110,0.900000
126,0,3.700000,2.488900,-13.163000,0.200000,1.839800,4.030000,1.811400,0.098500,0.021200,-1.180050,0.900000
126,0,3.800000,2.498600,-13.161100,0.200000,1.839800,4.030000,1.811400,0.094200,0.017100,-1.180000,0.900000
126,0,3.900000,2.507700,-13.159600,0.200000,1.839800,4.030000,1.811400,0.088100,0.012900,-1.179980,0.900000
126,0,4.000000,2.516200,-13.158500,0.200000,1.839800,4.030000,1.811400,0.081100,0.009100,-1.179950,0.900000
126,0,4.100000,2.524000,-13.157700,0.200000,1.839800,4.030000,1.811400,0.074500,0.005600,-1.179960,0.900000
126,0,4.200000,2.531000,-13.157300,0.200000,1.839800,4.030000,1.811400,0.066600,0.002000,-1.180010,0.900000
126,0,4.300000,2.537300,-13.157300,0.199900,1.839800,4.030000,1.811400,0.056800,-0.002100,-1.180030,0.900000
126,0,4.400000,2.542400,-13.157800,0.199900,1.839800,4.030000,1.811400,0.045100,-0.007000,-1.180060,0.900000
126,0,4.500000,2.546300,-13.158700,0.199900,1.839800,4.030000,1.811400,0.031700,-0.012200,-1.180080,0.900000
126,0,4.600000,2.548800,-13.160200,0.199800,1.839800,4.030000,1.811400,0.017800,-0.017200,-1.180090,0.900000
126,0,4.700000,2.549800,-13.162200,0.199800,1.839800,4.030000,1.811400,0.004600,-0.021900,-1.180080,0.900000
126,0,4.800000,2.549700,-13.164600,0.199800,1.839800,4.030000,1.811400,-0.006600,-0.025700,-1.180090,0.900000
126,0,4.900000,2.548500,-13.167300,0.199700,1.839800,4.030000,1.811400,-0.015500,-0.028100,-1.180080,0.900000
126,0,5.000000,2.546600,-13.170200,0.199600,1.839800,4.030000,1.811400,-0.023100,-0.029700,-1.180090,0.900000
126,0,5.100000,2.543900,-13.173200,0.199600,1.839800,4.030000,1.811400,-0.030400,-0.030900,-1.180080,0.900000
126,0,5.200000,2.540500,-13.176400,0.199500,1.839800,4.030000,1.811400,-0.038300,-0.031600,-1.180080,0.900000
126,0,5.300000,2.536200,-13.179600,0.199400,1.839800,4.030000,1.811400,-0.047200,-0.031600,-1.180060,0.900000
126,0,5.400000,2.531000,-13.182700,0.199400,1.839800,4.030000,1.811400,-0.055900,-0.030300,-1.180020,0.900000
126,0,5.503000,2.524900,-13.185700,0.199300,1.839800,4.030000,1.811400,-0.066000,-0.028800,-1.179990,0.900000
126,0,5.600000,2.517900,-13.188500,0.199200,1.839800,4.030000,1.811400,-0.074800,-0.025900,-1.179940,0.900000
126,0,5.700000,2.510100,-13.190800,0.199100,1.839800,4.030000,1.811400,-0.079400,-0.020800,-1.179920,0.900000
126,0,5.800000,2.502000,-13.192600,0.199000,1.839800,4.030000,1.811400,-0.082200,-0.015000,-1.179930,0.900000
126,0,5.900000,2.493700,-13.193800,0.198900,1.839800,4.030000,1.811400,-0.080300,-0.008300,-1.179930,0.900000
126,0,6.000000,2.485900,-13.194300,0.198800,1.839800,4.030000,1.811400,-0.074300,-0.001300,-1.179930,0.900000
126,0,6.100000,2.478800,-13.194100,0.198700,1.839800,4.030000,1.811400,-0.065400,0.006200,-1.179980,0.900000
126,0,6.200000,2.472800,-13.193000,0.198600,1.839800,4.030000,1.811400,-0.054800,0.014400,-1.180000,0.900000
126,0,6.300000,2.467900,-13.191200,0.198600,1.839800,4.030000,1.811400,-0.043600,0.022500,-1.180040,0.900000
126,0,6.400000,2.464100,-13.188500,0.198500,1.839800,4.030000,1.811400,-0.032900,0.029800,-1.180090,0.900000
126,0,6.500000,2.461300,-13.185200,0.198400,1.839800,4.030000,1.811400,-0.022600,0.035900,-1.180130,0.900000
126,0,6.603000,2.459500,-13.181200,0.198300,1.839800,4.030000,1.811400,-0.014500,0.041600,-1.180150,0.900000
126,0,6.700000,2.458400,-13.176900,0.198300,1.839800,4.030000,1.811400,-0.008100,0.045300,-1.180190,0.900000
126,0,6.800000,2.457900,-13.172300,0.198200,1.839800,4.030000,1.811400,-0.002100,0.046200,-1.180210,0.900000
126,0,6.900000,2.458000,-13.167700,0.198200,1.839800,4.030000,1.811400,0.004500,0.047300,-1.180200,0.900000
126,0,7.000000,2.458800,-13.162900,0.198200,1.839800,4.030000,1.811400,0.011600,0.048300,-1.180230,0.900000
126,0,7.100000,2.460300,-13.158000,0.198300,1.839800,4.030000,1.811400,0.018900,0.049400,-1.180240,0.900000
126,0,7.200000,2.462600,-13.153000,0.198300,1.839800,4.030000,1.811400,0.025500,0.050100,-1.180330,0.900000
126,0,7.300000,2.465400,-13.148000,0.198400,1.839800,4.030000,1.811400,0.031000,0.050500,-1.180310,0.900000
126,0,7.400000,2.468800,-13.142900,0.198500,1.839800,4.030000,1.811400,0.035400,0.050400,-1.180330,0.900000
126,0,7.500000,2.472500,-13.137900,0.198700,1.839800,4.030000,1.811400,0.037400,0.049400,-1.180350,0.900000
126,0,7.600000,2.476300,-13.133000,0.198900,1.839800,4.030000,1.811400,0.036000,0.047000,-1.180310,0.900000
126,0,7.700000,2.479700,-13.128500,0.199200,1.839800,4.030000,1.811400,0.032300,0.043500,-1.180370,0.900000
126,0,7.800000,2.482700,-13.124300,0.199400,1.839800,4.030000,1.811400,0.026500,0.039300,-1.180410,0.900000
126,0,7.900000,2.485000,-13.120600,0.199700,1.839800,4.030000,1.811400,0.019200,0.034800,-1.180370,0.900000
126,0,8.000000,2.486500,-13.117400,0.200000,1.839800,4.030000,1.811400,0.010800,0.029900,-1.180440,0.900000
126,0,8.100000,2.487200,-13.114700,0.200300,1.839800,4.030000,1.811400,0.001100,0.024700,-1.180350,0.900000
126,0,8.200000,2.486800,-13.112400,0.200600,1.839800,4.030000,1.811400,-0.010000,0.019600,-1.180130,0.900000
126,0,8.300000,2.485200,-13.110700,0.200900,1.839800,4.030000,1.811400,-0.021700,0.014900,-1.180010,0.900000
126,0,8.400000,2.482400,-13.109500,0.201200,1.839800,4.030000,1.811400,-0.033200,0.010500,-1.179930,0.900000
126,0,8.500000,2.478600,-13.108600,0.201500,1.839800,4.030000,1.811400,-0.043700,0.006000,-1.179990,0.900000
126,0,8.600000,2.473700,-13.108200,0.201800,1.839800,4.030000,1.811400,-0.053000,0.001900,-1.179950,0.900000
126,0,8.700000,2.468000,-13.108300,0.202100,1.839800,4.030000,1.811400,-0.059400,-0.002100,-1.179830,0.900000
126,0,8.800000,2.461800,-13.108700,0.202300,1.839800,4.030000,1.811400,-0.062100,-0.006200,-1.179780,0.900000
126,0,8.900000,2.455500,-13.109500,0.202600,1.839800,4.030000,1.811400,-0.064800,-0.010100,-1.179820,0.900000
126,0,9.000000,2.448900,-13.110700,0.202800,1.839800,4.030000,1.811400,-0.068100,-0.013100,-1.179870,0.900000
126,0,9.100000,2.441900,-13.112100,0.203100,1.839800,4.030000,1.811400,-0.071600,-0.015900,-1.179900,0.900000
126,0,9.200000,2.434500,-13.113900,0.203300,1.839800,4.030000,1.811400,-0.077100,-0.019800,-1.179940,0.900000
126,0,9.300000,2.426500,-13.116100,0.203500,1.839800,4.030000,1.811400,-0.083100,-0.025300,-1.179980,0.900000
126,0,9.400000,2.417900,-13.118900,0.203600,1.839800,4.030000,1.811400,-0.090300,-0.032600,-1.180020,0.900000
126,0,9.500000,2.408400,-13.122600,0.203800,1.839800,4.030000,1.811400,-0.101300,-0.042400,-1.180060,0.900000
126,0,9.600000,2.397600,-13.127400,0.203900,1.839800,4.030000,1.811400,-0.116200,-0.054700,-1.180090,0.900000
126,0,9.700000,2.385200,-13.133600,0.203900,1.839800,4.030000,1.811400,-0.132900,-0.068900,-1.180100,0.900000
126,0,9.800000,2.371100,-13.141200,0.203900,1.839800,4.030000,1.811400,-0.148900,-0.083900,-1.180090,0.900000
126,0,9.900000,2.355400,-13.150400,0.203900,1.839800,4.030000,1.811400,-0.163000,-0.099800,-1.180080,0.900000
126,0,10.000000,2.338500,-13.161100,0.203800,1.839800,4.030000,1.811400,-0.172000,-0.115400,-1.180100,0.900000
126,0,10.100000,2.321000,-13.173400,0.203700,1.839800,4.030000,1.811400,-0.174500,-0.130200,-1.180120,0.900000
126,0,10.200000,2.303600,-13.187200,0.203500,1.839800,4.030000,1.811400,-0.171100,-0.145200,-1.180150,0.900000
126,0,10.300000,2.286800,-13.202400,0.203200,1.839800,4.030000,1.811400,-0.160000,-0.159000,-1.180130,0.900000
126,0,10.400000,2.271600,-13.218900,0.202900,1.839800,4.030000,1.811400,-0.141200,-0.171400,-1.180120,0.900000
126,0,10.500000,2.258500,-13.236700,0.202500,1.839800,4.030000,1.811400,-0.116700,-0.182900,-1.180110,0.900000
126,0,10.600000,2.248200,-13.255600,0.202100,1.839800,4.030000,1.811400,-0.087800,-0.192900,-1.180110,0.900000
126,0,10.700000,2.241000,-13.275300,0.201600,1.839800,4.030000,1.811400,-0.055300,-0.199800,-1.180120,0.900000
126,0,10.800000,2.237200,-13.295500,0.201100,1.839800,4.030000,1.811400,-0.020100,-0.203200,-1.180130,0.900000
126,0,10.900000,2.237000,-13.316000,0.200600,1.839800,4.030000,1.811400,0.019100,-0.204700,-1.180120,0.900000
126,0,11.000000,2.241000,-13.336400,0.200000,1.839800,4.030000,1.811400,0.063900,-0.202500,-1.180090,0.900000
126,0,11.100000,2.249700,-13.356400,0.199400,1.839800,4.030000,1.811400,0.114000,-0.197000,-1.180060,0.900000
126,0,11.200000,2.263800,-13.375900,0.198800,1.839800,4.030000,1.811400,0.170900,-0.190500,-1.180000,0.900000
126,0,11.300000,2.283900,-13.394500,0.198200,1.839800,4.030000,1.811400,0.232300,-0.181700,-1.179940,0.900000
126,0,11.400000,2.310200,-13.412200,0.197600,1.839800,4.030000,1.811400,0.295600,-0.171400,-1.179910,0.900000
126,0,11.500000,2.343100,-13.428800,0.196900,1.839800,4.030000,1.811400,0.360900,-0.161400,-1.179900,0.900000
126,0,11.600000,2.382600,-13.444500,0.196300,1.839800,4.030000,1.811400,0.426400,-0.152400,-1.179890,0.900000
126,0,11.700000,2.428300,-13.459300,0.195600,1.839800,4.030000,1.811400,0.487800,-0.144200,-1.179870,0.900000
126,0,11.800000,2.480000,-13.473300,0.194900,1.839800,4.030000,1.811400,0.543100,-0.136900,-1.179850,0.900000
126,0,11.900000,2.537100,-13.486700,0.194200,1.839800,4.030000,1.811400,0.595200,-0.132100,-1.179810,0.900000
126,0,12.000000,2.598900,-13.499700,0.193500,1.839800,4.030000,1.811400,0.636700,-0.128800,-1.179770,0.900000
126,0,12.100000,2.664300,-13.512400,0.192800,1.839800,4.030000,1.811400,0.664600,-0.127600,-1.179760,0.900000
126,0,12.200000,2.732100,-13.525300,0.192000,1.839800,4.030000,1.811400,0.683300,-0.128800,-1.179740,0.900000
126,0,12.300000,2.801200,-13.538200,0.191300,1.839800,4.030000,1.811400,0.695500,-0.130900,-1.179730,0.900000
126,0,12.400000,2.871000,-13.551400,0.190500,1.839800,4.030000,1.811400,0.699500,-0.132100,-1.179730,0.900000
126,0,12.500000,2.940900,-13.564600,0.189700,1.839800,4.030000,1.811400,0.698300,-0.132200,-1.179720,0.900000
126,0,12.600000,3.010900,-13.577900,0.189000,1.839800,4.030000,1.811400,0.698500,-0.132300,-1.179720,0.900000
127,0,9.400000,-101.744600,201.806100,1.631600,1.855000,4.867300,1.920800,4.525700,1.652200,0.404130,0.900000
127,0,9.500000,-101.291100,201.971600,1.625700,1.855000,4.867300,1.920800,4.535300,1.654800,0.404120,0.900000
127,0,9.600000,-100.835800,202.137700,1.619700,1.855000,4.867300,1.920800,4.583200,1.670100,0.404110,0.900000
127,0,9.700000,-100.375700,202.305200,1.613700,1.855000,4.867300,1.920800,4.639900,1.687100,0.404110,0.900000
127,0,9.800000,-99.909000,202.474700,1.607500,1.855000,4.867300,1.920800,4.700000,1.703700,0.404110,0.900000
127,0,9.900000,-99.433900,202.646600,1.601100,1.855000,4.867300,1.920800,4.804100,1.734600,0.404110,0.900000
127,0,10.000000,-98.949500,202.821200,1.594500,1.855000,4.867300,1.920800,4.897800,1.760700,0.404090,0.900000
127,0,10.100000,-98.455700,202.998300,1.587600,1.855000,4.867300,1.920800,4.977000,1.781200,0.404100,0.900000
127,0,10.200000,-97.952100,203.178100,1.580300,1.855000,4.867300,1.920800,5.090500,1.813200,0.404100,0.900000
127,0,10.300000,-97.438900,203.360400,1.572600,1.855000,4.867300,1.920800,5.185400,1.837700,0.404100,0.900000
127,0,10.400000,-96.916500,203.545100,1.564500,1.855000,4.867300,1.920800,5.254700,1.851700,0.404100,0.900000
127,0,10.500000,-96.385900,203.731500,1.556000,1.855000,4.867300,1.920800,5.322500,1.863500,0.404110,0.900000
127,0,10.600000,-95.849900,203.918500,1.547000,1.855000,4.867300,1.920800,5.387400,1.873500,0.404110,0.900000
127,0,10.700000,-95.309900,204.105700,1.537700,1.855000,4.867300,1.920800,5.421200,1.873000,0.404100,0.900000
127,0,10.800000,-94.767100,204.292600,1.528100,1.855000,4.867300,1.920800,5.424900,1.863200,0.404100,0.900000
127,0,10.900000,-94.222800,204.479100,1.518200,1.855000,4.867300,1.920800,5.452300,1.862900,0.404100,0.900000
127,0,11.000000,-93.678100,204.664700,1.508100,1.855000,4.867300,1.920800,5.454100,1.856500,0.404110,0.900000
127,0,11.100000,-93.133400,204.849900,1.497800,1.855000,4.867300,1.920800,5.436500,1.846700,0.404120,0.900000
127,0,11.200000,-92.588700,205.034800,1.487400,1.855000,4.867300,1.920800,5.456400,1.850300,0.404130,0.900000
127,0,11.300000,-92.043600,205.219400,1.476900,1.855000,4.867300,1.920800,5.459000,1.848200,0.404140,0.900000
127,0,11.400000,-91.498400,205.403900,1.466300,1.855000,4.867300,1.920800,5.442600,1.840900,0.404150,0.900000
127,0,11.500000,-90.953000,205.588300,1.455700,1.855000,4.867300,1.920800,5.443100,1.840400,0.404150,0.900000
128,0,0.000000,7.460000,-30.908200,-0.239500,1.740000,4.030000,2.031300,-0.064100,-0.088400,-1.126760,0.900000
128,0,0.100000,7.453500,-30.917000,-0.239700,1.740000,4.030000,2.031300,-0.064800,-0.088100,-1.126780,0.900000
128,0,0.200000,7.447000,-30.925800,-0.239900,1.740000,4.030000,2.031300,-0.066400,-0.086400,-1.126780,0.900000
128,0,0.300000,7.440300,-30.934300,-0.240100,1.740000,4.030000,2.031300,-0.070100,-0.083500,-1.126770,0.900000
128,0,0.400000,7.433000,-30.942500,-0.240300,1.740000,4.030000,2.031300,-0.077000,-0.080900,-1.126810,0.900000
128,0,0.500000,7.424900,-30.950400,-0.240500,1.740000,4.030000,2.031300,-0.085200,-0.076900,-1.126750,0.900000
128,0,0.600000,7.416000,-30.957900,-0.240700,1.740000,4.030000,2.031300,-0.093800,-0.071900,-1.126760,0.900000
128,0,0.700000,7.406100,-30.964900,-0.240900,1.740000,4.030000,2.031300,-0.102700,-0.066900,-1.126740,0.900000
128,0,0.800000,7.395400,-30.971300,-0.241000,1.740000,4.030000,2.031300,-0.111100,-0.062900,-1.126770,0.900000
128,0,0.900000,7.383900,-30.977400,-0.241200,1.740000,4.030000,2.031300,-0.117300,-0.059300,-1.126770,0.900000
128,0,1.000000,7.371900,-30.983200,-0.241400,1.740000,4.030000,2.031300,-0.119900,-0.055200,-1.126810,0.900000
128,0,1.100000,7.359900,-30.988500,-0.241500,1.740000,4.030000,2.031300,-0.118500,-0.050500,-1.126850,0.900000
128,0,1.200000,7.348300,-30.993300,-0.241700,1.740000,4.030000,2.031300,-0.111800,-0.044700,-1.126850,0.900000
128,0,1.300000,7.337500,-30.997400,-0.241800,1.740000,4.030000,2.031300,-0.100900,-0.038400,-1.126870,0.900000
128,0,1.400000,7.328000,-31.001000,-0.241900,1.740000,4.030000,2.031300,-0.088000,-0.032300,-1.126870,0.900000
128,0,1.500000,7.320000,-31.003900,-0.242000,1.740000,4.030000,2.031300,-0.072500,-0.026100,-1.126940,0.900000
128,0,1.600000,7.313600,-31.006200,-0.242000,1.740000,4.030000,2.031300,-0.055200,-0.020200,-1.126970,0.900000
128,0,1.700000,7.308900,-31.007900,-0.242100,1.740000,4.030000,2.031300,-0.037500,-0.014900,-1.126970,0.900000
128,0,1.800000,7.306000,-31.009200,-0.242100,1.740000,4.030000,2.031300,-0.019700,-0.010600,-1.127010,0.900000
128,0,1.900000,7.305000,-31.010000,-0.242200,1.740000,4.030000,2.031300,-0.002600,-0.007500,-1.126950,0.900000
128,0,2.000000,7.305500,-31.010700,-0.242200,1.740000,4.030000,2.031300,0.014100,-0.005000,-1.126850,0.900000
128,0,2.100000,7.307800,-31.011000,-0.242200,1.740000,4.030000,2.031300,0.030900,-0.002400,-1.126740,0.900000
128,0,2.200000,7.311700,-31.011100,-0.242200,1.740000,4.030000,2.031300,0.045800,-0.000400,-1.126660,0.900000
128,0,2.300000,7.317000,-31.011100,-0.242100,1.740000,4.030000,2.031300,0.057500,0.000200,-1.126490,0.900000
128,0,2.400000,7.323200,-31.011100,-0.242100,1.740000,4.030000,2.031300,0.065300,-0.001100,-1.126410,0.900000
128,0,2.500000,7.330000,-31.011300,-0.242100,1.740000,4.030000,2.031300,0.069400,-0.004400,-1.126380,0.900000
128,0,2.600000,7.337100,-31.012000,-0.242100,1.740000,4.030000,2.031300,0.070000,-0.009300,-1.126310,0.900000
128,0,2.700000,7.344000,-31.013200,-0.242100,1.740000,4.030000,2.031300,0.067600,-0.015700,-1.126320,0.900000
128,0,2.800000,7.350600,-31.015100,-0.242200,1.740000,4.030000,2.031300,0.063400,-0.023000,-1.126330,0.900000
128,0,2.900000,7.356700,-31.017800,-0.242200,1.740000,4.030000,2.031300,0.056900,-0.030300,-1.126370,0.900000
128,0,3.000000,7.362000,-31.021200,-0.242300,1.740000,4.030000,2.031300,0.048800,-0.037100,-1.126380,0.900000
128,0,3.100000,7.366500,-31.025200,-0.242400,1.740000,4.030000,2.031300,0.040400,-0.043300,-1.126410,0.900000
128,0,3.200000,7.370100,-31.029800,-0.242500,1.740000,4.030000,2.031300,0.031900,-0.048000,-1.126390,0.900000
128,0,3.300000,7.372800,-31.034800,-0.242600,1.740000,4.030000,2.031300,0.023700,-0.050900,-1.126340,0.900000
128,0,3.400000,7.374800,-31.040000,-0.242700,1.740000,4.030000,2.031300,0.016400,-0.052200,-1.126370,0.900000
128,0,3.500000,7.376100,-31.045200,-0.242900,1.740000,4.030000,2.031300,0.010200,-0.051900,-1.126360,0.900000
128,0,3.600000,7.376900,-31.050400,-0.243000,1.740000,4.030000,2.031300,0.005400,-0.050500,-1.126320,0.900000
128,0,3.700000,7.377200,-31.055400,-0.243100,1.740000,4.030000,2.031300,0.001400,-0.048600,-1.126270,0.900000
128,0,3.800000,7.377100,-31.060100,-0.243200,1.740000,4.030000,2.031300,-0.001000,-0.045800,-1.126220,0.900000
128,0,3.900000,7.377000,-31.064500,-0.243300,1.740000,4.030000,2.031300,-0.000800,-0.041300,-1.126200,0.900000
128,0,4.000000,7.377000,-31.068400,-0.243400,1.740000,4.030000,2.031300,0.001600,-0.035600,-1.126160,0.900000
128,0,4.100000,7.377300,-31.071600,-0.243500,1.740000,4.030000,2.031300,0.005600,-0.030000,-1.126170,0.900000
128,0,4.200000,7.378100,-31.074400,-0.243600,1.740000,4.030000,2.031300,0.010900,-0.025000,-1.126220,0.900000
128,0,4.300000,7.379500,-31.076600,-0.243600,1.740000,4.030000,2.031300,0.016900,-0.020500,-1.126250,0.900000
128,0,4.400000,7.381500,-31.078500,-0.243700,1.740000,4.030000,2.031300,0.023500,-0.016800,-1.126270,0.900000
128,0,4.500000,7.384200,-31.080000,-0.243700,1.740000,4.030000,2.031300,0.029900,-0.013900,-1.126300,0.900000
128,0,4.600000,7.387400,-31.081300,-0.243800,1.740000,4.030000,2.031300,0.035000,-0.012300,-1.126300,0.900000
128,0,4.700000,7.391200,-31.082500,-0.243800,1.740000,4.030000,2.031300,0.038100,-0.012500,-1.126300,0.900000
128,0,4.800000,7.395100,-31.083700,-0.243800,1.740000,4.030000,2.031300,0.039500,-0.013700,-1.126300,0.900000
128,0,4.900000,7.399100,-31.085200,-0.243800,1.740000,4.030000,2.031300,0.039800,-0.015500,-1.126290,0.900000
128,0,5.000000,7.403000,-31.086800,-0.243900,1.740000,4.030000,2.031300,0.039300,-0.017500,-1.126300,0.900000
128,0,5.100000,7.406900,-31.088700,-0.243900,1.740000,4.030000,2.031300,0.038800,-0.019500,-1.126300,0.900000
128,0,5.200000,7.410800,-31.090700,-0.244000,1.740000,4.030000,2.031300,0.038300,-0.021300,-1.126290,0.900000
128,0,5.300000,7.414600,-31.093000,-0.244000,1.740000,4.030000,2.031300,0.037800,-0.023000,-1.126280,0.900000
128,0,5.400000,7.418300,-31.095300,-0.244100,1.740000,4.030000,2.031300,0.036400,-0.024300,-1.126230,0.900000
128,0,5.503000,7.422000,-31.097900,-0.244200,1.740000,4.030000,2.031300,0.035400,-0.026300,-1.126200,0.900000
128,0,5.600000,7.425400,-31.100600,-0.244200,1.740000,4.030000,2.031300,0.033200,-0.028200,-1.126150,0.900000
128,0,5.700000,7.428500,-31.103400,-0.244300,1.740000,4.030000,2.031300,0.028900,-0.029500,-1.126140,0.900000
128,0,5.800000,7.431200,-31.106500,-0.244400,1.740000,4.030000,2.031300,0.024000,-0.031600,-1.126150,0.900000
128,0,5.900000,7.433300,-31.109800,-0.244500,1.740000,4.030000,2.031300,0.017600,-0.033500,-1.126140,0.900000
128,0,6.000000,7.434700,-31.113200,-0.244600,1.740000,4.030000,2.031300,0.010000,-0.034900,-1.126140,0.900000
128,0,6.100000,7.435300,-31.116700,-0.244700,1.740000,4.030000,2.031300,0.001600,-0.035700,-1.126200,0.900000
128,0,6.200000,7.435000,-31.120300,-0.244800,1.740000,4.030000,2.031300,-0.007700,-0.035900,-1.126220,0.900000
128,0,6.300000,7.433800,-31.123900,-0.244900,1.740000,4.030000,2.031300,-0.017500,-0.035200,-1.126250,0.900000
128,0,6.400000,7.431500,-31.127400,-0.245000,1.740000,4.030000,2.031300,-0.026700,-0.033800,-1.126300,0.900000
128,0,6.500000,7.428400,-31.130700,-0.245100,1.740000,4.030000,2.031300,-0.034100,-0.031300,-1.126350,0.900000
128,0,6.603000,7.424600,-31.133800,-0.245200,1.740000,4.030000,2.031300,-0.042300,-0.029700,-1.126370,0.900000
128,0,6.700000,7.420000,-31.136600,-0.245200,1.740000,4.030000,2.031300,-0.050400,-0.028200,-1.126410,0.900000
128,0,6.800000,7.414700,-31.139300,-0.245300,1.740000,4.030000,2.031300,-0.056800,-0.026100,-1.126420,0.900000
128,0,6.900000,7.408600,-31.141800,-0.245300,1.740000,4.030000,2.031300,-0.064000,-0.025100,-1.126420,0.900000
128,0,7.000000,7.401900,-31.144300,-0.245300,1.740000,4.030000,2.031300,-0.070200,-0.024600,-1.126440,0.900000
128,0,7.100000,7.394600,-31.146800,-0.245300,1.740000,4.030000,2.031300,-0.075400,-0.024900,-1.126450,0.900000
128,0,7.200000,7.386800,-31.149300,-0.245300,1.740000,4.030000,2.031300,-0.079500,-0.026000,-1.126540,0.900000
128,0,7.300000,7.378700,-31.152000,-0.245200,1.740000,4.030000,2.031300,-0.082000,-0.027700,-1.126530,0.900000
128,0,7.400000,7.370400,-31.154800,-0.245200,1.740000,4.030000,2.031300,-0.082900,-0.030000,-1.126880,0.900000
128,0,7.500000,7.362100,-31.158000,-0.245100,1.740000,4.030000,2.031300,-0.082800,-0.033100,-1.126820,0.900000
128,0,7.600000,7.353800,-31.161500,-0.245100,1.740000,4.030000,2.031300,-0.081600,-0.037000,-1.126910,0.900000
128,0,7.700000,7.345800,-31.165400,-0.245000,1.740000,4.030000,2.031300,-0.078900,-0.041500,-1.126590,0.900000
128,0,7.800000,7.338100,-31.169700,-0.245000,1.740000,4.030000,2.031300,-0.074600,-0.046600,-1.126630,0.900000
128,0,7.900000,7.330800,-31.174700,-0.244900,1.740000,4.030000,2.031300,-0.069400,-0.052900,-1.126590,0.900000
128,0,8.000000,7.324200,-31.180300,-0.244900,1.740000,4.030000,2.031300,-0.062500,-0.060200,-1.126650,0.900000
128,0,8.100000,7.318300,-31.186700,-0.244800,1.740000,4.030000,2.031300,-0.053900,-0.068900,-1.126560,0.900000
128,0,8.200000,7.313400,-31.194100,-0.244800,1.740000,4.030000,2.031300,-0.044500,-0.077800,-1.125650,0.900000
128,0,8.300000,7.309400,-31.202300,-0.244800,1.740000,4.030000,2.031300,-0.034800,-0.084600,-1.126190,0.900000
128,0,8.400000,7.306400,-31.211000,-0.244800,1.740000,4.030000,2.031300,-0.024700,-0.088800,-1.126150,0.900000
128,0,8.500000,7.304500,-31.220000,-0.244800,1.740000,4.030000,2.031300,-0.014800,-0.091000,-1.126210,0.900000
128,0,8.600000,7.303500,-31.229200,-0.244800,1.740000,4.030000,2.031300,-0.005600,-0.092700,-1.126170,0.900000
128,0,8.700000,7.303400,-31.238600,-0.244800,1.740000,4.030000,2.031300,0.002900,-0.093500,-1.126050,0.900000
128,0,8.800000,7.304100,-31.247900,-0.244800,1.740000,4.030000,2.031300,0.010700,-0.093200,-1.126890,0.900000
128,0,8.900000,7.305500,-31.257200,-0.244900,1.740000,4.030000,2.031300,0.017800,-0.092900,-1.127070,0.900000
128,0,9.000000,7.307600,-31.266500,-0.244900,1.740000,4.030000,2.031300,0.024300,-0.091500,-1.127490,0.900000
128,0,9.100000,7.310300,-31.275500,-0.244900,1.740000,4.030000,2.031300,0.029900,-0.089200,-1.127770,0.900000
128,0,9.200000,7.313600,-31.284300,-0.244900,1.740000,4.030000,2.031300,0.035200,-0.086800,-1.127660,0.900000
128,0,9.300000,7.317400,-31.292800,-0.245000,1.740000,4.030000,2.031300,0.039700,-0.083300,-1.126190,0.900000
128,0,9.400000,7.321500,-31.301000,-0.245000,1.740000,4.030000,2.031300,0.043300,-0.078900,-1.127200,0.900000
128,0,9.500000,7.326100,-31.308700,-0.245000,1.740000,4.030000,2.031300,0.046500,-0.074100,-1.126840,0.900000
128,0,9.600000,7.330900,-31.315800,-0.245100,1.740000,4.030000,2.031300,0.049300,-0.068700,-1.126300,0.900000
128,0,9.700000,7.335900,-31.322400,-0.245100,1.740000,4.030000,2.031300,0.052100,-0.062200,-1.126310,0.900000
128,0,9.800000,7.341300,-31.328200,-0.245100,1.740000,4.030000,2.031300,0.055600,-0.054600,-1.126300,0.900000
128,0,9.900000,7.347000,-31.333300,-0.245100,1.740000,4.030000,2.031300,0.060700,-0.046900,-1.126290,0.900000
128,0,10.000000,7.353400,-31.337600,-0.245100,1.740000,4.030000,2.031300,0.066100,-0.039000,-1.126500,0.900000
128,0,10.100000,7.360200,-31.341100,-0.245100,1.740000,4.030000,2.031300,0.070900,-0.031400,-1.126340,0.900000
128,0,10.200000,7.367600,-31.343900,-0.245100,1.740000,4.030000,2.031300,0.075900,-0.024300,-1.126750,0.900000
128,0,10.300000,7.375400,-31.346000,-0.245100,1.740000,4.030000,2.031300,0.080300,-0.017500,-1.126350,0.900000
128,0,10.400000,7.383600,-31.347400,-0.245100,1.740000,4.030000,2.031300,0.084100,-0.011100,-1.126340,0.900000
128,0,10.500000,7.392200,-31.348200,-0.245100,1.740000,4.030000,2.031300,0.087800,-0.004900,-1.126330,0.900000
128,0,10.600000,7.401200,-31.348400,-0.245100,1.740000,4.030000,2.031300,0.091600,0.000800,-1.126700,0.900000
128,0,10.700000,7.410500,-31.348000,-0.245000,1.740000,4.030000,2.031300,0.094800,0.006300,-1.126730,0.900000
128,0,10.800000,7.420200,-31.347100,-0.245000,1.740000,4.030000,2.031300,0.097400,0.011500,-1.126680,0.900000
128,0,10.900000,7.430000,-31.345700,-0.245000,1.740000,4.030000,2.031300,0.100300,0.016400,-1.126420,0.900000
128,0,11.000000,7.440200,-31.343800,-0.244900,1.740000,4.030000,2.031300,0.102600,0.021000,-1.126330,0.900000
128,0,11.100000,7.450500,-31.341500,-0.244900,1.740000,4.030000,2.031300,0.104300,0.025300,-1.126340,0.900000
128,0,11.200000,7.461100,-31.338800,-0.244800,1.740000,4.030000,2.031300,0.106400,0.029400,-1.126130,0.900000
128,0,11.300000,7.471800,-31.335600,-0.244700,1.740000,4.030000,2.031300,0.107900,0.033200,-1.125990,0.900000
128,0,11.400000,7.482600,-31.332200,-0.244600,1.740000,4.030000,2.031300,0.108700,0.036600,-1.125880,0.900000
128,0,11.500000,7.493600,-31.328300,-0.244600,1.740000,4.030000,2.031300,0.109600,0.039900,-1.125760,0.900000
128,0,11.600000,7.504600,-31.324200,-0.244500,1.740000,4.030000,2.031300,0.110700,0.043000,-1.125610,0.900000
128,0,11.700000,7.515700,-31.319700,-0.244400,1.740000,4.030000,2.031300,0.111100,0.045800,-1.125700,0.900000
128,0,11.800000,7.526800,-31.315000,-0.244300,1.740000,4.030000,2.031300,0.110800,0.048100,-1.125700,0.900000
128,0,11.900000,7.537900,-31.310100,-0.244100,1.740000,4.030000,2.031300,0.111100,0.050600,-1.125610,0.900000
128,0,12.000000,7.549000,-31.304900,-0.244000,1.740000,4.030000,2.031300,0.110700,0.052600,-1.125990,0.900000
128,0,12.100000,7.560000,-31.299600,-0.243900,1.740000,4.030000,2.031300,0.109600,0.054300,-1.125970,0.900000
128,0,12.200000,7.570900,-31.294000,-0.243700,1.740000,4.030000,2.031300,0.108900,0.055900,-1.125960,0.900000
128,0,12.300000,7.581800,-31.288400,-0.243600,1.740000,4.030000,2.031300,0.108500,0.057600,-1.125920,0.900000
128,0,12.400000,7.592600,-31.282500,-0.243400,1.740000,4.030000,2.031300,0.107900,0.058900,-1.125780,0.900000
128,0,12.500000,7.603400,-31.276600,-0.243200,1.740000,4.030000,2.031300,0.107000,0.059900,-1.125770,0.900000
128,0,12.600000,7.614000,-31.270500,-0.243100,1.740000,4.030000,2.031300,0.106800,0.061200,-1.125890,0.900000
128,0,12.700000,7.624700,-31.264400,-0.242900,1.740000,4.030000,2.031300,0.106400,0.062100,-1.125880,0.900000
128,0,12.800000,7.635300,-31.258100,-0.242700,1.740000,4.030000,2.031300,0.105700,0.062600,-1.125850,0.900000
128,0,12.900000,7.645900,-31.251800,-0.242500,1.740000,4.030000,2.031300,0.105800,0.063400,-1.125810,0.900000
128,0,13.000000,7.656400,-31.245500,-0.242300,1.740000,4.030000,2.031300,0.105500,0.063900,-1.125870,0.900000
128,0,13.100000,7.667000,-31.239100,-0.242100,1.740000,4.030000,2.031300,0.105000,0.064100,-1.125870,0.900000
128,0,13.200000,7.677500,-31.232600,-0.241900,1.740000,4.030000,2.031300,0.105300,0.064500,-1.125860,0.900000
128,0,13.300000,7.688000,-31.226200,-0.241700,1.740000,4.030000,2.031300,0.105600,0.064800,-1.125910,0.900000
129,0,7.900000,-110.156800,233.371800,2.241200,1.910900,6.031500,1.977500,-0.092700,0.252200,-1.359460,0.900000
129,0,8.000000,-110.166000,233.396900,2.242100,1.910900,6.031500,1.977500,-0.092200,0.250600,-1.359070,0.900000
129,0,8.100000,-110.175200,233.421900,2.243000,1.910900,6.031500,1.977500,-0.091400,0.247500,-1.359410,0.900000
129,0,8.200000,-110.184400,233.446500,2.243800,1.910900,6.031500,1.977500,-0.090600,0.243900,-1.359160,0.900000
129,0,8.300000,-110.193400,233.470700,2.244700,1.910900,6.031500,1.977500,-0.089800,0.239300,-1.359040,0.900000
129,0,8.400000,-110.202300,233.494300,2.245500,1.910900,6.031500,1.977500,-0.088200,0.231600,-1.358960,0.900000
129,0,8.500000,-110.211000,233.517000,2.246400,1.910900,6.031500,1.977500,-0.085800,0.220900,-1.359280,0.900000
129,0,8.600000,-110.219500,233.538600,2.247100,1.910900,6.031500,1.977500,-0.083600,0.209300,-1.358950,0.900000
129,0,8.700000,-110.227700,233.558800,2.247900,1.910900,6.031500,1.977500,-0.080700,0.194700,-1.358790,0.900000
129,0,8.800000,-110.235600,233.577500,2.248600,1.910900,6.031500,1.977500,-0.076900,0.175100,-1.358740,0.900000
129,0,8.900000,-110.243100,233.593900,2.249200,1.910900,6.031500,1.977500,-0.073300,0.148200,-1.358780,0.900000
129,0,9.000000,-110.250200,233.607100,2.249700,1.910900,6.031500,1.977500,-0.069800,0.109600,-1.358840,0.900000
129,0,9.100000,-110.257000,233.615800,2.250100,1.910900,6.031500,1.977500,-0.067700,0.066600,-1.358880,0.900000
129,0,9.200000,-110.263800,233.620400,2.250300,1.910900,6.031500,1.977500,-0.069100,0.030900,-1.358920,0.900000
129,0,9.300000,-110.270900,233.622000,2.250500,1.910900,6.031500,1.977500,-0.073400,0.004200,-1.358960,0.900000
129,0,9.400000,-110.278500,233.621200,2.250600,1.910900,6.031500,1.977500,-0.079900,-0.016500,-1.359010,0.900000
129,0,9.500000,-110.286900,233.618700,2.250700,1.910900,6.031500,1.977500,-0.089200,-0.035800,-1.359060,0.900000
129,0,9.600000,-110.296300,233.614100,2.250800,1.910900,6.031500,1.977500,-0.101500,-0.058800,-1.359090,0.900000
129,0,9.700000,-110.307100,233.606900,2.250800,1.910900,6.031500,1.977500,-0.114400,-0.081500,-1.359060,0.900000
129,0,9.800000,-110.319200,233.597800,2.250800,1.910900,6.031500,1.977500,-0.125900,-0.097200,-1.359030,0.900000
129,0,9.900000,-110.332400,233.587400,2.250700,1.910900,6.031500,1.977500,-0.137200,-0.107000,-1.359030,0.900000
129,0,10.000000,-110.346600,233.576400,2.250700,1.910900,6.031500,1.977500,-0.147100,-0.109900,-1.359100,0.900000
129,0,10.100000,-110.361800,233.565500,2.250700,1.910900,6.031500,1.977500,-0.155600,-0.105800,-1.359180,0.900000
129,0,10.200000,-110.377800,233.555200,2.250800,1.910900,6.031500,1.977500,-0.164100,-0.095700,-1.359160,0.900000
129,0,10.300000,-110.394500,233.546400,2.250900,1.910900,6.031500,1.977500,-0.169000,-0.072700,-1.359140,0.900000
129,0,10.400000,-110.411500,233.540700,2.251100,1.910900,6.031500,1.977500,-0.168100,-0.033600,-1.359130,0.900000
129,0,10.500000,-110.428200,233.539600,2.251400,1.910900,6.031500,1.977500,-0.162800,0.015800,-1.359120,0.900000
129,0,10.600000,-110.444200,233.543900,2.252000,1.910900,6.031500,1.977500,-0.153800,0.070300,-1.359120,0.900000
129,0,10.700000,-110.458900,233.553700,2.252600,1.910900,6.031500,1.977500,-0.139900,0.123500,-1.359130,0.900000
129,0,10.800000,-110.472100,233.568600,2.253400,1.910900,6.031500,1.977500,-0.121300,0.169600,-1.359140,0.900000
129,0,10.900000,-110.483200,233.587600,2.254300,1.910900,6.031500,1.977500,-0.099700,0.204900,-1.359130,0.900000
129,0,11.000000,-110.492000,233.609500,2.255200,1.910900,6.031500,1.977500,-0.075200,0.232900,-1.359090,0.900000
129,0,11.100000,-110.498300,233.634200,2.256200,1.910900,6.031500,1.977500,-0.049300,0.258100,-1.359050,0.900000
129,0,11.200000,-110.501900,233.661200,2.257200,1.910900,6.031500,1.977500,-0.024200,0.281300,-1.358980,0.900000
129,0,11.300000,-110.503100,233.690300,2.258200,1.910900,6.031500,1.977500,-0.000500,0.297400,-1.358920,0.900000
129,0,11.400000,-110.502000,233.720600,2.259100,1.910900,6.031500,1.977500,0.021200,0.300400,-1.358890,0.900000
129,0,11.500000,-110.498900,233.750500,2.260100,1.910900,6.031500,1.977500,0.039500,0.295400,-1.358880,0.900000
129,0,11.600000,-110.494100,233.779800,2.260900,1.910900,6.031500,1.977500,0.054200,0.285100,-1.358850,0.900000
129,0,11.700000,-110.488000,233.807500,2.261700,1.910900,6.031500,1.977500,0.064500,0.268100,-1.358840,0.900000
129,0,11.800000,-110.481200,233.833400,2.262400,1.910900,6.031500,1.977500,0.068800,0.250900,-1.358810,0.900000
129,0,11.900000,-110.474300,233.857800,2.263100,1.910900,6.031500,1.977500,0.066700,0.234000,-1.358760,0.900000
129,0,12.000000,-110.467900,233.880100,2.263700,1.910900,6.031500,1.977500,0.061000,0.210400,-1.358720,0.900000
129,0,12.100000,-110.462100,233.899800,2.264200,1.910900,6.031500,1.977500,0.053000,0.186800,-1.358710,0.900000
129,0,12.200000,-110.457300,233.917500,2.264700,1.910900,6.031500,1.977500,0.042500,0.168700,-1.358690,0.900000
129,0,12.300000,-110.453600,233.933600,2.265100,1.910900,6.031500,1.977500,0.029300,0.157900,-1.358670,0.900000
129,0,12.400000,-110.451400,233.949100,2.265500,1.910900,6.031500,1.977500,0.011300,0.154800,-1.358670,0.900000
129,0,12.500000,-110.451300,233.964500,2.266000,1.910900,6.031500,1.977500,-0.007500,0.152200,-1.358660,0.900000
129,0,12.600000,-110.452900,233.979600,2.266500,1.910900,6.031500,1.977500,-0.024300,0.152300,-1.358660,0.900000
129,0,12.700000,-110.456100,233.994900,2.267100,1.910900,6.031500,1.977500,-0.042000,0.161300,-1.358640,0.900000
129,0,12.800000,-110.461300,234.011800,2.267700,1.910900,6.031500,1.977500,-0.062300,0.178500,-1.358640,0.900000
129,0,12.900000,-110.468600,234.030700,2.268500,1.910900,6.031500,1.977500,-0.086600,0.197100,-1.358630,0.900000
129,0,13.000000,-110.478600,234.051200,2.269300,1.910900,6.031500,1.977500,-0.109800,0.207300,-1.358620,0.900000
129,0,13.100000,-110.490600,234.072100,2.270200,1.910900,6.031500,1.977500,-0.128500,0.209800,-1.358620,0.900000
129,0,13.200000,-110.504300,234.093200,2.271200,1.910900,6.031500,1.977500,-0.145600,0.206700,-1.358630,0.900000
129,0,13.300000,-110.519600,234.113400,2.272100,1.910900,6.031500,1.977500,-0.157300,0.196600,-1.358640,0.900000
129,0,13.400000,-110.535700,234.132500,2.273100,1.910900,6.031500,1.977500,-0.161300,0.184800,-1.358660,0.900000
129,0,13.500000,-110.552000,234.150400,2.274000,1.910900,6.031500,1.977500,-0.160500,0.176300,-1.358710,0.900000
129,0,13.600000,-110.567900,234.167800,2.274900,1.910900,6.031500,1.977500,-0.156000,0.169100,-1.358720,0.900000
129,0,13.700000,-110.583100,234.184200,2.275700,1.910900,6.031500,1.977500,-0.147700,0.157500,-1.358710,0.900000
129,0,13.800000,-110.597400,234.199200,2.276500,1.910900,6.031500,1.977500,-0.139400,0.148900,-1.358690,0.900000
129,0,13.900000,-110.611100,234.214000,2.277300,1.910900,6.031500,1.977500,-0.134300,0.146800,-1.358690,0.900000
129,0,14.000000,-110.624200,234.228500,2.278100,1.910900,6.031500,1.977500,-0.130100,0.138600,-1.358690,0.900000
129,0,14.100000,-110.637000,234.241700,2.278800,1.910900,6.031500,1.977500,-0.127800,0.123600,-1.358690,0.900000
129,0,14.200000,-110.649800,234.253300,2.279500,1.910900,6.031500,1.977500,-0.129900,0.106100,-1.358690,0.900000
129,0,14.300000,-110.663100,234.263000,2.280100,1.910900,6.031500,1.977500,-0.131400,0.079800,-1.358690,0.900000
129,0,14.400000,-110.676100,234.269300,2.280600,1.910900,6.031500,1.977500,-0.126300,0.038000,-1.358690,0.900000
129,0,14.500000,-110.688300,234.270600,2.280900,1.910900,6.031500,1.977500,-0.115800,-0.014800,-1.358690,0.900000
129,0,14.600000,-110.699300,234.266300,2.281000,1.910900,6.031500,1.977500,-0.103900,-0.068800,-1.358690,0.900000
129,0,14.700000,-110.709000,234.256800,2.280900,1.910900,6.031500,1.977500,-0.090900,-0.120600,-1.358690,0.900000
129,0,14.800000,-110.717400,234.242200,2.280600,1.910900,6.031500,1.977500,-0.078400,-0.165400,-1.358690,0.900000
129,0,14.900000,-110.724700,234.223700,2.280200,1.910900,6.031500,1.977500,-0.070000,-0.193300,-1.358690,0.900000
129,0,15.000000,-110.731400,234.203600,2.279700,1.910900,6.031500,1.977500,-0.065500,-0.198600,-1.358690,0.900000
129,0,15.100000,-110.737800,234.184000,2.279300,1.910900,6.031500,1.977500,-0.063900,-0.188200,-1.358700,0.900000
129,0,15.200000,-110.744200,234.165900,2.278900,1.910900,6.031500,1.977500,-0.064500,-0.170900,-1.358700,0.900000
129,0,15.300000,-110.750800,234.149800,2.278500,1.910900,6.031500,1.977500,-0.066300,-0.153900,-1.358700,0.900000
129,0,15.400000,-110.757500,234.135100,2.278200,1.910900,6.031500,1.977500,-0.067200,-0.142300,-1.358700,0.900000
129,0,15.500000,-110.764200,234.121400,2.278000,1.910900,6.031500,1.977500,-0.066700,-0.138000,-1.358710,0.900000
129,0,15.600000,-110.770800,234.107500,2.277700,1.910900,6.031500,1.977500,-0.066200,-0.138300,-1.358710,0.900000
130,0,0.000000,16.836200,-82.074600,-1.503900,1.740000,5.365400,1.809100,-0.043100,-0.041400,0.584890,0.900000
130,0,0.100000,16.831900,-82.078700,-1.503800,1.740000,5.365400,1.809100,-0.044000,-0.041700,0.584880,0.900000
130,0,0.200000,16.827400,-82.082900,-1.503800,1.740000,5.365400,1.809100,-0.047200,-0.042700,0.584880,0.900000
130,0,0.300000,16.822500,-82.087200,-1.503700,1.740000,5.365400,1.809100,-0.054900,-0.045700,0.584890,0.900000
130,0,0.400000,16.816400,-82.092000,-1.503500,1.740000,5.365400,1.809100,-0.068300,-0.051800,0.584840,0.900000
130,0,0.500000,16.808800,-82.097600,-1.503400,1.740000,5.365400,1.809100,-0.086800,-0.061000,0.584910,0.900000
130,0,0.600000,16.799100,-82.104200,-1.503200,1.740000,5.365400,1.809100,-0.109700,-0.073200,0.584890,0.900000
130,0,0.700000,16.786800,-82.112300,-1.502900,1.740000,5.365400,1.809100,-0.135300,-0.087600,0.584920,0.900000
130,0,0.800000,16.772000,-82.121800,-1.502700,1.740000,5.365400,1.809100,-0.161000,-0.103200,0.584880,0.900000
130,0,0.900000,16.754700,-82.132900,-1.502300,1.740000,5.365400,1.809100,-0.183400,-0.118100,0.584890,0.900000
130,0,1.000000,16.735300,-82.145400,-1.502000,1.740000,5.365400,1.809100,-0.200300,-0.131300,0.584840,0.900000
130,0,1.100000,16.714500,-82.159200,-1.501600,1.740000,5.365400,1.809100,-0.211600,-0.142600,0.584800,0.900000
130,0,1.200000,16.693100,-82.173900,-1.501200,1.740000,5.365400,1.809100,-0.215500,-0.150200,0.584800,0.900000
130,0,1.300000,16.671500,-82.189200,-1.500900,1.740000,5.365400,1.809100,-0.213000,-0.154500,0.584780,0.900000
130,0,1.400000,16.650400,-82.204800,-1.500500,1.740000,5.365400,1.809100,-0.207400,-0.157500,0.584790,0.900000
130,0,1.500000,16.630100,-82.220600,-1.500200,1.740000,5.365400,1.809100,-0.197900,-0.158100,0.584710,0.900000
130,0,1.600000,16.610900,-82.236400,-1.500000,1.740000,5.365400,1.809100,-0.184700,-0.156400,0.584680,0.900000
130,0,1.700000,16.593100,-82.252000,-1.499800,1.740000,5.365400,1.809100,-0.169500,-0.153500,0.584680,0.900000
130,0,1.800000,16.576900,-82.267200,-1.499600,1.740000,5.365400,1.809100,-0.153700,-0.150200,0.584640,0.900000
130,0,1.900000,16.562400,-82.282000,-1.499500,1.740000,5.365400,1.809100,-0.134100,-0.143500,0.584700,0.900000
130,0,2.000000,16.550100,-82.295800,-1.499400,1.740000,5.365400,1.809100,-0.110100,-0.133100,0.584810,0.900000
130,0,2.100000,16.540300,-82.308700,-1.499300,1.740000,5.365400,1.809100,-0.085000,-0.122500,0.584910,0.900000
130,0,2.200000,16.533100,-82.320300,-1.499400,1.740000,5.365400,1.809100,-0.058400,-0.110600,0.584990,0.900000
130,0,2.300000,16.528600,-82.330700,-1.499400,1.740000,5.365400,1.809100,-0.030100,-0.096300,0.585170,0.900000
130,0,2.400000,16.527100,-82.339600,-1.499500,1.740000,5.365400,1.809100,0.001600,-0.078400,0.585250,0.900000
130,0,2.500000,16.529000,-82.346400,-1.499700,1.740000,5.365400,1.809100,0.037900,-0.055800,0.585280,0.900000
130,0,2.600000,16.534600,-82.350800,-1.499900,1.740000,5.365400,1.809100,0.077500,-0.028400,0.585350,0.900000
130,0,2.700000,16.544400,-82.352100,-1.500200,1.740000,5.365400,1.809100,0.119200,0.002700,0.585330,0.900000
130,0,2.800000,16.558500,-82.350200,-1.500500,1.740000,5.365400,1.809100,0.161600,0.035400,0.585320,0.900000
130,0,2.900000,16.576700,-82.345000,-1.500900,1.740000,5.365400,1.809100,0.198900,0.066500,0.585280,0.900000
130,0,3.000000,16.598300,-82.336900,-1.501400,1.740000,5.365400,1.809100,0.227200,0.092700,0.585280,0.900000
130,0,3.100000,16.622200,-82.326500,-1.501800,1.740000,5.365400,1.809100,0.247700,0.114300,0.585250,0.900000
130,0,3.200000,16.647700,-82.314100,-1.502300,1.740000,5.365400,1.809100,0.257800,0.130000,0.585530,0.900000
130,0,3.300000,16.673700,-82.300500,-1.502800,1.740000,5.365400,1.809100,0.257500,0.139400,0.585470,0.900000
130,0,3.400000,16.699300,-82.286200,-1.503300,1.740000,5.365400,1.809100,0.249300,0.143900,0.585280,0.900000
130,0,3.500000,16.723500,-82.271800,-1.503700,1.740000,5.365400,1.809100,0.230500,0.142000,0.585290,0.900000
130,0,3.600000,16.745400,-82.257800,-1.504100,1.740000,5.365400,1.809100,0.206100,0.136400,0.585330,0.900000
130,0,3.700000,16.764800,-82.244400,-1.504400,1.740000,5.365400,1.809100,0.185700,0.132200,0.585380,0.900000
130,0,3.800000,16.782600,-82.231300,-1.504700,1.740000,5.365400,1.809100,0.170800,0.129500,0.585440,0.900000
130,0,3.900000,16.798900,-82.218600,-1.504900,1.740000,5.365400,1.809100,0.161200,0.127500,0.585460,0.900000
130,0,4.000000,16.814800,-82.205800,-1.505100,1.740000,5.365400,1.809100,0.154800,0.125900,0.585490,0.900000
130,0,4.100000,16.830000,-82.193300,-1.505300,1.740000,5.365400,1.809100,0.147700,0.123400,0.585480,0.900000
130,0,4.200000,16.844300,-82.181200,-1.505500,1.740000,5.365400,1.809100,0.135100,0.116800,0.585430,0.900000
130,0,4.300000,16.856900,-82.170000,-1.505700,1.740000,5.365400,1.809100,0.119100,0.107800,0.585550,0.900000
130,0,4.400000,16.868200,-82.159600,-1.505800,1.740000,5.365400,1.809100,0.106700,0.101200,0.585380,0.900000
130,0,4.500000,16.878300,-82.149800,-1.505900,1.740000,5.365400,1.809100,0.096600,0.095800,0.585360,0.900000
130,0,4.600000,16.887500,-82.140500,-1.506000,1.740000,5.365400,1.809100,0.088900,0.091700,0.585350,0.900000
130,0,4.700000,16.896100,-82.131400,-1.506100,1.740000,5.365400,1.809100,0.082900,0.088700,0.585360,0.900000
130,0,4.800000,16.904100,-82.122700,-1.506200,1.740000,5.365400,1.809100,0.077300,0.085900,0.584980,0.900000
130,0,4.900000,16.911500,-82.114300,-1.506200,1.740000,5.365400,1.809100,0.071500,0.082600,0.584960,0.900000
130,0,5.000000,16.918400,-82.106200,-1.506200,1.740000,5.365400,1.809100,0.065600,0.078900,0.584920,0.900000
130,0,5.100000,16.924700,-82.098500,-1.506200,1.740000,5.365400,1.809100,0.060200,0.075600,0.585080,0.900000
130,0,5.200000,16.930400,-82.091100,-1.506200,1.740000,5.365400,1.809100,0.054600,0.071800,0.585360,0.900000
130,0,5.300000,16.935600,-82.084100,-1.506200,1.740000,5.365400,1.809100,0.049400,0.067700,0.585380,0.900000
130,0,5.400000,16.940300,-82.077500,-1.506200,1.740000,5.365400,1.809100,0.044500,0.062900,0.585350,0.900000
130,0,5.503000,16.944600,-82.071300,-1.506200,1.740000,5.365400,1.809100,0.041800,0.060000,0.585450,0.900000
130,0,5.600000,16.948600,-82.065500,-1.506200,1.740000,5.365400,1.809100,0.039600,0.056900,0.585500,0.900000
130,0,5.700000,16.952400,-82.060100,-1.506100,1.740000,5.365400,1.809100,0.036500,0.052100,0.585520,0.900000
130,0,5.800000,16.956000,-82.055100,-1.506100,1.740000,5.365400,1.809100,0.034800,0.048500,0.585440,0.900000
130,0,5.900000,16.959300,-82.050400,-1.506100,1.740000,5.365400,1.809100,0.033400,0.044800,0.585450,0.900000
130,0,6.000000,16.962600,-82.046200,-1.506100,1.740000,5.365400,1.809100,0.032300,0.041000,0.585510,0.900000
130,0,6.100000,16.965800,-82.042200,-1.506100,1.740000,5.365400,1.809100,0.031600,0.037400,0.585450,0.900000
130,0,6.200000,16.969000,-82.038700,-1.506100,1.740000,5.365400,1.809100,0.031500,0.034300,0.585440,0.900000
130,0,6.300000,16.972100,-82.035400,-1.506100,1.740000,5.365400,1.809100,0.031900,0.031700,0.585400,0.900000
130,0,6.400000,16.975300,-82.032300,-1.506100,1.740000,5.365400,1.809100,0.032300,0.029800,0.585350,0.900000
130,0,6.500000,16.978600,-82.029400,-1.506100,1.740000,5.365400,1.809100,0.032000,0.028400,0.585300,0.900000
130,0,6.603000,16.981800,-82.026600,-1.506100,1.740000,5.365400,1.809100,0.031700,0.027800,0.585290,0.900000
131,0,0.000000,-7.451900,1.763700,0.651400,1.740000,4.056200,1.624500,-0.076800,0.127200,-1.130950,0.900000
131,0,0.100000,-7.459600,1.776500,0.651600,1.740000,4.056200,1.624500,-0.076900,0.127300,-1.130970,0.900000
131,0,0.200000,-7.467200,1.789200,0.651800,1.740000,4.056200,1.624500,-0.076200,0.126000,-1.130970,0.900000
131,0,0.300000,-7.474800,1.801700,0.652000,1.740000,4.056200,1.624500,-0.075000,0.122200,-1.130950,0.900000
131,0,0.400000,-7.482200,1.813700,0.652200,1.740000,4.056200,1.624500,-0.074200,0.116600,-1.131000,0.900000
131,0,0.500000,-7.489600,1.825000,0.652400,1.740000,4.056200,1.624500,-0.072700,0.108200,-1.130940,0.900000
131,0,0.600000,-7.496800,1.835300,0.652600,1.740000,4.056200,1.624500,-0.070300,0.097700,-1.130950,0.900000
131,0,0.700000,-7.503700,1.844500,0.652800,1.740000,4.056200,1.624500,-0.067500,0.086300,-1.130920,0.900000
131,0,0.800000,-7.510300,1.852600,0.652900,1.740000,4.056200,1.624500,-0.064500,0.074400,-1.130960,0.900000
131,0,0.900000,-7.516600,1.859400,0.653000,1.740000,4.056200,1.624500,-0.060700,0.061500,-1.130960,0.900000
131,0,1.000000,-7.522400,1.864900,0.653200,1.740000,4.056200,1.624500,-0.056300,0.048100,-1.131000,0.900000
131,0,1.100000,-7.527900,1.869000,0.653200,1.740000,4.056200,1.624500,-0.052100,0.035200,-1.131040,0.900000
131,0,1.200000,-7.532800,1.871900,0.653300,1.740000,4.056200,1.624500,-0.047900,0.022800,-1.131040,0.900000
131,0,1.300000,-7.537400,1.873600,0.653300,1.740000,4.056200,1.624500,-0.044200,0.011200,-1.131060,0.900000
131,0,1.400000,-7.541700,1.874100,0.653300,1.740000,4.056200,1.624500,-0.041800,0.000400,-1.131060,0.900000
131,0,1.500000,-7.545800,1.873600,0.653300,1.740000,4.056200,1.624500,-0.040000,-0.009700,-1.131130,0.900000
131,0,1.600000,-7.549700,1.872200,0.653300,1.740000,4.056200,1.624500,-0.038900,-0.018900,-1.131160,0.900000
131,0,1.700000,-7.553600,1.869900,0.653300,1.740000,4.056200,1.624500,-0.038500,-0.026900,-1.131160,0.900000
131,0,1.800000,-7.557400,1.866800,0.653200,1.740000,4.056200,1.624500,-0.038300,-0.033700,-1.131200,0.900000
131,0,1.900000,-7.561200,1.863100,0.653100,1.740000,4.056200,1.624500,-0.038200,-0.039300,-1.131140,0.900000
131,0,2.000000,-7.565000,1.859000,0.653000,1.740000,4.056200,1.624500,-0.038600,-0.043900,-1.131030,0.900000
131,0,2.100000,-7.568900,1.854300,0.652900,1.740000,4.056200,1.624500,-0.039400,-0.047800,-1.130930,0.900000
131,0,2.200000,-7.572900,1.849400,0.652800,1.740000,4.056200,1.624500,-0.039300,-0.050400,-1.130850,0.900000
131,0,2.300000,-7.576800,1.844300,0.652700,1.740000,4.056200,1.624500,-0.037500,-0.051500,-1.130680,0.900000
131,0,2.400000,-7.580400,1.839100,0.652600,1.740000,4.056200,1.624500,-0.034200,-0.051500,-1.130590,0.900000
131,0,2.500000,-7.583600,1.834000,0.652500,1.740000,4.056200,1.624500,-0.029900,-0.050500,-1.130560,0.900000
131,0,2.600000,-7.586400,1.829000,0.652400,1.740000,4.056200,1.624500,-0.024800,-0.048600,-1.130500,0.900000
131,0,2.700000,-7.588600,1.824300,0.652300,1.740000,4.056200,1.624500,-0.019400,-0.046000,-1.130510,0.900000
131,0,2.800000,-7.590300,1.819800,0.652200,1.740000,4.056200,1.624500,-0.014000,-0.043500,-1.130520,0.900000
131,0,2.900000,-7.591400,1.815600,0.652200,1.740000,4.056200,1.624500,-0.008700,-0.040900,-1.130560,0.900000
131,0,3.000000,-7.592000,1.811600,0.652100,1.740000,4.056200,1.624500,-0.003600,-0.038500,-1.130560,0.900000
131,0,3.100000,-7.592100,1.807900,0.652000,1.740000,4.056200,1.624500,0.001100,-0.036600,-1.130600,0.900000
131,0,3.200000,-7.591800,1.804300,0.652000,1.740000,4.056200,1.624500,0.005300,-0.035000,-1.130580,0.900000
131,0,3.300000,-7.591000,1.800900,0.651900,1.740000,4.056200,1.624500,0.009000,-0.033500,-1.130530,0.900000
131,0,3.400000,-7.590000,1.797600,0.651900,1.740000,4.056200,1.624500,0.012400,-0.032500,-1.130560,0.900000
131,0,3.500000,-7.588600,1.794400,0.651800,1.740000,4.056200,1.624500,0.015500,-0.031600,-1.130550,0.900000
131,0,3.600000,-7.586900,1.791300,0.651800,1.740000,4.056200,1.624500,0.018600,-0.030900,-1.130510,0.900000
131,0,3.700000,-7.584800,1.788200,0.651800,1.740000,4.056200,1.624500,0.021900,-0.030900,-1.130460,0.900000
131,0,3.800000,-7.582500,1.785100,0.651700,1.740000,4.056200,1.624500,0.025500,-0.032100,-1.130400,0.900000
131,0,3.900000,-7.579700,1.781800,0.651700,1.740000,4.056200,1.624500,0.029300,-0.034000,-1.130380,0.900000
131,0,4.000000,-7.576600,1.778300,0.651600,1.740000,4.056200,1.624500,0.033400,-0.036300,-1.130350,0.900000
131,0,4.100000,-7.573100,1.774500,0.651600,1.740000,4.056200,1.624500,0.037800,-0.039300,-1.130360,0.900000
131,0,4.200000,-7.569100,1.770400,0.651500,1.740000,4.056200,1.624500,0.042100,-0.042500,-1.130410,0.900000
131,0,4.300000,-7.564600,1.766000,0.651400,1.740000,4.056200,1.624500,0.046200,-0.045600,-1.130430,0.900000
131,0,4.400000,-7.559800,1.761300,0.651300,1.740000,4.056200,1.624500,0.050500,-0.049200,-1.130460,0.900000
131,0,4.500000,-7.554500,1.756200,0.651200,1.740000,4.056200,1.624500,0.054700,-0.052500,-1.130490,0.900000
131,0,4.600000,-7.548900,1.750800,0.651100,1.740000,4.056200,1.624500,0.058600,-0.055300,-1.130490,0.900000
131,0,4.700000,-7.542800,1.745100,0.651000,1.740000,4.056200,1.624500,0.062500,-0.057500,-1.130480,0.900000
131,0,4.800000,-7.536400,1.739300,0.650900,1.740000,4.056200,1.624500,0.066200,-0.059300,-1.130490,0.900000
131,0,4.900000,-7.529600,1.733300,0.650700,1.740000,4.056200,1.624500,0.069400,-0.060400,-1.130480,0.900000
131,0,5.000000,-7.522500,1.727200,0.650500,1.740000,4.056200,1.624500,0.071700,-0.060600,-1.130490,0.900000
131,0,5.100000,-7.515200,1.721100,0.650400,1.740000,4.056200,1.624500,0.073800,-0.060200,-1.130490,0.900000
131,0,5.200000,-7.507800,1.715200,0.650200,1.740000,4.056200,1.624500,0.074700,-0.058700,-1.130480,0.900000
131,0,5.300000,-7.500300,1.709400,0.650000,1.740000,4.056200,1.624500,0.074200,-0.056200,-1.130470,0.900000
131,0,5.400000,-7.492900,1.703900,0.649800,1.740000,4.056200,1.624500,0.071400,-0.052500,-1.130420,0.900000
131,0,5.503000,-7.485800,1.698700,0.649600,1.740000,4.056200,1.624500,0.069300,-0.050100,-1.130390,0.900000
131,0,5.600000,-7.479000,1.693900,0.649400,1.740000,4.056200,1.624500,0.065600,-0.047300,-1.130340,0.900000
131,0,5.700000,-7.472900,1.689400,0.649200,1.740000,4.056200,1.624500,0.058400,-0.042700,-1.130330,0.900000
131,0,5.800000,-7.467300,1.685300,0.649000,1.740000,4.056200,1.624500,0.051200,-0.038700,-1.130340,0.900000
131,0,5.900000,-7.462600,1.681700,0.648800,1.740000,4.056200,1.624500,0.042800,-0.034400,-1.130330,0.900000
131,0,6.000000,-7.458800,1.678500,0.648600,1.740000,4.056200,1.624500,0.033500,-0.030700,-1.130330,0.900000
131,0,6.100000,-7.455900,1.675600,0.648400,1.740000,4.056200,1.624500,0.023800,-0.027800,-1.130390,0.900000
131,0,6.200000,-7.454000,1.672900,0.648200,1.740000,4.056200,1.624500,0.013800,-0.025500,-1.130400,0.900000
131,0,6.300000,-7.453200,1.670500,0.648000,1.740000,4.056200,1.624500,0.003700,-0.023200,-1.130440,0.900000
131,0,6.400000,-7.453300,1.668300,0.647900,1.740000,4.056200,1.624500,-0.006500,-0.020800,-1.130490,0.900000
131,0,6.500000,-7.454500,1.666300,0.647700,1.740000,4.056200,1.624500,-0.016300,-0.017900,-1.130540,0.900000
131,0,6.603000,-7.456600,1.664600,0.647500,1.740000,4.056200,1.624500,-0.026000,-0.015000,-1.130550,0.900000
131,0,6.700000,-7.459600,1.663300,0.647400,1.740000,4.056200,1.624500,-0.035200,-0.011700,-1.130600,0.900000
131,0,6.800000,-7.463500,1.662300,0.647300,1.740000,4.056200,1.624500,-0.042300,-0.007700,-1.130610,0.900000
131,0,6.900000,-7.468100,1.661700,0.647100,1.740000,4.056200,1.624500,-0.048800,-0.004200,-1.130600,0.900000
131,0,7.000000,-7.473300,1.661500,0.647100,1.740000,4.056200,1.624500,-0.054100,-0.001200,-1.130630,0.900000
131,0,7.100000,-7.479000,1.661500,0.647000,1.740000,4.056200,1.624500,-0.058900,0.001100,-1.130640,0.900000
131,0,7.200000,-7.485100,1.661700,0.647000,1.740000,4.056200,1.624500,-0.062600,0.002400,-1.130730,0.900000
131,0,7.300000,-7.491500,1.662000,0.646900,1.740000,4.056200,1.624500,-0.064500,0.002900,-1.130710,0.900000
131,0,7.400000,-7.498000,1.662300,0.646900,1.740000,4.056200,1.624500,-0.064400,0.002000,-1.130740,0.900000
131,0,7.500000,-7.504400,1.662400,0.647000,1.740000,4.056200,1.624500,-0.063300,0.000100,-1.130750,0.900000
131,0,7.600000,-7.510600,1.662300,0.647000,1.740000,4.056200,1.624500,-0.062300,-0.002500,-1.130710,0.900000
131,0,7.700000,-7.516800,1.661900,0.647000,1.740000,4.056200,1.624500,-0.061000,-0.006200,-1.130780,0.900000
131,0,7.800000,-7.522800,1.661100,0.647100,1.740000,4.056200,1.624500,-0.058700,-0.010900,-1.130820,0.900000
131,0,7.900000,-7.528600,1.659700,0.647100,1.740000,4.056200,1.624500,-0.055400,-0.016500,-1.130770,0.900000
131,0,8.000000,-7.533900,1.657800,0.647100,1.740000,4.056200,1.624500,-0.050800,-0.022500,-1.130840,0.900000
131,0,8.100000,-7.538700,1.655200,0.647100,1.740000,4.056200,1.624500,-0.044800,-0.029000,-1.130750,0.900000
131,0,8.200000,-7.542900,1.652000,0.647100,1.740000,4.056200,1.624500,-0.037800,-0.036100,-1.130530,0.900000
131,0,8.300000,-7.546300,1.648000,0.647100,1.740000,4.056200,1.624500,-0.030100,-0.043300,-1.131170,0.900000
131,0,8.400000,-7.548900,1.643300,0.647000,1.740000,4.056200,1.624500,-0.022200,-0.049700,-1.130340,0.900000
131,0,8.500000,-7.550700,1.638100,0.647000,1.740000,4.056200,1.624500,-0.014000,-0.055200,-1.130390,0.900000
131,0,8.600000,-7.551700,1.632300,0.646900,1.740000,4.056200,1.624500,-0.005900,-0.060000,-1.130270,0.900000
131,0,8.700000,-7.551900,1.626100,0.646700,1.740000,4.056200,1.624500,0.002300,-0.063500,-1.130230,0.900000
131,0,8.800000,-7.551200,1.619600,0.646600,1.740000,4.056200,1.624500,0.009700,-0.065700,-1.130360,0.900000
131,0,8.900000,-7.549900,1.612900,0.646500,1.740000,4.056200,1.624500,0.015900,-0.067600,-1.130230,0.900000
131,0,9.000000,-7.548100,1.606100,0.646300,1.740000,4.056200,1.624500,0.020900,-0.068500,-1.130760,0.900000
131,0,9.100000,-7.545800,1.599200,0.646100,1.740000,4.056200,1.624500,0.024500,-0.068300,-1.130940,0.900000
131,0,9.200000,-7.543200,1.592400,0.646000,1.740000,4.056200,1.624500,0.027000,-0.067800,-1.130340,0.900000
131,0,9.300000,-7.540400,1.585700,0.645800,1.740000,4.056200,1.624500,0.028100,-0.066300,-1.130380,0.900000
131,0,9.400000,-7.537500,1.579100,0.645700,1.740000,4.056200,1.624500,0.028500,-0.064600,-1.130420,0.900000
131,0,9.500000,-7.534700,1.572700,0.645500,1.740000,4.056200,1.624500,0.028600,-0.064200,-1.130460,0.900000
132,0,0.000000,38.660300,-96.115200,-1.446800,2.328400,4.030000,1.667800,-0.152600,-0.021800,-1.137350,0.900000
132,0,0.100000,38.645100,-96.117400,-1.446900,2.328400,4.030000,1.667800,-0.151600,-0.021200,-1.137370,0.900000
132,0,0.200000,38.630100,-96.119500,-1.447100,2.328400,4.030000,1.667800,-0.147200,-0.019400,-1.137350,0.900000
132,0,0.300000,38.615600,-96.121300,-1.447200,2.328400,4.030000,1.667800,-0.139600,-0.017100,-1.137360,0.900000
132,0,0.400000,38.602100,-96.122900,-1.447300,2.328400,4.030000,1.667800,-0.130000,-0.014200,-1.137400,0.900000
132,0,0.500000,38.589700,-96.124100,-1.447400,2.328400,4.030000,1.667800,-0.118000,-0.011300,-1.137340,0.900000
132,0,0.600000,38.578500,-96.125100,-1.447500,2.328400,4.030000,1.667800,-0.105000,-0.009100,-1.137350,0.900000
132,0,0.700000,38.568600,-96.126000,-1.447500,2.328400,4.030000,1.667800,-0.093000,-0.008200,-1.137330,0.900000
132,0,0.800000,38.559900,-96.126800,-1.447600,2.328400,4.030000,1.667800,-0.082800,-0.009700,-1.137360,0.900000
132,0,0.900000,38.552100,-96.127900,-1.447600,2.328400,4.030000,1.667800,-0.071500,-0.012200,-1.137360,0.900000
132,0,1.000000,38.545600,-96.129200,-1.447600,2.328400,4.030000,1.667800,-0.057100,-0.014200,-1.137400,0.900000
132,0,1.100000,38.540700,-96.130700,-1.447500,2.328400,4.030000,1.667800,-0.040600,-0.016300,-1.137440,0.900000
132,0,1.200000,38.537500,-96.132500,-1.447500,2.328400,4.030000,1.667800,-0.022300,-0.019100,-1.137440,0.900000
132,0,1.300000,38.536200,-96.134600,-1.447400,2.328400,4.030000,1.667800,-0.003800,-0.021200,-1.137460,0.900000
132,0,1.400000,38.536700,-96.136700,-1.447300,2.328400,4.030000,1.667800,0.014000,-0.020300,-1.137460,0.900000
132,0,1.500000,38.539000,-96.138600,-1.447200,2.328400,4.030000,1.667800,0.030700,-0.016700,-1.137530,0.900000
132,0,1.600000,38.542900,-96.140100,-1.447100,2.328400,4.030000,1.667800,0.045500,-0.011500,-1.137560,0.900000
132,0,1.700000,38.548100,-96.140900,-1.446900,2.328400,4.030000,1.667800,0.058100,-0.005600,-1.137560,0.900000
132,0,1.800000,38.554500,-96.141200,-1.446800,2.328400,4.030000,1.667800,0.067600,0.000100,-1.137600,0.900000
132,0,1.900000,38.561600,-96.140900,-1.446600,2.328400,4.030000,1.667800,0.072800,0.005200,-1.137550,0.900000
132,0,2.000000,38.569100,-96.140100,-1.446500,2.328400,4.030000,1.667800,0.073600,0.009100,-1.137440,0.900000
132,0,2.100000,38.576400,-96.139100,-1.446300,2.328400,4.030000,1.667800,0.071200,0.011200,-1.137330,0.900000
132,0,2.200000,38.583300,-96.137900,-1.446200,2.328400,4.030000,1.667800,0.065500,0.011100,-1.137250,0.900000
132,0,2.300000,38.589500,-96.136900,-1.446000,2.328400,4.030000,1.667800,0.057900,0.009100,-1.137080,0.900000
132,0,2.400000,38.594900,-96.136100,-1.445900,2.328400,4.030000,1.667800,0.050300,0.006400,-1.137000,0.900000
132,0,2.500000,38.599600,-96.135600,-1.445700,2.328400,4.030000,1.667800,0.042800,0.002900,-1.136970,0.900000
132,0,2.600000,38.603400,-96.135500,-1.445600,2.328400,4.030000,1.667800,0.035200,-0.001200,-1.136900,0.900000
132,0,2.700000,38.606600,-96.135800,-1.445500,2.328400,4.030000,1.667800,0.028400,-0.004900,-1.136910,0.900000
132,0,2.800000,38.609100,-96.136500,-1.445300,2.328400,4.030000,1.667800,0.022600,-0.007800,-1.136930,0.900000
132,0,2.900000,38.611100,-96.137400,-1.445200,2.328400,4.030000,1.667800,0.016100,-0.010700,-1.136960,0.900000
132,0,3.000000,38.612400,-96.138600,-1.445100,2.328400,4.030000,1.667800,0.008800,-0.013600,-1.136760,0.900000
132,0,3.100000,38.612900,-96.140100,-1.445100,2.328400,4.030000,1.667800,0.001200,-0.016200,-1.137000,0.900000
132,0,3.200000,38.612600,-96.141800,-1.445000,2.328400,4.030000,1.667800,-0.005900,-0.018500,-1.136980,0.900000
132,0,3.300000,38.611700,-96.143800,-1.444900,2.328400,4.030000,1.667800,-0.011900,-0.020900,-1.136930,0.900000
132,0,3.400000,38.610200,-96.146000,-1.444900,2.328400,4.030000,1.667800,-0.018100,-0.024100,-1.136960,0.900000
132,0,3.500000,38.608100,-96.148600,-1.444900,2.328400,4.030000,1.667800,-0.023000,-0.026700,-1.136950,0.900000
132,0,3.600000,38.605600,-96.151400,-1.444900,2.328400,4.030000,1.667800,-0.024700,-0.027600,-1.136920,0.900000
132,0,3.700000,38.603100,-96.154100,-1.444800,2.328400,4.030000,1.667800,-0.024500,-0.027400,-1.136860,0.900000
132,0,3.800000,38.600700,-96.156800,-1.444800,2.328400,4.030000,1.667800,-0.023600,-0.026400,-1.136810,0.900000
132,0,3.900000,38.598400,-96.159400,-1.444800,2.328400,4.030000,1.667800,-0.021800,-0.024900,-1.136790,0.900000
132,0,4.000000,38.596300,-96.161800,-1.444800,2.328400,4.030000,1.667800,-0.018800,-0.023000,-1.136760,0.900000
132,0,4.100000,38.594600,-96.164000,-1.444800,2.328400,4.030000,1.667800,-0.014700,-0.021200,-1.136760,0.900000
132,0,4.200000,38.593400,-96.166000,-1.444800,2.328400,4.030000,1.667800,-0.009300,-0.019200,-1.136810,0.900000
132,0,4.300000,38.592800,-96.167900,-1.444800,2.328400,4.030000,1.667800,-0.002600,-0.016800,-1.136840,0.900000
132,0,4.400000,38.592900,-96.169400,-1.444800,2.328400,4.030000,1.667800,0.004500,-0.014200,-1.136860,0.900000
132,0,4.500000,38.593700,-96.170700,-1.444800,2.328400,4.030000,1.667800,0.011600,-0.011900,-1.136890,0.900000
132,0,4.600000,38.595200,-96.171800,-1.444800,2.328400,4.030000,1.667800,0.017400,-0.010200,-1.136890,0.900000
132,0,4.700000,38.597200,-96.172700,-1.444800,2.328400,4.030000,1.667800,0.021700,-0.009200,-1.136970,0.900000
132,0,4.800000,38.599500,-96.173600,-1.444900,2.328400,4.030000,1.667800,0.024700,-0.008200,-1.137000,0.900000
132,0,4.900000,38.602100,-96.174400,-1.444900,2.328400,4.030000,1.667800,0.026100,-0.007200,-1.136890,0.900000
132,0,5.000000,38.604800,-96.175000,-1.445000,2.328400,4.030000,1.667800,0.025700,-0.006500,-1.136890,0.900000
132,0,5.100000,38.607300,-96.175700,-1.445100,2.328400,4.030000,1.667800,0.024200,-0.006200,-1.136890,0.900000
132,0,5.200000,38.609600,-96.176300,-1.445200,2.328400,4.030000,1.667800,0.022300,-0.005900,-1.136880,0.900000
132,0,5.300000,38.611700,-96.176900,-1.445300,2.328400,4.030000,1.667800,0.019700,-0.005800,-1.136870,0.900000
132,0,5.400000,38.613500,-96.177400,-1.445500,2.328400,4.030000,1.667800,0.016500,-0.005800,-1.136920,0.900000
132,0,5.503000,38.615100,-96.178000,-1.445600,2.328400,4.030000,1.667800,0.013300,-0.006200,-1.136790,0.900000
132,0,5.600000,38.616200,-96.178700,-1.445800,2.328400,4.030000,1.667800,0.009200,-0.007000,-1.136750,0.900000
132,0,5.700000,38.616900,-96.179400,-1.446100,2.328400,4.030000,1.667800,0.004500,-0.008100,-1.136730,0.900000
132,0,5.800000,38.617100,-96.180300,-1.446300,2.328400,4.030000,1.667800,0.000000,-0.009600,-1.136740,0.900000
132,0,5.900000,38.616900,-96.181300,-1.446600,2.328400,4.030000,1.667800,-0.004400,-0.011500,-1.136730,0.900000
132,0,6.000000,38.616200,-96.182600,-1.446900,2.328400,4.030000,1.667800,-0.007900,-0.012900,-1.136730,0.900000
132,0,6.100000,38.615300,-96.183900,-1.447200,2.328400,4.030000,1.667800,-0.010400,-0.013500,-1.136790,0.900000
132,0,6.200000,38.614100,-96.185300,-1.447600,2.328400,4.030000,1.667800,-0.013000,-0.014300,-1.136810,0.900000
132,0,6.300000,38.612700,-96.186800,-1.447900,2.328400,4.030000,1.667800,-0.016700,-0.016000,-1.136850,0.900000
132,0,6.400000,38.610800,-96.188500,-1.448300,2.328400,4.030000,1.667800,-0.022100,-0.018200,-1.137090,0.900000
132,0,6.500000,38.608300,-96.190400,-1.448600,2.328400,4.030000,1.667800,-0.029300,-0.020000,-1.137020,0.900000
132,0,6.603000,38.604900,-96.192600,-1.449000,2.328400,4.030000,1.667800,-0.039500,-0.022500,-1.136960,0.900000
132,0,6.700000,38.600400,-96.194900,-1.449300,2.328400,4.030000,1.667800,-0.051000,-0.024400,-1.137000,0.900000
132,0,6.800000,38.594800,-96.197300,-1.449500,2.328400,4.030000,1.667800,-0.061500,-0.024800,-1.137010,0.900000
132,0,6.900000,38.588100,-96.199900,-1.449800,2.328400,4.030000,1.667800,-0.071100,-0.024600,-1.137020,0.900000
132,0,7.000000,38.580600,-96.202300,-1.450000,2.328400,4.030000,1.667800,-0.077200,-0.022600,-1.137040,0.900000
132,0,7.100000,38.572600,-96.204400,-1.450100,2.328400,4.030000,1.667800,-0.080500,-0.019400,-1.137060,0.900000
132,0,7.200000,38.564500,-96.206100,-1.450200,2.328400,4.030000,1.667800,-0.081400,-0.015400,-1.137230,0.900000
132,0,7.300000,38.556400,-96.207500,-1.450200,2.328400,4.030000,1.667800,-0.079300,-0.010600,-1.137170,0.900000
132,0,7.400000,38.548600,-96.208300,-1.450200,2.328400,4.030000,1.667800,-0.074100,-0.004900,-1.137140,0.900000
132,0,7.500000,38.541500,-96.208400,-1.450100,2.328400,4.030000,1.667800,-0.066600,0.001600,-1.137150,0.900000
132,0,7.600000,38.535300,-96.207900,-1.449900,2.328400,4.030000,1.667800,-0.056100,0.009000,-1.137110,0.900000
132,0,7.700000,38.530300,-96.206600,-1.449600,2.328400,4.030000,1.667800,-0.042200,0.017200,-1.137180,0.900000
132,0,7.800000,38.526900,-96.204500,-1.449400,2.328400,4.030000,1.667800,-0.028600,0.024400,-1.137220,0.900000
132,0,7.900000,38.524600,-96.201700,-1.449000,2.328400,4.030000,1.667800,-0.017900,0.029300,-1.136740,0.900000
132,0,8.000000,38.523300,-96.198600,-1.448700,2.328400,4.030000,1.667800,-0.009300,0.031600,-1.137240,0.900000
132,0,8.100000,38.522700,-96.195400,-1.448400,2.328400,4.030000,1.667800,-0.002900,0.031500,-1.136210,0.900000
132,0,8.200000,38.522700,-96.192300,-1.448000,2.328400,4.030000,1.667800,0.001400,0.029100,-1.136940,0.900000
132,0,8.300000,38.523000,-96.189600,-1.447600,2.328400,4.030000,1.667800,0.004300,0.025200,-1.136810,0.900000
132,0,8.400000,38.523600,-96.187300,-1.447200,2.328400,4.030000,1.667800,0.006400,0.020700,-1.136740,0.900000
132,0,8.500000,38.524300,-96.185500,-1.446900,2.328400,4.030000,1.667800,0.007900,0.015900,-1.137000,0.900000
132,0,8.600000,38.525200,-96.184100,-1.446500,2.328400,4.030000,1.667800,0.009200,0.011400,-1.137710,0.900000
132,0,8.700000,38.526100,-96.183200,-1.446100,2.328400,4.030000,1.667800,0.010100,0.006900,-1.138570,0.900000
132,0,8.800000,38.527200,-96.182700,-1.445700,2.328400,4.030000,1.667800,0.010700,0.002600,-1.136590,0.900000
132,0,8.900000,38.528300,-96.182700,-1.445400,2.328400,4.030000,1.667800,0.011000,-0.001700,-1.140100,0.900000
132,0,9.000000,38.529400,-96.183100,-1.445000,2.328400,4.030000,1.667800,0.010900,-0.005900,-1.141090,0.900000
132,0,9.100000,38.530400,-96.183800,-1.444600,2.328400,4.030000,1.667800,0.010400,-0.009900,-1.136710,0.900000
132,0,9.200000,38.531500,-96.185000,-1.444200,2.328400,4.030000,1.667800,0.009700,-0.013900,-1.136740,0.900000
132,0,9.300000,38.532400,-96.186600,-1.443900,2.328400,4.030000,1.667800,0.008700,-0.017800,-1.136780,0.900000
132,0,9.400000,38.533200,-96.188600,-1.443500,2.328400,4.030000,1.667800,0.007200,-0.021600,-1.143040,0.900000
132,0,9.500000,38.533800,-96.190900,-1.443100,2.328400,4.030000,1.667800,0.005500,-0.025300,-1.143240,0.900000
132,0,9.600000,38.534300,-96.193700,-1.442800,2.328400,4.030000,1.667800,0.003400,-0.029100,-1.143270,0.900000
132,0,9.700000,38.534500,-96.196800,-1.442400,2.328400,4.030000,1.667800,0.001000,-0.032800,-1.143090,0.900000
132,0,9.800000,38.534500,-96.200200,-1.442000,2.328400,4.030000,1.667800,-0.001800,-0.036300,-1.142910,0.900000
132,0,9.900000,38.534100,-96.204000,-1.441700,2.328400,4.030000,1.667800,-0.004900,-0.040000,-1.142760,0.900000
132,0,10.000000,38.533500,-96.208200,-1.441300,2.328400,4.030000,1.667800,-0.008400,-0.043500,-1.142710,0.900000
132,0,10.100000,38.532500,-96.212700,-1.441000,2.328400,4.030000,1.667800,-0.012200,-0.046800,-1.142610,0.900000
132,0,10.200000,38.531000,-96.217600,-1.440600,2.328400,4.030000,1.667800,-0.016400,-0.050400,-1.142440,0.900000
132,0,10.300000,38.529200,-96.222800,-1.440300,2.328400,4.030000,1.667800,-0.021000,-0.053900,-1.142240,0.900000
132,0,10.400000,38.526800,-96.228300,-1.439900,2.328400,4.030000,1.667800,-0.025900,-0.057100,-1.142020,0.900000
132,0,10.500000,38.524000,-96.234200,-1.439600,2.328400,4.030000,1.667800,-0.031200,-0.060500,-1.141660,0.900000
132,0,10.600000,38.520600,-96.240500,-1.439300,2.328400,4.030000,1.667800,-0.037100,-0.064100,-1.141330,0.900000
132,0,10.700000,38.516600,-96.247000,-1.438900,2.328400,4.030000,1.667800,-0.043200,-0.067500,-1.141100,0.900000
132,0,10.800000,38.512000,-96.254000,-1.438600,2.328400,4.030000,1.667800,-0.049600,-0.070700,-1.140790,0.900000
132,0,10.900000,38.506600,-96.261200,-1.438300,2.328400,4.030000,1.667800,-0.056800,-0.074300,-1.140260,0.900000
132,0,11.000000,38.500600,-96.268800,-1.438000,2.328400,4.030000,1.667800,-0.064200,-0.077800,-1.139910,0.900000
132,0,11.100000,38.493800,-96.276700,-1.437700,2.328400,4.030000,1.667800,-0.071800,-0.081000,-1.139650,0.900000
132,0,11.200000,38.486200,-96.285000,-1.437400,2.328400,4.030000,1.667800,-0.080400,-0.084700,-1.139180,0.900000
132,0,11.300000,38.477800,-96.293700,-1.437100,2.328400,4.030000,1.667800,-0.089200,-0.088200,-1.138770,0.900000
132,0,11.400000,38.468400,-96.302700,-1.436900,2.328400,4.030000,1.667800,-0.098200,-0.091400,-1.138390,0.900000
132,0,11.500000,38.458100,-96.312000,-1.436600,2.328400,4.030000,1.667800,-0.107900,-0.095000,-1.138000,0.900000
132,0,11.600000,38.446800,-96.321700,-1.436300,2.328400,4.030000,1.667800,-0.118500,-0.099000,-1.137590,0.900000
132,0,11.700000,38.434400,-96.331800,-1.436100,2.328400,4.030000,1.667800,-0.129400,-0.102700,-1.137400,0.900000
132,0,11.800000,38.420900,-96.342200,-1.435800,2.328400,4.030000,1.667800,-0.140300,-0.106100,-1.137130,0.900000
132,0,11.900000,38.406300,-96.353000,-1.435600,2.328400,4.030000,1.667800,-0.152700,-0.110200,-1.136770,0.900000
132,0,12.000000,38.390500,-96.364200,-1.435400,2.328400,4.030000,1.667800,-0.165200,-0.114100,-1.136660,0.900000
132,0,12.100000,38.373300,-96.375800,-1.435200,2.328400,4.030000,1.667800,-0.177700,-0.117700,-1.136600,0.900000
132,0,12.200000,38.354800,-96.387800,-1.435000,2.328400,4.030000,1.667800,-0.191400,-0.121700,-1.136550,0.900000
132,0,12.300000,38.335000,-96.400200,-1.434800,2.328400,4.030000,1.667800,-0.204500,-0.125600,-1.136540,0.900000
132,0,12.400000,38.314000,-96.412900,-1.434600,2.328400,4.030000,1.667800,-0.213000,-0.127800,-1.136530,0.900000
132,0,12.500000,38.292400,-96.425700,-1.434500,2.328400,4.030000,1.667800,-0.216500,-0.128400,-1.136530,0.900000
132,0,12.600000,38.270600,-96.438600,-1.434300,2.328400,4.030000,1.667800,-0.217300,-0.128500,-1.136520,0.900000
132,0,12.700000,38.249000,-96.451400,-1.434200,2.328400,4.030000,1.667800,-0.214400,-0.126900,-1.136510,0.900000
132,0,12.800000,38.227800,-96.464000,-1.434000,2.328400,4.030000,1.667800,-0.209100,-0.124200,-1.136500,0.900000
132,0,12.900000,38.207100,-96.476300,-1.433900,2.328400,4.030000,1.667800,-0.205100,-0.122400,-1.136500,0.900000
132,0,13.000000,38.186800,-96.488400,-1.433800,2.328400,4.030000,1.667800,-0.202100,-0.121000,-1.136490,0.900000
132,0,13.100000,38.166700,-96.500400,-1.433600,2.328400,4.030000,1.667800,-0.199900,-0.119700,-1.136490,0.900000
132,0,13.200000,38.146800,-96.512400,-1.433500,2.328400,4.030000,1.667800,-0.199300,-0.119400,-1.136500,0.900000
133,0,0.000000,20.631000,-50.629600,-1.407200,1.982700,4.030000,1.410000,0.081000,-0.139900,-1.103640,0.900000
133,0,0.100000,20.639100,-50.643600,-1.407600,1.982700,4.030000,1.410000,0.081700,-0.140600,-1.103660,0.900000
133,0,0.200000,20.647300,-50.657700,-1.408000,1.982700,4.030000,1.410000,0.083200,-0.141900,-1.103660,0.900000
133,0,0.300000,20.655700,-50.671900,-1.408400,1.982700,4.030000,1.410000,0.086100,-0.143900,-1.103650,0.900000
133,0,0.400000,20.664500,-50.686500,-1.408900,1.982700,4.030000,1.410000,0.091100,-0.148700,-1.103690,0.900000
133,0,0.500000,20.673900,-50.701600,-1.409300,1.982700,4.030000,1.410000,0.096600,-0.155700,-1.103630,0.900000
133,0,0.600000,20.683800,-50.717600,-1.409800,1.982700,4.030000,1.410000,0.102500,-0.165100,-1.103640,0.900000
133,0,0.700000,20.694400,-50.734700,-1.410300,1.982700,4.030000,1.410000,0.109300,-0.178000,-1.103620,0.900000
133,0,0.800000,20.705700,-50.753300,-1.410900,1.982700,4.030000,1.410000,0.117000,-0.194800,-1.103650,0.900000
133,0,0.900000,20.717800,-50.773600,-1.411600,1.982700,4.030000,1.410000,0.124700,-0.214200,-1.103650,0.900000
133,0,1.000000,20.730600,-50.796100,-1.412300,1.982700,4.030000,1.410000,0.131800,-0.236000,-1.103690,0.900000
133,0,1.100000,20.744200,-50.820900,-1.413000,1.982700,4.030000,1.410000,0.139800,-0.262000,-1.103730,0.900000
133,0,1.200000,20.758600,-50.848400,-1.413900,1.982700,4.030000,1.410000,0.147600,-0.289500,-1.103730,0.900000
133,0,1.300000,20.773700,-50.878700,-1.414900,1.982700,4.030000,1.410000,0.155400,-0.317400,-1.103750,0.900000
133,0,1.400000,20.789700,-50.912000,-1.415900,1.982700,4.030000,1.410000,0.165200,-0.348100,-1.103750,0.900000
133,0,1.500000,20.806700,-50.948200,-1.417100,1.982700,4.030000,1.410000,0.175200,-0.378100,-1.103820,0.900000
133,0,1.600000,20.824700,-50.987500,-1.418400,1.982700,4.030000,1.410000,0.185300,-0.406700,-1.103850,0.900000
133,0,1.700000,20.843800,-51.029700,-1.419800,1.982700,4.030000,1.410000,0.196000,-0.436200,-1.103850,0.900000
133,0,1.800000,20.864000,-51.074900,-1.421300,1.982700,4.030000,1.410000,0.206700,-0.467000,-1.103890,0.900000
133,0,1.900000,20.885100,-51.123000,-1.422900,1.982700,4.030000,1.410000,0.217000,-0.495600,-1.103840,0.900000
133,0,2.000000,20.907300,-51.173900,-1.424700,1.982700,4.030000,1.410000,0.228300,-0.521500,-1.103730,0.900000
133,0,2.100000,20.930800,-51.227500,-1.426600,1.982700,4.030000,1.410000,0.243200,-0.550000,-1.103620,0.900000
133,0,2.200000,20.955900,-51.283800,-1.428600,1.982700,4.030000,1.410000,0.258900,-0.575800,-1.103540,0.900000
133,0,2.300000,20.982600,-51.342500,-1.430800,1.982700,4.030000,1.410000,0.274600,-0.598900,-1.103370,0.900000
133,0,2.400000,21.010900,-51.403800,-1.433100,1.982700,4.030000,1.410000,0.291800,-0.623200,-1.103290,0.900000
133,0,2.500000,21.041100,-51.467400,-1.435600,1.982700,4.030000,1.410000,0.309900,-0.649300,-1.103260,0.900000
133,0,2.600000,21.072800,-51.533500,-1.438200,1.982700,4.030000,1.410000,0.325400,-0.673300,-1.103190,0.900000
133,0,2.700000,21.106000,-51.601900,-1.440900,1.982700,4.030000,1.410000,0.340000,-0.693800,-1.103200,0.900000
133,0,2.800000,21.141000,-51.672500,-1.443800,1.982700,4.030000,1.410000,0.360200,-0.716800,-1.103220,0.900000
133,0,2.900000,21.178000,-51.745100,-1.446800,1.982700,4.030000,1.410000,0.384000,-0.735000,-1.103250,0.900000
133,0,3.000000,21.217600,-51.819300,-1.449900,1.982700,4.030000,1.410000,0.410700,-0.748900,-1.103260,0.900000
133,0,3.100000,21.260300,-51.895100,-1.453200,1.982700,4.030000,1.410000,0.443100,-0.766900,-1.103290,0.900000
133,0,3.200000,21.306100,-51.972500,-1.456600,1.982700,4.030000,1.410000,0.475500,-0.781800,-1.103270,0.900000
133,0,3.300000,21.355300,-52.051300,-1.460100,1.982700,4.030000,1.410000,0.505400,-0.793900,-1.103220,0.900000
133,0,3.400000,21.407400,-52.131600,-1.463800,1.982700,4.030000,1.410000,0.536000,-0.812100,-1.103250,0.900000
133,0,3.500000,21.462300,-52.213500,-1.467600,1.982700,4.030000,1.410000,0.563300,-0.828100,-1.103240,0.900000
133,0,3.600000,21.519900,-52.297000,-1.471400,1.982700,4.030000,1.410000,0.587800,-0.841800,-1.103200,0.900000
133,0,3.700000,21.580100,-52.382200,-1.475300,1.982700,4.030000,1.410000,0.611700,-0.860500,-1.103150,0.900000
133,0,3.800000,21.642500,-52.469400,-1.479300,1.982700,4.030000,1.410000,0.634700,-0.884900,-1.103100,0.900000
133,0,3.900000,21.706900,-52.558900,-1.483400,1.982700,4.030000,1.410000,0.655400,-0.907900,-1.103080,0.900000
133,0,4.000000,21.773400,-52.650800,-1.487500,1.982700,4.030000,1.410000,0.673600,-0.929600,-1.103050,0.900000
133,0,4.100000,21.841900,-52.745200,-1.491600,1.982700,4.030000,1.410000,0.692300,-0.961800,-1.103050,0.900000
133,0,4.200000,21.911700,-52.842900,-1.495800,1.982700,4.030000,1.410000,0.703200,-0.996900,-1.103100,0.900000
133,0,4.300000,21.982300,-52.944300,-1.500000,1.982700,4.030000,1.410000,0.708100,-1.034000,-1.103130,0.900000
133,0,4.400000,22.053600,-53.050100,-1.504300,1.982700,4.030000,1.410000,0.715300,-1.082400,-1.103150,0.900000
133,0,4.500000,22.125200,-53.160500,-1.508700,1.982700,4.030000,1.410000,0.717700,-1.131800,-1.103180,0.900000
133,0,4.600000,22.196900,-53.276100,-1.513100,1.982700,4.030000,1.410000,0.714700,-1.182100,-1.103180,0.900000
133,0,4.700000,22.268400,-53.397400,-1.517600,1.982700,4.030000,1.410000,0.712900,-1.239800,-1.103180,0.900000
133,0,4.800000,22.339800,-53.524600,-1.522100,1.982700,4.030000,1.410000,0.713200,-1.305100,-1.103180,0.900000
133,0,4.900000,22.410900,-53.658100,-1.526700,1.982700,4.030000,1.410000,0.709000,-1.370200,-1.103180,0.900000
133,0,5.000000,22.481400,-53.798300,-1.531300,1.982700,4.030000,1.410000,0.698900,-1.435100,-1.103180,0.900000
133,0,5.100000,22.550900,-53.945600,-1.536000,1.982700,4.030000,1.410000,0.691800,-1.512800,-1.103180,0.900000
133,0,5.200000,22.619500,-54.100400,-1.540800,1.982700,4.030000,1.410000,0.682800,-1.587600,-1.103170,0.900000
133,0,5.300000,22.687300,-54.262700,-1.545600,1.982700,4.030000,1.410000,0.675200,-1.657100,-1.103160,0.900000
133,0,5.400000,22.754800,-54.432500,-1.550600,1.982700,4.030000,1.410000,0.666500,-1.706500,-1.103110,0.900000
133,0,5.503000,22.822800,-54.609600,-1.555600,1.982700,4.030000,1.410000,0.684300,-1.811100,-1.103080,0.900000
133,0,5.600000,22.891500,-54.794200,-1.560900,1.982700,4.030000,1.410000,0.705100,-1.913200,-1.103040,0.900000
133,0,5.700000,22.961600,-54.986200,-1.566200,1.982700,4.030000,1.410000,0.707700,-1.953600,-1.103020,0.900000
133,0,5.800000,23.033300,-55.185700,-1.571800,1.982700,4.030000,1.410000,0.729100,-2.034600,-1.103030,0.900000
133,0,5.900000,23.107200,-55.392600,-1.577500,1.982700,4.030000,1.410000,0.752700,-2.108300,-1.103020,0.900000
133,0,6.000000,23.183700,-55.606800,-1.583400,1.982700,4.030000,1.410000,0.779300,-2.173100,-1.103020,0.900000
133,0,6.100000,23.263400,-55.828100,-1.589600,1.982700,4.030000,1.410000,0.815000,-2.241900,-1.103080,0.900000
133,0,6.200000,23.347000,-56.056100,-1.595900,1.982700,4.030000,1.410000,0.861600,-2.314000,-1.103100,0.900000
133,0,6.300000,23.435400,-56.290300,-1.602500,1.982700,4.030000,1.410000,0.913200,-2.373800,-1.103140,0.900000
133,0,6.400000,23.529400,-56.530200,-1.609200,1.982700,4.030000,1.410000,0.967300,-2.421300,-1.103180,0.900000
133,0,6.500000,23.629300,-56.775500,-1.616200,1.982700,4.030000,1.410000,1.014800,-2.437500,-1.103230,0.900000
133,0,6.603000,23.735700,-57.025700,-1.623300,1.982700,4.030000,1.410000,1.101700,-2.527700,-1.103250,0.900000
133,0,6.700000,23.849300,-57.280300,-1.630600,1.982700,4.030000,1.410000,1.193200,-2.606000,-1.103290,0.900000
133,0,6.800000,23.970600,-57.538700,-1.638000,1.982700,4.030000,1.410000,1.251900,-2.603100,-1.103300,0.900000
133,0,6.900000,24.099400,-57.800200,-1.645400,1.982700,4.030000,1.410000,1.328800,-2.631900,-1.103300,0.900000
133,0,7.000000,24.235900,-58.064400,-1.652900,1.982700,4.030000,1.410000,1.401200,-2.646400,-1.103320,0.900000
133,0,7.100000,24.380200,-58.330600,-1.660400,1.982700,4.030000,1.410000,1.477200,-2.665400,-1.103330,0.900000
133,0,7.200000,24.532000,-58.598500,-1.667900,1.982700,4.030000,1.410000,1.555700,-2.690500,-1.103420,0.900000
133,0,7.300000,24.690900,-58.867900,-1.675300,1.982700,4.030000,1.410000,1.622600,-2.705700,-1.103410,0.900000
133,0,7.400000,24.856000,-59.138900,-1.682700,1.982700,4.030000,1.410000,1.673100,-2.711900,-1.103430,0.900000
133,0,7.500000,25.026200,-59.411400,-1.689800,1.982700,4.030000,1.410000,1.718900,-2.726300,-1.103440,0.900000
133,0,7.600000,25.200500,-59.685200,-1.696900,1.982700,4.030000,1.410000,1.762600,-2.747900,-1.103400,0.900000
133,0,7.700000,25.378200,-59.960300,-1.703800,1.982700,4.030000,1.410000,1.793000,-2.759100,-1.103470,0.900000
133,0,7.800000,25.558600,-60.236300,-1.710600,1.982700,4.030000,1.410000,1.808600,-2.760500,-1.103510,0.900000
133,0,7.900000,25.740700,-60.513400,-1.717300,1.982700,4.030000,1.410000,1.827800,-2.779400,-1.103470,0.900000
133,0,8.000000,25.923700,-60.791400,-1.723900,1.982700,4.030000,1.410000,1.834900,-2.787000,-1.103530,0.900000
133,0,8.100000,26.107100,-61.070100,-1.730400,1.982700,4.030000,1.410000,1.830200,-2.783100,-1.102640,0.900000
133,0,8.200000,26.290500,-61.349100,-1.736700,1.982700,4.030000,1.410000,1.826000,-2.786100,-1.103230,0.900000
133,0,8.300000,26.473100,-61.628400,-1.743000,1.982700,4.030000,1.410000,1.823800,-2.795500,-1.103100,0.900000
133,0,8.400000,26.654700,-61.907500,-1.749300,1.982700,4.030000,1.410000,1.812200,-2.793300,-1.103530,0.900000
133,0,8.500000,26.835000,-62.186300,-1.755500,1.982700,4.030000,1.410000,1.790900,-2.780800,-1.103090,0.900000
133,0,8.600000,27.013600,-62.464700,-1.761600,1.982700,4.030000,1.410000,1.779200,-2.785000,-1.103050,0.900000
133,0,8.700000,27.190400,-62.742600,-1.767700,1.982700,4.030000,1.410000,1.763000,-2.777100,-1.102930,0.900000
133,0,8.800000,27.365700,-63.019400,-1.773700,1.982700,4.030000,1.410000,1.744200,-2.757700,-1.102880,0.900000
133,0,8.900000,27.539900,-63.295200,-1.779800,1.982700,4.030000,1.410000,1.739200,-2.756500,-1.102920,0.900000
133,0,9.000000,27.713100,-63.570000,-1.785800,1.982700,4.030000,1.410000,1.730500,-2.747000,-1.103350,0.900000
133,0,9.100000,27.885500,-63.843800,-1.791900,1.982700,4.030000,1.410000,1.718000,-2.729200,-1.103000,0.900000
133,0,9.200000,28.057400,-64.116900,-1.797900,1.982700,4.030000,1.410000,1.719100,-2.730500,-1.103030,0.900000
133,0,9.300000,28.228900,-64.389200,-1.804000,1.982700,4.030000,1.410000,1.716400,-2.723600,-1.103070,0.900000
133,0,9.400000,28.400200,-64.660900,-1.810000,1.982700,4.030000,1.410000,1.709500,-2.709400,-1.103110,0.900000
133,0,9.500000,28.571400,-64.932100,-1.816100,1.982700,4.030000,1.410000,1.709000,-2.707500,-1.103160,0.900000
134,0,9.300000,-70.388700,119.120500,2.676000,1.914900,4.033500,1.648400,2.540600,0.337400,0.323690,0.900000
134,0,9.400000,-70.134200,119.154400,2.688200,1.914900,4.033500,1.648400,2.542700,0.337900,0.309350,0.900000
134,0,9.500000,-69.879200,119.188200,2.700500,1.914900,4.033500,1.648400,2.549300,0.338100,0.295020,0.900000
134,0,9.600000,-69.623300,119.222100,2.712800,1.914900,4.033500,1.648400,2.569100,0.337100,0.280690,0.900000
134,0,9.700000,-69.366000,119.255600,2.725200,1.914900,4.033500,1.648400,2.585100,0.330600,0.274710,0.900000
134,0,9.800000,-69.107000,119.288100,2.737700,1.914900,4.033500,1.648400,2.597100,0.317400,0.268740,0.900000
134,0,9.900000,-68.845600,119.319200,2.750300,1.914900,4.033500,1.648400,2.631900,0.299600,0.262770,0.900000
134,0,10.000000,-68.581300,119.348000,2.763200,1.914900,4.033500,1.648400,2.663700,0.273100,0.256780,0.900000
134,0,10.100000,-68.313600,119.373700,2.776300,1.914900,4.033500,1.648400,2.691400,0.237100,0.250800,0.900000
134,0,10.200000,-68.042000,119.395500,2.789800,1.914900,4.033500,1.648400,2.740800,0.192800,0.244810,0.900000
134,0,10.300000,-67.766200,119.412200,2.803600,1.914900,4.033500,1.648400,2.784200,0.137200,0.238850,0.900000
134,0,10.400000,-67.485900,119.422900,2.817900,1.914900,4.033500,1.648400,2.820600,0.070400,0.232870,0.900000
134,0,10.500000,-67.201000,119.426300,2.832600,1.914900,4.033500,1.648400,2.866700,-0.007000,0.197540,0.900000
134,0,10.600000,-66.911400,119.421500,2.848000,1.914900,4.033500,1.648400,2.922700,-0.095500,0.162210,0.900000
134,0,10.700000,-66.617200,119.407300,2.863900,1.914900,4.033500,1.648400,2.969200,-0.194600,0.126880,0.900000
134,0,10.800000,-66.318400,119.382600,2.880400,1.914900,4.033500,1.648400,3.004500,-0.303200,0.091540,0.900000
134,0,10.900000,-66.015100,119.346500,2.897700,1.914900,4.033500,1.648400,3.057800,-0.424000,0.056210,0.900000
134,0,11.000000,-65.707600,119.297900,2.915600,1.914900,4.033500,1.648400,3.099000,-0.553700,0.020890,0.900000
134,0,11.100000,-65.396100,119.235900,2.934200,1.914900,4.033500,1.648400,3.127600,-0.690400,-0.014440,0.900000
134,0,11.200000,-65.080900,119.159600,2.953600,1.914900,4.033500,1.648400,3.174500,-0.840600,-0.049750,0.900000
134,0,11.300000,-64.762100,119.068000,2.973600,1.914900,4.033500,1.648400,3.208200,-0.996800,-0.087590,0.900000
134,0,11.400000,-64.440100,118.960500,2.994300,1.914900,4.033500,1.648400,3.227700,-1.156300,-0.125440,0.900000
134,0,11.500000,-64.115300,118.836300,3.015600,1.914900,4.033500,1.648400,3.253800,-1.325300,-0.163290,0.900000
134,0,11.600000,-63.788100,118.694900,3.037400,1.914900,4.033500,1.648400,3.286500,-1.504700,-0.201140,0.900000
134,0,11.700000,-63.458900,118.535800,3.059800,1.914900,4.033500,1.648400,3.304100,-1.684100,-0.239000,0.900000
134,0,11.800000,-63.128100,118.358500,3.082600,1.914900,4.033500,1.648400,3.306000,-1.860800,-0.276850,0.900000
134,0,11.900000,-62.796400,118.162900,3.105800,1.914900,4.033500,1.648400,3.324800,-2.052200,-0.314690,0.900000
134,0,12.000000,-62.464100,117.948600,3.129200,1.914900,4.033500,1.648400,3.327300,-2.238600,-0.352540,0.900000
134,0,12.100000,-62.131800,117.715800,3.152800,1.914900,4.033500,1.648400,3.313200,-2.416900,-0.390390,0.900000
134,0,12.200000,-61.800100,117.464300,3.176500,1.914900,4.033500,1.648400,3.304100,-2.601100,-0.428240,0.900000
134,0,12.300000,-61.469700,117.194500,3.200300,1.914900,4.033500,1.648400,3.299700,-2.792200,-0.466090,0.900000
134,0,12.400000,-61.141100,116.906600,3.224100,1.914900,4.033500,1.648400,3.278700,-2.971500,-0.529190,0.900000
134,0,12.500000,-60.814800,116.601000,3.247800,1.914900,4.033500,1.648400,3.242500,-3.136800,-0.592280,0.900000
134,0,12.600000,-60.491300,116.278000,3.271500,1.914900,4.033500,1.648400,3.224800,-3.319400,-0.655370,0.900000
134,0,12.700000,-60.170700,115.938000,3.295100,1.914900,4.033500,1.648400,3.195000,-3.488100,-0.718460,0.900000
134,0,12.800000,-59.853200,115.581300,3.318600,1.914900,4.033500,1.648400,3.154800,-3.641400,-0.781560,0.900000
134,0,12.900000,-59.538500,115.208300,3.342100,1.914900,4.033500,1.648400,3.135500,-3.814300,-0.844650,0.900000
134,0,13.000000,-59.226900,114.819500,3.365500,1.914900,4.033500,1.648400,3.104700,-3.968600,-0.907750,0.900000
134,0,13.100000,-58.918400,114.415700,3.388900,1.914900,4.033500,1.648400,3.062600,-4.101800,-0.927940,0.900000
134,0,13.200000,-58.613200,113.997600,3.412300,1.914900,4.033500,1.648400,3.040700,-4.254500,-0.948130,0.900000
134,0,13.300000,-58.311100,113.565900,3.435600,1.914900,4.033500,1.648400,3.008500,-4.385200,-0.968320,0.900000
134,0,13.400000,-58.012300,113.121700,3.458800,1.914900,4.033500,1.648400,2.966900,-4.492400,-0.988520,0.900000
134,0,13.500000,-57.716600,112.665700,3.482000,1.914900,4.033500,1.648400,2.935800,-4.605100,-1.008730,0.900000
134,0,13.600000,-57.424000,112.198900,3.505000,1.914900,4.033500,1.648400,2.915400,-4.724300,-1.028920,0.900000
134,0,13.700000,-57.134300,111.722100,3.527700,1.914900,4.033500,1.648400,2.887300,-4.819700,-1.049110,0.900000
134,0,13.800000,-56.847300,111.236200,3.550200,1.914900,4.033500,1.648400,2.851900,-4.891100,-1.069290,0.900000
134,0,13.900000,-56.562800,110.742000,3.572400,1.914900,4.033500,1.648400,2.837600,-4.987900,-1.089480,0.900000
134,0,14.000000,-56.280500,110.240000,3.594300,1.914900,4.033500,1.648400,2.815600,-5.061500,-1.109670,0.900000
134,0,14.100000,-56.000400,109.731000,3.615700,1.914900,4.033500,1.648400,2.785500,-5.111000,-1.109670,0.900000
134,0,14.200000,-55.722300,109.215800,3.636700,1.914900,4.033500,1.648400,2.765700,-5.170000,-1.109670,0.900000
134,0,14.300000,-55.446200,108.695000,3.657300,1.914900,4.033500,1.648400,2.755500,-5.239500,-1.109670,0.900000
134,0,14.400000,-55.172000,108.169300,3.677300,1.914900,4.033500,1.648400,2.736400,-5.285000,-1.109670,0.900000
134,0,14.500000,-54.899700,107.639400,3.696900,1.914900,4.033500,1.648400,2.708800,-5.305900,-1.109670,0.900000
134,0,14.600000,-54.629200,107.106000,3.715800,1.914900,4.033500,1.648400,2.699900,-5.355300,-1.109670,0.900000
134,0,14.700000,-54.360400,106.569800,3.734300,1.914900,4.033500,1.648400,2.682800,-5.380500,-1.109670,0.900000
134,0,14.800000,-54.093300,106.031400,3.752200,1.914900,4.033500,1.648400,2.657300,-5.381000,-1.109670,0.900000
134,0,14.900000,-53.827900,105.491500,3.769600,1.914900,4.033500,1.648400,2.649800,-5.410300,-1.109670,0.900000
134,0,15.000000,-53.564100,104.950800,3.786600,1.914900,4.033500,1.648400,2.634100,-5.415500,-1.109670,0.900000
134,0,15.100000,-53.301800,104.409800,3.803100,1.914900,4.033500,1.648400,2.610900,-5.397900,-1.109670,0.900000
134,0,15.200000,-53.040900,103.869100,3.819300,1.914900,4.033500,1.648400,2.597700,-5.394300,-1.109670,0.900000
134,0,15.300000,-52.781200,103.328800,3.835300,1.914900,4.033500,1.648400,2.595000,-5.406300,-1.109680,0.900000
134,0,15.400000,-52.522600,102.789300,3.851100,1.914900,4.033500,1.648400,2.585900,-5.399600,-1.109680,0.900000
134,0,15.500000,-52.264700,102.250400,3.866700,1.914900,4.033500,1.648400,2.571600,-5.375900,-1.109680,0.900000
134,0,15.600000,-52.007200,101.712000,3.882400,1.914900,4.033500,1.648400,2.569700,-5.373400,-1.109680,0.900000
135,0,6.900000,-78.973700,135.496700,2.750800,1.740000,4.030000,2.331600,-0.206300,-0.068400,0.422180,0.900000
135,0,7.000000,-78.994400,135.489800,2.730800,1.740000,4.030000,2.331600,-0.205900,-0.068500,0.422130,0.900000
135,0,7.100000,-79.015000,135.483000,2.710800,1.740000,4.030000,2.331600,-0.204600,-0.068800,0.422100,0.900000
135,0,7.200000,-79.035400,135.476000,2.690600,1.740000,4.030000,2.331600,-0.202100,-0.069600,0.421920,0.900000
135,0,7.300000,-79.055400,135.469100,2.670300,1.740000,4.030000,2.331600,-0.196400,-0.070400,0.421980,0.900000
135,0,7.400000,-79.074600,135.462000,2.649800,1.740000,4.030000,2.331600,-0.188100,-0.071300,0.421960,0.900000
135,0,7.500000,-79.093000,135.454800,2.629100,1.740000,4.030000,2.331600,-0.179100,-0.072800,0.421950,0.900000
135,0,7.600000,-79.110500,135.447400,2.608200,1.740000,4.030000,2.331600,-0.169900,-0.074600,0.422010,0.900000
135,0,7.700000,-79.127000,135.439900,2.587200,1.740000,4.030000,2.331600,-0.159900,-0.075500,0.421940,0.900000
135,0,7.800000,-79.142400,135.432300,2.566300,1.740000,4.030000,2.331600,-0.149300,-0.075500,0.421920,0.900000
135,0,7.900000,-79.156900,135.424700,2.545600,1.740000,4.030000,2.331600,-0.139400,-0.075900,0.422000,0.900000
135,0,8.000000,-79.170300,135.417100,2.525600,1.740000,4.030000,2.331600,-0.128400,-0.076100,0.421950,0.900000
135,0,8.100000,-79.182500,135.409500,2.506700,1.740000,4.030000,2.331600,-0.115800,-0.076400,0.422090,0.900000
135,0,8.200000,-79.193500,135.401800,2.489400,1.740000,4.030000,2.331600,-0.101700,-0.077500,0.422370,0.900000
135,0,8.300000,-79.202900,135.394000,2.474700,1.740000,4.030000,2.331600,-0.083700,-0.078900,0.422490,0.900000
135,0,8.400000,-79.210200,135.386100,2.463500,1.740000,4.030000,2.331600,-0.059800,-0.079900,0.422570,0.900000
135,0,8.500000,-79.214900,135.378100,2.456800,1.740000,4.030000,2.331600,-0.030000,-0.080700,0.422530,0.900000
135,0,8.600000,-79.216200,135.369900,2.456100,1.740000,4.030000,2.331600,0.002500,-0.082600,0.422630,0.900000
135,0,8.700000,-79.214300,135.361600,2.461600,1.740000,4.030000,2.331600,0.032500,-0.085600,0.422820,0.900000
135,0,8.800000,-79.209700,135.352800,2.472900,1.740000,4.030000,2.331600,0.055400,-0.090200,0.422890,0.900000
135,0,8.900000,-79.203200,135.343500,2.488500,1.740000,4.030000,2.331600,0.070100,-0.096200,0.422830,0.900000
135,0,9.000000,-79.195700,135.333600,2.507100,1.740000,4.030000,2.331600,0.076200,-0.101800,0.422770,0.900000
135,0,9.100000,-79.188000,135.323200,2.527400,1.740000,4.030000,2.331600,0.074800,-0.106300,0.422720,0.900000
135,0,9.200000,-79.180800,135.312300,2.548500,1.740000,4.030000,2.331600,0.068300,-0.111000,0.422670,0.900000
135,0,9.300000,-79.174400,135.301000,2.569500,1.740000,4.030000,2.331600,0.057600,-0.114700,0.422620,0.900000
135,0,9.400000,-79.169200,135.289400,2.589700,1.740000,4.030000,2.331600,0.044000,-0.117200,0.422570,0.900000
135,0,9.500000,-79.165600,135.277500,2.608200,1.740000,4.030000,2.331600,0.028700,-0.119400,0.422510,0.900000
135,0,9.600000,-79.163500,135.265500,2.624700,1.740000,4.030000,2.331600,0.012300,-0.121500,0.422470,0.900000
135,0,9.700000,-79.163100,135.253300,2.638500,1.740000,4.030000,2.331600,-0.005200,-0.122800,0.422460,0.900000
135,0,9.800000,-79.164500,135.240900,2.649100,1.740000,4.030000,2.331600,-0.022800,-0.123100,0.422470,0.900000
135,0,9.900000,-79.167700,135.228600,2.656100,1.740000,4.030000,2.331600,-0.040100,-0.123800,0.422490,0.900000
135,0,10.000000,-79.172500,135.216200,2.659200,1.740000,4.030000,2.331600,-0.056200,-0.123500,0.422460,0.900000
135,0,10.100000,-79.178900,135.203900,2.657900,1.740000,4.030000,2.331600,-0.070700,-0.122200,0.422430,0.900000
135,0,10.200000,-79.186700,135.191700,2.651800,1.740000,4.030000,2.331600,-0.084900,-0.121500,0.422390,0.900000
135,0,10.300000,-79.195900,135.179600,2.640700,1.740000,4.030000,2.331600,-0.098200,-0.120200,0.422420,0.900000
135,0,10.400000,-79.206300,135.167700,2.624200,1.740000,4.030000,2.331600,-0.110100,-0.118300,0.422430,0.900000
135,0,10.500000,-79.217900,135.155900,2.602000,1.740000,4.030000,2.331600,-0.121300,-0.116500,0.422440,0.900000
135,0,10.600000,-79.230600,135.144400,2.573800,1.740000,4.030000,2.331600,-0.131500,-0.114400,0.422440,0.900000
135,0,10.700000,-79.244200,135.133100,2.539500,1.740000,4.030000,2.331600,-0.140300,-0.111300,0.422430,0.900000
135,0,10.800000,-79.258600,135.122100,2.499000,1.740000,4.030000,2.331600,-0.147800,-0.107900,0.422410,0.900000
135,0,10.900000,-79.273800,135.111500,2.452200,1.740000,4.030000,2.331600,-0.155200,-0.106000,0.422430,0.900000
135,0,11.000000,-79.289600,135.101000,2.399400,1.740000,4.030000,2.331600,-0.161000,-0.104000,0.422470,0.900000
135,0,11.100000,-79.306000,135.090700,2.340800,1.740000,4.030000,2.331600,-0.164600,-0.102100,0.422520,0.900000
135,0,11.200000,-79.322600,135.080500,2.277000,1.740000,4.030000,2.331600,-0.167500,-0.101500,0.422600,0.900000
135,0,11.300000,-79.339400,135.070400,2.208800,1.740000,4.030000,2.331600,-0.167600,-0.100500,0.422670,0.900000
135,0,11.400000,-79.356100,135.060400,2.137300,1.740000,4.030000,2.331600,-0.165300,-0.099100,0.422710,0.900000
135,0,11.500000,-79.372600,135.050600,2.063000,1.740000,4.030000,2.331600,-0.162200,-0.098000,0.422720,0.900000
135,0,11.600000,-79.388600,135.040800,1.986400,1.740000,4.030000,2.331600,-0.158100,-0.096600,0.422750,0.900000
135,0,11.700000,-79.404100,135.031300,1.908900,1.740000,4.030000,2.331600,-0.151900,-0.093900,0.422770,0.900000
135,0,11.800000,-79.419000,135.022000,1.832300,1.740000,4.030000,2.331600,-0.143700,-0.089900,0.422800,0.900000
135,0,11.900000,-79.432900,135.013300,1.757700,1.740000,4.030000,2.331600,-0.135300,-0.085300,0.422860,0.900000
135,0,12.000000,-79.446000,135.005000,1.685900,1.740000,4.030000,2.331600,-0.125500,-0.079500,0.422910,0.900000
135,0,12.100000,-79.458000,134.997400,1.617300,1.740000,4.030000,2.331600,-0.113800,-0.072300,0.422920,0.900000
135,0,12.200000,-79.468800,134.990500,1.552900,1.740000,4.030000,2.331600,-0.101000,-0.064200,0.422940,0.900000
135,0,12.300000,-79.478200,134.984500,1.493600,1.740000,4.030000,2.331600,-0.087900,-0.055300,0.422960,0.900000
135,0,12.400000,-79.486300,134.979500,1.440000,1.740000,4.030000,2.331600,-0.074900,-0.045700,0.422970,0.900000
135,0,12.500000,-79.493200,134.975400,1.392300,1.740000,4.030000,2.331600,-0.062500,-0.035400,0.422970,0.900000
135,0,12.600000,-79.498900,134.972400,1.350800,1.740000,4.030000,2.331600,-0.050900,-0.025400,0.422980,0.900000
135,0,12.700000,-79.503400,134.970300,1.315600,1.740000,4.030000,2.331600,-0.039300,-0.016100,0.423000,0.900000
135,0,12.800000,-79.506700,134.969100,1.286500,1.740000,4.030000,2.331600,-0.028000,-0.007800,0.423010,0.900000
135,0,12.900000,-79.509000,134.968800,1.263500,1.740000,4.030000,2.331600,-0.017300,-0.000500,0.423020,0.900000
135,0,13.000000,-79.510200,134.969100,1.246400,1.740000,4.030000,2.331600,-0.006800,0.006200,0.423020,0.900000
135,0,13.100000,-79.510300,134.970000,1.235100,1.740000,4.030000,2.331600,0.003200,0.012000,0.423020,0.900000
135,0,13.200000,-79.509500,134.971500,1.229300,1.740000,4.030000,2.331600,0.012700,0.016900,0.423010,0.900000
135,0,13.300000,-79.507800,134.973400,1.228900,1.740000,4.030000,2.331600,0.021600,0.020900,0.423010,0.900000
135,0,13.400000,-79.505200,134.975600,1.233700,1.740000,4.030000,2.331600,0.029500,0.023800,0.422980,0.900000
135,0,13.500000,-79.501900,134.978100,1.243500,1.740000,4.030000,2.331600,0.036400,0.025700,0.422920,0.900000
135,0,13.600000,-79.497900,134.980800,1.258100,1.740000,4.030000,2.331600,0.042000,0.026800,0.422900,0.900000
135,0,13.700000,-79.493500,134.983500,1.277100,1.740000,4.030000,2.331600,0.046100,0.027300,0.422920,0.900000
135,0,13.800000,-79.488700,134.986200,1.300500,1.740000,4.030000,2.331600,0.048800,0.027300,0.422940,0.900000
135,0,13.900000,-79.483700,134.989000,1.327900,1.740000,4.030000,2.331600,0.050600,0.027000,0.422940,0.900000
135,0,14.000000,-79.478600,134.991600,1.358900,1.740000,4.030000,2.331600,0.051100,0.026400,0.422940,0.900000
135,0,14.100000,-79.473500,134.994200,1.393100,1.740000,4.030000,2.331600,0.050600,0.025600,0.422950,0.900000
135,0,14.200000,-79.468500,134.996700,1.430000,1.740000,4.030000,2.331600,0.049600,0.024700,0.422940,0.900000
135,0,14.300000,-79.463600,134.999200,1.469000,1.740000,4.030000,2.331600,0.048200,0.024100,0.422940,0.900000
135,0,14.400000,-79.458800,135.001600,1.509000,1.740000,4.030000,2.331600,0.046800,0.023500,0.422950,0.900000
135,0,14.500000,-79.454200,135.003900,1.550300,1.740000,4.030000,2.331600,0.045300,0.023100,0.422940,0.900000
135,0,14.600000,-79.449800,135.006200,1.592700,1.740000,4.030000,2.331600,0.044300,0.022800,0.422940,0.900000
135,0,14.700000,-79.445400,135.008400,1.635900,1.740000,4.030000,2.331600,0.043600,0.022700,0.422940,0.900000
135,0,14.800000,-79.441000,135.010700,1.680300,1.740000,4.030000,2.331600,0.043600,0.022800,0.422940,0.900000
135,0,14.900000,-79.436700,135.013000,1.726000,1.740000,4.030000,2.331600,0.044100,0.022900,0.422940,0.900000
135,0,15.000000,-79.432200,135.015300,1.772800,1.740000,4.030000,2.331600,0.044700,0.023100,0.422940,0.900000
135,0,15.100000,-79.427700,135.017600,1.821200,1.740000,4.030000,2.331600,0.045600,0.023500,0.422940,0.900000
135,0,15.200000,-79.423100,135.020000,1.871300,1.740000,4.030000,2.331600,0.046800,0.024000,0.422930,0.900000
135,0,15.300000,-79.418400,135.022400,1.922800,1.740000,4.030000,2.331600,0.047500,0.024300,0.422930,0.900000
135,0,15.400000,-79.413600,135.024800,1.974700,1.740000,4.030000,2.331600,0.047700,0.024300,0.422930,0.900000
135,0,15.500000,-79.408800,135.027300,2.026700,1.740000,4.030000,2.331600,0.047600,0.024300,0.422920,0.900000
135,0,15.600000,-79.404100,135.029700,2.079100,1.740000,4.030000,2.331600,0.047700,0.024400,0.422930,0.900000
136,0,1.300000,13.022100,-41.282100,-0.822800,1.740000,4.030000,1.695200,-0.052400,-0.498800,-1.121720,0.900000
136,0,1.400000,13.016800,-41.332100,-0.824600,1.740000,4.030000,1.695200,-0.051100,-0.502400,-1.121890,0.900000
136,0,1.500000,13.011900,-41.382500,-0.826400,1.740000,4.030000,1.695200,-0.046600,-0.508100,-1.122060,0.900000
136,0,1.600000,13.007500,-41.433600,-0.828200,1.740000,4.030000,1.695200,-0.039000,-0.515800,-1.121820,0.900000
136,0,1.700000,13.004100,-41.485800,-0.830100,1.740000,4.030000,1.695200,-0.028600,-0.529100,-1.121820,0.900000
136,0,1.800000,13.001800,-41.539600,-0.832000,1.740000,4.030000,1.695200,-0.013700,-0.548600,-1.121850,0.900000
136,0,1.900000,13.001300,-41.595400,-0.834100,1.740000,4.030000,1.695200,0.007200,-0.571400,-1.121800,0.900000
136,0,2.000000,13.003200,-41.653700,-0.836300,1.740000,4.030000,1.695200,0.034100,-0.597300,-1.121700,0.900000
136,0,2.100000,13.008200,-41.715100,-0.838600,1.740000,4.030000,1.695200,0.064900,-0.635000,-1.121600,0.900000
136,0,2.200000,13.016200,-41.780600,-0.841100,1.740000,4.030000,1.695200,0.097800,-0.680400,-1.121590,0.900000
136,0,2.300000,13.027700,-41.851000,-0.843900,1.740000,4.030000,1.695200,0.133300,-0.732300,-1.121410,0.900000
136,0,2.400000,13.042900,-41.927300,-0.846900,1.740000,4.030000,1.695200,0.172200,-0.795300,-1.121280,0.900000
136,0,2.500000,13.062200,-42.010400,-0.850200,1.740000,4.030000,1.695200,0.215500,-0.868800,-1.121260,0.900000
136,0,2.600000,13.086000,-42.100800,-0.853800,1.740000,4.030000,1.695200,0.260800,-0.946300,-1.121030,0.900000
136,0,2.700000,13.114300,-42.199400,-0.857700,1.740000,4.030000,1.695200,0.305700,-1.027600,-1.121220,0.900000
136,0,2.800000,13.147200,-42.306800,-0.862000,1.740000,4.030000,1.695200,0.354800,-1.120700,-1.121230,0.900000
136,0,2.900000,13.185100,-42.423200,-0.866700,1.740000,4.030000,1.695200,0.403600,-1.212000,-1.121020,0.900000
136,0,3.000000,13.227800,-42.548800,-0.871800,1.740000,4.030000,1.695200,0.448700,-1.299700,-1.120940,0.900000
136,0,3.100000,13.275100,-42.683700,-0.877300,1.740000,4.030000,1.695200,0.494800,-1.396900,-1.121290,0.900000
136,0,3.200000,13.326700,-42.827800,-0.883100,1.740000,4.030000,1.695200,0.537600,-1.488000,-1.121280,0.900000
136,0,3.300000,13.382500,-42.980900,-0.889300,1.740000,4.030000,1.695200,0.576900,-1.564300,-1.121230,0.900000
136,0,3.400000,13.442300,-43.141300,-0.895800,1.740000,4.030000,1.695200,0.614300,-1.632400,-1.121080,0.900000
136,0,3.500000,13.505100,-43.306900,-0.902600,1.740000,4.030000,1.695200,0.640300,-1.672600,-1.120820,0.900000
136,0,3.600000,13.570100,-43.475400,-0.909400,1.740000,4.030000,1.695200,0.654800,-1.684500,-1.120660,0.900000
136,0,3.700000,13.636400,-43.644500,-0.916300,1.740000,4.030000,1.695200,0.662100,-1.679500,-1.120590,0.900000
136,0,3.800000,13.702800,-43.811900,-0.923100,1.740000,4.030000,1.695200,0.662400,-1.657600,-1.120840,0.900000
136,0,3.900000,13.768700,-43.975500,-0.929700,1.740000,4.030000,1.695200,0.651100,-1.607400,-1.121090,0.900000
136,0,4.000000,13.832900,-44.133000,-0.936100,1.740000,4.030000,1.695200,0.630600,-1.534300,-1.121070,0.900000
136,0,4.100000,13.895000,-44.283000,-0.942200,1.740000,4.030000,1.695200,0.611100,-1.462400,-1.121100,0.900000
136,0,4.200000,13.954900,-44.425100,-0.948000,1.740000,4.030000,1.695200,0.587900,-1.380200,-1.121130,0.900000
136,0,4.300000,14.012400,-44.558700,-0.953400,1.740000,4.030000,1.695200,0.561300,-1.288400,-1.121040,0.900000
136,0,4.400000,14.067400,-44.683300,-0.958500,1.740000,4.030000,1.695200,0.536700,-1.199800,-1.121160,0.900000
136,0,4.500000,14.119600,-44.798300,-0.963200,1.740000,4.030000,1.695200,0.508700,-1.104100,-1.121190,0.900000
136,0,4.600000,14.169000,-44.903800,-0.967500,1.740000,4.030000,1.695200,0.478300,-1.007000,-1.121190,0.900000
136,0,4.700000,14.215500,-45.000100,-0.971400,1.740000,4.030000,1.695200,0.450700,-0.919000,-1.121210,0.900000
136,0,4.800000,14.259300,-45.088000,-0.975000,1.740000,4.030000,1.695200,0.426700,-0.841200,-1.121190,0.900000
136,0,4.900000,14.300700,-45.168100,-0.978300,1.740000,4.030000,1.695200,0.403700,-0.768500,-1.121240,0.900000
136,0,5.000000,14.340000,-45.241400,-0.981300,1.740000,4.030000,1.695200,0.382500,-0.702700,-1.121310,0.900000
136,0,5.100000,14.377400,-45.308900,-0.984000,1.740000,4.030000,1.695200,0.366900,-0.650700,-1.121190,0.900000
136,0,5.200000,14.413200,-45.371400,-0.986600,1.740000,4.030000,1.695200,0.353300,-0.605200,-1.121230,0.900000
136,0,5.300000,14.447900,-45.429800,-0.989000,1.740000,4.030000,1.695200,0.341800,-0.566500,-1.121220,0.900000
136,0,5.400000,14.481700,-45.484900,-0.991200,1.740000,4.030000,1.695200,0.330100,-0.530700,-1.121130,0.900000
136,0,5.503000,14.515000,-45.537700,-0.993400,1.740000,4.030000,1.695200,0.331300,-0.519500,-1.121170,0.900000
136,0,5.600000,14.547900,-45.588700,-0.995500,1.740000,4.030000,1.695200,0.332900,-0.512900,-1.121060,0.900000
136,0,5.700000,14.580600,-45.638600,-0.997500,1.740000,4.030000,1.695200,0.325200,-0.496700,-1.121040,0.900000
136,0,5.800000,14.613100,-45.688200,-0.999500,1.740000,4.030000,1.695200,0.324700,-0.494700,-1.121050,0.900000
137,0,6.700000,-112.816000,223.867500,2.056000,2.509700,4.944100,2.020000,0.437000,0.174200,-1.181890,0.900000
137,0,6.800000,-112.772200,223.884900,2.055100,2.509700,4.944100,2.020000,0.438500,0.174200,-1.182700,0.900000
137,0,6.900000,-112.728400,223.902300,2.054100,2.509700,4.944100,2.020000,0.437900,0.171800,-1.183500,0.900000
137,0,7.000000,-112.684800,223.919300,2.053200,2.509700,4.944100,2.020000,0.434600,0.167400,-1.183970,0.900000
137,0,7.100000,-112.641300,223.935800,2.052200,2.509700,4.944100,2.020000,0.431400,0.162700,-1.185170,0.900000
137,0,7.200000,-112.598300,223.951900,2.051200,2.509700,4.944100,2.020000,0.428300,0.157900,-1.186070,0.900000
137,0,7.300000,-112.555800,223.967300,2.050300,2.509700,4.944100,2.020000,0.422500,0.151900,-1.184960,0.900000
137,0,7.400000,-112.513900,223.982200,2.049300,2.509700,4.944100,2.020000,0.414000,0.144600,-1.185310,0.900000
137,0,7.500000,-112.472800,223.996300,2.048300,2.509700,4.944100,2.020000,0.405500,0.137100,-1.185510,0.900000
137,0,7.600000,-112.432700,224.009700,2.047400,2.509700,4.944100,2.020000,0.397100,0.129200,-1.185860,0.900000
137,0,7.700000,-112.393500,224.022100,2.046400,2.509700,4.944100,2.020000,0.386000,0.120000,-1.186240,0.900000
137,0,7.800000,-112.355600,224.033600,2.045500,2.509700,4.944100,2.020000,0.372200,0.109700,-1.186090,0.900000
137,0,7.900000,-112.318900,224.044100,2.044600,2.509700,4.944100,2.020000,0.359500,0.099500,-1.185880,0.900000
137,0,8.000000,-112.283800,224.053500,2.043600,2.509700,4.944100,2.020000,0.344200,0.087900,-1.185930,0.900000
137,0,8.100000,-112.250200,224.061700,2.042700,2.509700,4.944100,2.020000,0.326300,0.075200,-1.185910,0.900000
137,0,8.200000,-112.218400,224.068600,2.041800,2.509700,4.944100,2.020000,0.308200,0.062000,-1.186930,0.900000
137,0,8.300000,-112.188400,224.074100,2.041000,2.509700,4.944100,2.020000,0.289500,0.048100,-1.189380,0.900000
137,0,8.400000,-112.160600,224.078200,2.040100,2.509700,4.944100,2.020000,0.268200,0.033000,-1.191250,0.900000
137,0,8.500000,-112.134900,224.080700,2.039300,2.509700,4.944100,2.020000,0.244600,0.017000,-1.192230,0.900000
137,0,8.600000,-112.111500,224.081600,2.038500,2.509700,4.944100,2.020000,0.221000,0.000200,-1.193670,0.900000
137,0,8.700000,-112.090700,224.080700,2.037700,2.509700,4.944100,2.020000,0.195000,-0.017700,-1.195250,0.900000
137,0,8.800000,-112.072600,224.078000,2.036900,2.509700,4.944100,2.020000,0.166800,-0.036500,-1.196760,0.900000
137,0,8.900000,-112.057300,224.073400,2.036200,2.509700,4.944100,2.020000,0.137900,-0.056600,-1.198220,0.900000
137,0,9.000000,-112.045000,224.066700,2.035500,2.509700,4.944100,2.020000,0.106800,-0.077600,-1.199920,0.900000
137,0,9.100000,-112.036000,224.057900,2.034900,2.509700,4.944100,2.020000,0.073700,-0.098900,-1.200760,0.900000
137,0,9.200000,-112.030300,224.046900,2.034200,2.509700,4.944100,2.020000,0.041100,-0.120100,-1.201610,0.900000
137,0,9.300000,-112.027800,224.033900,2.033700,2.509700,4.944100,2.020000,0.009900,-0.139700,-1.202460,0.900000
137,0,9.400000,-112.028300,224.019000,2.033100,2.509700,4.944100,2.020000,-0.018800,-0.157200,-1.203300,0.900000
137,0,9.500000,-112.031500,224.002400,2.032600,2.509700,4.944100,2.020000,-0.044600,-0.173200,-1.204160,0.900000
137,0,9.600000,-112.037200,223.984300,2.032100,2.509700,4.944100,2.020000,-0.067500,-0.188200,-1.204990,0.900000
137,0,9.700000,-112.045000,223.964800,2.031600,2.509700,4.944100,2.020000,-0.088700,-0.200500,-1.205880,0.900000
137,0,9.800000,-112.054900,223.944200,2.031200,2.509700,4.944100,2.020000,-0.108800,-0.210100,-1.206760,0.900000
137,0,9.900000,-112.066800,223.922700,2.030800,2.509700,4.944100,2.020000,-0.128800,-0.219000,-1.207680,0.900000
137,0,10.000000,-112.080700,223.900500,2.030400,2.509700,4.944100,2.020000,-0.147800,-0.225100,-1.208220,0.900000
137,0,10.100000,-112.096300,223.877800,2.030100,2.509700,4.944100,2.020000,-0.165500,-0.228400,-1.209660,0.900000
137,0,10.200000,-112.113800,223.854700,2.029800,2.509700,4.944100,2.020000,-0.183700,-0.231100,-1.210550,0.900000
137,0,10.300000,-112.133000,223.831600,2.029600,2.509700,4.944100,2.020000,-0.200700,-0.231000,-1.211420,0.900000
137,0,10.400000,-112.153900,223.808600,2.029400,2.509700,4.944100,2.020000,-0.216400,-0.228100,-1.212270,0.900000
137,0,10.500000,-112.176400,223.785900,2.029300,2.509700,4.944100,2.020000,-0.232200,-0.223900,-1.212980,0.900000
137,0,10.600000,-112.200400,223.763700,2.029200,2.509700,4.944100,2.020000,-0.248200,-0.218300,-1.213720,0.900000
137,0,10.700000,-112.226000,223.742300,2.029200,2.509700,4.944100,2.020000,-0.263000,-0.210000,-1.214560,0.900000
137,0,10.800000,-112.253000,223.721800,2.029200,2.509700,4.944100,2.020000,-0.276300,-0.198900,-1.215320,0.900000
137,0,10.900000,-112.281300,223.702400,2.029300,2.509700,4.944100,2.020000,-0.290900,-0.186900,-1.215860,0.900000
137,0,11.000000,-112.311100,223.684400,2.029500,2.509700,4.944100,2.020000,-0.304200,-0.172300,-1.216570,0.900000
137,0,11.100000,-112.342100,223.668000,2.029700,2.509700,4.944100,2.020000,-0.316000,-0.154900,-1.217390,0.900000
137,0,11.200000,-112.374400,223.653400,2.030000,2.509700,4.944100,2.020000,-0.329500,-0.136400,-1.217990,0.900000
137,0,11.300000,-112.407900,223.640800,2.030500,2.509700,4.944100,2.020000,-0.341500,-0.115100,-1.218650,0.900000
137,0,11.400000,-112.442600,223.630400,2.031000,2.509700,4.944100,2.020000,-0.351900,-0.091400,-1.219340,0.900000
137,0,11.500000,-112.478400,223.622500,2.031500,2.509700,4.944100,2.020000,-0.363200,-0.065700,-1.220020,0.900000
137,0,11.600000,-112.515400,223.617200,2.032200,2.509700,4.944100,2.020000,-0.375300,-0.037800,-1.220690,0.900000
137,0,11.700000,-112.553400,223.614900,2.033000,2.509700,4.944100,2.020000,-0.385800,-0.007400,-1.221610,0.900000
137,0,11.800000,-112.592400,223.615800,2.033900,2.509700,4.944100,2.020000,-0.394800,0.025400,-1.222380,0.900000
137,0,11.900000,-112.632500,223.620000,2.034900,2.509700,4.944100,2.020000,-0.406100,0.060300,-1.223130,0.900000
137,0,12.000000,-112.673500,223.627800,2.036000,2.509700,4.944100,2.020000,-0.413300,0.093200,-1.223900,0.900000
137,0,12.100000,-112.715000,223.638600,2.037200,2.509700,4.944100,2.020000,-0.413700,0.120500,-1.224690,0.900000
137,0,12.200000,-112.756400,223.651900,2.038500,2.509700,4.944100,2.020000,-0.411300,0.144200,-1.225470,0.900000
137,0,12.300000,-112.797500,223.667500,2.039800,2.509700,4.944100,2.020000,-0.406400,0.167100,-1.226260,0.900000
137,0,12.400000,-112.837600,223.685300,2.041200,2.509700,4.944100,2.020000,-0.395700,0.189700,-1.227060,0.900000
137,0,12.500000,-112.876500,223.705400,2.042600,2.509700,4.944100,2.020000,-0.380900,0.211200,-1.227860,0.900000
137,0,12.600000,-112.913900,223.727600,2.044100,2.509700,4.944100,2.020000,-0.367300,0.231600,-1.228650,0.900000
137,0,12.700000,-112.949900,223.751600,2.045600,2.509700,4.944100,2.020000,-0.350200,0.247200,-1.229440,0.900000
137,0,12.800000,-112.983900,223.777000,2.047000,2.509700,4.944100,2.020000,-0.325500,0.258300,-1.230240,0.900000
137,0,12.900000,-113.015100,223.803400,2.048500,2.509700,4.944100,2.020000,-0.295300,0.265800,-1.231030,0.900000
137,0,13.000000,-113.042900,223.830100,2.049800,2.509700,4.944100,2.020000,-0.257800,0.263900,-1.231830,0.900000
137,0,13.100000,-113.066600,223.856100,2.051100,2.509700,4.944100,2.020000,-0.213900,0.251000,-1.232630,0.900000
137,0,13.200000,-113.085700,223.880400,2.052200,2.509700,4.944100,2.020000,-0.165700,0.229800,-1.233440,0.900000
137,0,13.300000,-113.099700,223.902000,2.053100,2.509700,4.944100,2.020000,-0.114500,0.202100,-1.234250,0.900000
137,0,13.400000,-113.108600,223.920800,2.053800,2.509700,4.944100,2.020000,-0.064100,0.171600,-1.235080,0.900000
137,0,13.500000,-113.112500,223.936400,2.054300,2.509700,4.944100,2.020000,-0.014100,0.136800,-1.235930,0.900000
137,0,13.600000,-113.111400,223.948200,2.054600,2.509700,4.944100,2.020000,0.037400,0.095600,-1.236750,0.900000
137,0,13.700000,-113.105000,223.955500,2.054700,2.509700,4.944100,2.020000,0.091400,0.045800,-1.237540,0.900000
137,0,13.800000,-113.093200,223.957400,2.054500,2.509700,4.944100,2.020000,0.146500,-0.012100,-1.238320,0.900000
137,0,13.900000,-113.075700,223.953100,2.053900,2.509700,4.944100,2.020000,0.202800,-0.077500,-1.239130,0.900000
137,0,14.000000,-113.052700,223.941900,2.053100,2.509700,4.944100,2.020000,0.256300,-0.146800,-1.239930,0.900000
137,0,14.100000,-113.024500,223.923800,2.052000,2.509700,4.944100,2.020000,0.304400,-0.214200,-1.235510,0.900000
137,0,14.200000,-112.991600,223.899000,2.050600,2.509700,4.944100,2.020000,0.347900,-0.276100,-1.231100,0.900000
137,0,14.300000,-112.954800,223.868400,2.048900,2.509700,4.944100,2.020000,0.386100,-0.330800,-1.226680,0.900000
137,0,14.400000,-112.914500,223.832900,2.047100,2.509700,4.944100,2.020000,0.416600,-0.377400,-1.222260,0.900000
137,0,14.500000,-112.871600,223.793000,2.045100,2.509700,4.944100,2.020000,0.439000,-0.416700,-1.217840,0.900000
137,0,14.600000,-112.826600,223.749400,2.043000,2.509700,4.944100,2.020000,0.456600,-0.454200,-1.213430,0.900000
137,0,14.700000,-112.780400,223.702300,2.040700,2.509700,4.944100,2.020000,0.463600,-0.487100,-1.209010,0.900000
137,0,14.800000,-112.734000,223.652100,2.038400,2.509700,4.944100,2.020000,0.461600,-0.515600,-1.204600,0.900000
137,0,14.900000,-112.687900,223.599000,2.036000,2.509700,4.944100,2.020000,0.459400,-0.544200,-1.200180,0.900000
137,0,15.000000,-112.642200,223.543400,2.033600,2.509700,4.944100,2.020000,0.453500,-0.568200,-1.195770,0.900000
137,0,15.100000,-112.597300,223.485500,2.031200,2.509700,4.944100,2.020000,0.445100,-0.587100,-1.191350,0.900000
137,0,15.200000,-112.553000,223.425800,2.028700,2.509700,4.944100,2.020000,0.440600,-0.603000,-1.186940,0.900000
137,0,15.300000,-112.509000,223.364700,2.026300,2.509700,4.944100,2.020000,0.439900,-0.616300,-1.182520,0.900000
137,0,15.400000,-112.465100,223.302700,2.023800,2.509700,4.944100,2.020000,0.440000,-0.623000,-1.178110,0.900000
137,0,15.500000,-112.421100,223.240200,2.021300,2.509700,4.944100,2.020000,0.440000,-0.623400,-1.173690,0.900000
137,0,15.600000,-112.377000,223.177700,2.018800,2.509700,4.944100,2.020000,0.440600,-0.623800,-1.169280,0.900000
138,0,8.500000,-92.468300,209.168700,1.761300,1.740000,4.362500,2.432100,-2.024300,-1.027000,-2.751470,0.900000
138,0,8.600000,-92.671100,209.065800,1.765200,1.740000,4.362500,2.432100,-2.029600,-1.029700,-2.749680,0.900000
138,0,8.700000,-92.873700,208.963000,1.769200,1.740000,4.362500,2.432100,-2.024400,-1.027600,-2.747840,0.900000
138,0,8.800000,-93.075500,208.860500,1.773100,1.740000,4.362500,2.432100,-2.005600,-1.020800,-2.746090,0.900000
138,0,8.900000,-93.275600,208.758400,1.777000,1.740000,4.362500,2.432100,-1.989000,-1.019800,-2.744420,0.900000
138,0,9.000000,-93.472700,208.656800,1.780800,1.740000,4.362500,2.432100,-1.955200,-1.016800,-2.742750,0.900000
138,0,9.100000,-93.666100,208.555400,1.784500,1.740000,4.362500,2.432100,-1.908500,-1.014300,-2.741070,0.900000
138,0,9.200000,-93.855200,208.453600,1.788000,1.740000,4.362500,2.432100,-1.871600,-1.024300,-2.739380,0.900000
138,0,9.300000,-94.039900,208.350800,1.791400,1.740000,4.362500,2.432100,-1.829200,-1.038900,-2.737690,0.900000
138,0,9.400000,-94.220500,208.246100,1.794500,1.740000,4.362500,2.432100,-1.783600,-1.059400,-2.736000,0.900000
138,0,9.500000,-94.397300,208.138500,1.797500,1.740000,4.362500,2.432100,-1.746600,-1.093400,-2.734300,0.900000
138,0,9.600000,-94.570500,208.027000,1.800300,1.740000,4.362500,2.432100,-1.716600,-1.141800,-2.732580,0.900000
138,0,9.700000,-94.740200,207.910400,1.802900,1.740000,4.362500,2.432100,-1.680600,-1.197300,-2.730860,0.900000
138,0,9.800000,-94.906200,207.787800,1.805300,1.740000,4.362500,2.432100,-1.639400,-1.260300,-2.729130,0.900000
138,0,9.900000,-95.068700,207.657900,1.807400,1.740000,4.362500,2.432100,-1.611600,-1.344200,-2.727390,0.900000
138,0,10.000000,-95.228100,207.519300,1.809400,1.740000,4.362500,2.432100,-1.581400,-1.436700,-2.725670,0.900000
138,0,10.100000,-95.384600,207.370900,1.811100,1.740000,4.362500,2.432100,-1.549500,-1.536300,-2.723940,0.900000
138,0,10.200000,-95.538600,207.211500,1.812700,1.740000,4.362500,2.432100,-1.529800,-1.656700,-2.674560,0.900000
138,0,10.300000,-95.690100,207.040100,1.814100,1.740000,4.362500,2.432100,-1.504900,-1.780500,-2.625190,0.900000
138,0,10.400000,-95.839100,206.855900,1.815400,1.740000,4.362500,2.432100,-1.473800,-1.904800,-2.575810,0.900000
138,0,10.500000,-95.985500,206.658300,1.816500,1.740000,4.362500,2.432100,-1.447300,-2.041000,-2.526430,0.900000
138,0,10.600000,-96.129200,206.446900,1.817600,1.740000,4.362500,2.432100,-1.428300,-2.189900,-2.477060,0.900000
138,0,10.700000,-96.270800,206.220900,1.818600,1.740000,4.362500,2.432100,-1.409300,-2.337400,-2.427680,0.900000
138,0,10.800000,-96.410700,205.980000,1.819600,1.740000,4.362500,2.432100,-1.388900,-2.483200,-2.378310,0.900000
138,0,10.900000,-96.549100,205.723300,1.820700,1.740000,4.362500,2.432100,-1.377900,-2.653000,-2.328850,0.900000
138,0,11.000000,-96.685900,205.450100,1.821900,1.740000,4.362500,2.432100,-1.360900,-2.822400,-2.279560,0.900000
138,0,11.100000,-96.820900,205.159600,1.823300,1.740000,4.362500,2.432100,-1.334100,-2.987600,-2.230180,0.900000
138,0,11.200000,-96.953200,204.851400,1.824800,1.740000,4.362500,2.432100,-1.307200,-3.177000,-2.180800,0.900000
138,0,11.300000,-97.082000,204.525100,1.826600,1.740000,4.362500,2.432100,-1.260900,-3.356400,-2.131430,0.900000
138,0,11.400000,-97.205100,204.181100,1.828600,1.740000,4.362500,2.432100,-1.189100,-3.519500,-2.081950,0.900000
138,0,11.500000,-97.320300,203.819800,1.830800,1.740000,4.362500,2.432100,-1.100200,-3.689400,-2.032530,0.900000
138,0,11.600000,-97.425500,203.441700,1.833400,1.740000,4.362500,2.432100,-0.993200,-3.868200,-1.983090,0.900000
138,0,11.700000,-97.518700,203.047200,1.836300,1.740000,4.362500,2.432100,-0.860700,-4.031200,-1.933930,0.900000
138,0,11.800000,-97.597500,202.636600,1.839500,1.740000,4.362500,2.432100,-0.704000,-4.176800,-1.884570,0.900000
138,0,11.900000,-97.659700,202.210200,1.843100,1.740000,4.362500,2.432100,-0.529700,-4.346900,-1.835180,0.900000
138,0,12.000000,-97.703300,201.768400,1.847100,1.740000,4.362500,2.432100,-0.335000,-4.501300,-1.762550,0.900000
138,0,12.100000,-97.726700,201.311200,1.851500,1.740000,4.362500,2.432100,-0.129900,-4.638400,-1.689920,0.900000
138,0,12.200000,-97.729300,200.838900,1.856400,1.740000,4.362500,2.432100,0.080600,-4.787000,-1.617290,0.900000
138,0,12.300000,-97.710500,200.351900,1.861800,1.740000,4.362500,2.432100,0.299300,-4.947600,-1.544660,0.900000
138,0,12.400000,-97.669500,199.850700,1.867800,1.740000,4.362500,2.432100,0.525000,-5.086800,-1.472030,0.900000
138,0,12.500000,-97.605600,199.335900,1.874400,1.740000,4.362500,2.432100,0.752400,-5.202700,-1.399400,0.900000
138,0,12.600000,-97.518700,198.808100,1.881500,1.740000,4.362500,2.432100,0.984500,-5.346100,-1.326770,0.900000
138,0,12.700000,-97.409000,198.268100,1.889300,1.740000,4.362500,2.432100,1.209600,-5.465600,-1.311960,0.900000
138,0,12.800000,-97.277100,197.716500,1.897600,1.740000,4.362500,2.432100,1.419800,-5.561400,-1.297150,0.900000
138,0,12.900000,-97.124500,197.153600,1.906500,1.740000,4.362500,2.432100,1.626200,-5.689900,-1.282340,0.900000
138,0,13.000000,-96.952300,196.580000,1.915900,1.740000,4.362500,2.432100,1.812000,-5.795900,-1.267530,0.900000
138,0,13.100000,-96.762600,195.996000,1.925800,1.740000,4.362500,2.432100,1.973800,-5.879000,-1.252710,0.900000
138,0,13.200000,-96.556800,195.401900,1.936100,1.740000,4.362500,2.432100,2.132000,-5.997700,-1.237900,0.900000
138,0,13.300000,-96.336700,194.798100,1.946800,1.740000,4.362500,2.432100,2.269300,-6.093100,-1.223090,0.900000
138,0,13.400000,-96.103600,194.185000,1.957900,1.740000,4.362500,2.432100,2.387000,-6.162700,-1.208250,0.900000
138,0,13.500000,-95.858400,193.563200,1.969200,1.740000,4.362500,2.432100,2.502000,-6.246100,-1.193470,0.900000
138,0,13.600000,-95.602200,192.933300,1.980800,1.740000,4.362500,2.432100,2.615400,-6.342900,-1.178660,0.900000
138,0,13.700000,-95.336000,192.296300,1.992700,1.740000,4.362500,2.432100,2.711400,-6.412000,-1.163850,0.900000
138,0,13.800000,-95.060600,191.652600,2.004800,1.740000,4.362500,2.432100,2.786900,-6.455600,-1.163850,0.900000
138,0,13.900000,-94.777500,191.002600,2.017200,1.740000,4.362500,2.432100,2.866800,-6.538800,-1.163850,0.900000
138,0,14.000000,-94.488000,190.346600,2.029700,1.740000,4.362500,2.432100,2.925600,-6.600700,-1.163850,0.900000
138,0,14.100000,-94.193200,189.684300,2.042500,1.740000,4.362500,2.432100,2.964500,-6.643300,-1.163850,0.900000
138,0,14.200000,-93.894000,189.015400,2.055500,1.740000,4.362500,2.432100,3.003000,-6.709700,-1.163850,0.900000
138,0,14.300000,-93.591400,188.339700,2.068700,1.740000,4.362500,2.432100,3.041800,-6.798700,-1.163850,0.900000
138,0,14.400000,-93.286500,187.657500,2.082200,1.740000,4.362500,2.432100,3.060800,-6.862600,-1.163850,0.900000
138,0,14.500000,-92.980100,186.969000,2.096000,1.740000,4.362500,2.432100,3.061800,-6.901300,-1.163850,0.900000
138,0,14.600000,-92.672900,186.274500,2.110000,1.740000,4.362500,2.432100,3.077100,-6.984100,-1.163850,0.900000
138,0,14.700000,-92.365500,185.574100,2.124200,1.740000,4.362500,2.432100,3.077300,-7.040800,-1.163850,0.900000
138,0,14.800000,-92.058300,184.868200,2.138700,1.740000,4.362500,2.432100,3.063800,-7.069300,-1.163850,0.900000
138,0,14.900000,-91.751500,184.157400,2.153400,1.740000,4.362500,2.432100,3.068300,-7.138700,-1.163850,0.900000
138,0,15.000000,-91.445400,183.442400,2.168200,1.740000,4.362500,2.432100,3.062400,-7.177900,-1.163850,0.900000
138,0,15.100000,-91.139900,182.723800,2.183100,1.740000,4.362500,2.432100,3.044800,-7.186100,-1.163850,0.900000
138,0,15.200000,-90.835300,182.002300,2.198100,1.740000,4.362500,2.432100,3.034500,-7.210600,-1.163850,0.900000
138,0,15.300000,-90.531800,181.278800,2.213000,1.740000,4.362500,2.432100,3.033600,-7.250200,-1.163850,0.900000
138,0,15.400000,-90.229400,180.554200,2.228000,1.740000,4.362500,2.432100,3.023800,-7.256200,-1.163850,0.900000
138,0,15.500000,-89.927800,179.829600,2.242900,1.740000,4.362500,2.432100,3.005800,-7.228000,-1.163850,0.900000
138,0,15.600000,-89.627000,179.105800,2.257800,1.740000,4.362500,2.432100,3.002200,-7.223500,-1.163850,0.900000
139,0,0.000000,28.877100,-61.884900,-1.651200,2.254900,5.709600,1.834800,-2.154200,4.973500,2.222990,0.900000
139,0,0.100000,28.661300,-61.386600,-1.637000,2.254900,5.709600,1.834800,-2.163100,4.994200,2.212370,0.900000
139,0,0.200000,28.445100,-60.887400,-1.622800,2.254900,5.709600,1.834800,-2.169000,5.006900,2.201770,0.900000
139,0,0.300000,28.228100,-60.386600,-1.608500,2.254900,5.709600,1.834800,-2.172400,5.011600,2.191180,0.900000
139,0,0.400000,28.009700,-59.883200,-1.594100,2.254900,5.709600,1.834800,-2.195900,5.057900,2.180540,0.900000
139,0,0.500000,27.789500,-59.376400,-1.579500,2.254900,5.709600,1.834800,-2.218500,5.095200,2.170000,0.900000
139,0,0.600000,27.566600,-58.865500,-1.564700,2.254900,5.709600,1.834800,-2.240200,5.122800,2.159390,0.900000
139,0,0.700000,27.340500,-58.349800,-1.549500,2.254900,5.709600,1.834800,-2.275800,5.174700,2.148810,0.900000
139,0,0.800000,27.110600,-57.828500,-1.534000,2.254900,5.709600,1.834800,-2.325100,5.251000,2.138170,0.900000
139,0,0.900000,26.876100,-57.301000,-1.518000,2.254900,5.709600,1.834800,-2.372200,5.317000,2.127580,0.900000
139,0,1.000000,26.636800,-56.766500,-1.501500,2.254900,5.709600,1.834800,-2.415400,5.372300,2.116930,0.900000
139,0,1.100000,26.392100,-56.224400,-1.484400,2.254900,5.709600,1.834800,-2.478400,5.469800,2.106300,0.900000
139,0,1.200000,26.141800,-55.674100,-1.466800,2.254900,5.709600,1.834800,-2.537400,5.555000,2.095690,0.900000
139,0,1.300000,25.885300,-55.114900,-1.448500,2.254900,5.709600,1.834800,-2.590000,5.626900,2.085070,0.900000
139,0,1.400000,25.622700,-54.546500,-1.429500,2.254900,5.709600,1.834800,-2.661000,5.741300,2.074480,0.900000
139,0,1.500000,25.353800,-53.968200,-1.409800,2.254900,5.709600,1.834800,-2.724600,5.840600,2.063810,0.900000
139,0,1.600000,25.078600,-53.379900,-1.389500,2.254900,5.709600,1.834800,-2.778200,5.923700,2.053170,0.900000
139,0,1.700000,24.797100,-52.781100,-1.368500,2.254900,5.709600,1.834800,-2.838600,6.030400,2.042570,0.900000
139,0,1.800000,24.509700,-52.171400,-1.346800,2.254900,5.709600,1.834800,-2.906700,6.161000,2.031940,0.900000
139,0,1.900000,24.216500,-51.550600,-1.324400,2.254900,5.709600,1.834800,-2.963400,6.273500,2.021390,0.900000
139,0,2.000000,23.917800,-50.918400,-1.301300,2.254900,5.709600,1.834800,-3.007900,6.366400,2.010900,0.900000
139,0,2.100000,23.613800,-50.274800,-1.277600,2.254900,5.709600,1.834800,-3.070600,6.502300,2.011010,0.900000
139,0,2.200000,23.304500,-49.619700,-1.253200,2.254900,5.709600,1.834800,-3.122300,6.617000,2.011080,0.900000
139,0,2.300000,22.990200,-48.953200,-1.228100,2.254900,5.709600,1.834800,-3.163700,6.708100,2.011260,0.900000
139,0,2.400000,22.670500,-48.275500,-1.202300,2.254900,5.709600,1.834800,-3.216200,6.819700,2.011340,0.900000
139,0,2.500000,22.345600,-47.586600,-1.175900,2.254900,5.709600,1.834800,-3.279000,6.953200,2.011370,0.900000
139,0,2.600000,22.015600,-46.886700,-1.148800,2.254900,5.709600,1.834800,-3.330000,7.062700,2.011440,0.900000
139,0,2.700000,21.680500,-46.176000,-1.121100,2.254900,5.709600,1.834800,-3.369200,7.147500,2.011420,0.900000
139,0,2.800000,21.340400,-45.454400,-1.092700,2.254900,5.709600,1.834800,-3.429900,7.279400,2.011410,0.900000
139,0,2.900000,20.995500,-44.722100,-1.063800,2.254900,5.709600,1.834800,-3.477500,7.387500,2.011370,0.900000
139,0,3.000000,20.645900,-43.978900,-1.034200,2.254900,5.709600,1.834800,-3.511200,7.471600,2.011370,0.900000
139,0,3.100000,20.291900,-43.224800,-1.004000,2.254900,5.709600,1.834800,-3.566400,7.605700,2.011340,0.900000
139,0,3.200000,19.933600,-42.459800,-0.973200,2.254900,5.709600,1.834800,-3.608800,7.715300,2.011350,0.900000
139,0,3.300000,19.571100,-41.683800,-0.942000,2.254900,5.709600,1.834800,-3.638600,7.799000,2.011400,0.900000
139,0,3.400000,19.204400,-40.896900,-0.910300,2.254900,5.709600,1.834800,-3.693500,7.933900,2.011370,0.900000
139,0,3.500000,18.833400,-40.099200,-0.878100,2.254900,5.709600,1.834800,-3.736500,8.041900,2.011390,0.900000
139,0,3.600000,18.458100,-39.290700,-0.845600,2.254900,5.709600,1.834800,-3.766300,8.122100,2.011420,0.900000
139,0,3.700000,18.078600,-38.471500,-0.812700,2.254900,5.709600,1.834800,-3.808600,8.227900,2.011480,0.900000
139,0,3.800000,17.694900,-37.641900,-0.779600,2.254900,5.709600,1.834800,-3.864100,8.360400,2.011530,0.900000
139,0,3.900000,17.306900,-36.801700,-0.746300,2.254900,5.709600,1.834800,-3.907400,8.463700,2.011550,0.900000
139,0,4.000000,16.914400,-35.951400,-0.712700,2.254900,5.709600,1.834800,-3.939900,8.536400,2.011580,0.900000
139,0,4.100000,16.517300,-35.091100,-0.679000,2.254900,5.709600,1.834800,-4.000600,8.664300,2.011580,0.900000
139,0,4.200000,16.115400,-34.220900,-0.645100,2.254900,5.709600,1.834800,-4.049900,8.762600,2.011520,0.900000
139,0,4.300000,15.708500,-33.341000,-0.611100,2.254900,5.709600,1.834800,-4.086700,8.830100,2.011500,0.900000
139,0,4.400000,15.296500,-32.451400,-0.577000,2.254900,5.709600,1.834800,-4.151600,8.954700,2.011480,0.900000
139,0,4.500000,14.879300,-31.552400,-0.542700,2.254900,5.709600,1.834800,-4.203400,9.048100,2.011450,0.900000
139,0,4.600000,14.456900,-30.644200,-0.508200,2.254900,5.709600,1.834800,-4.240300,9.109400,2.011440,0.900000
139,0,4.700000,14.029500,-29.726900,-0.473500,2.254900,5.709600,1.834800,-4.290300,9.200100,2.011450,0.900000
139,0,4.800000,13.597200,-28.800600,-0.438500,2.254900,5.709600,1.834800,-4.353900,9.321200,2.011450,0.900000
139,0,4.900000,13.159900,-27.865200,-0.403300,2.254900,5.709600,1.834800,-4.402200,9.411300,2.011450,0.900000
139,0,5.000000,12.717900,-26.920800,-0.367700,2.254900,5.709600,1.834800,-4.434600,9.470000,2.011440,0.900000
139,0,5.100000,12.271300,-25.967500,-0.331800,2.254900,5.709600,1.834800,-4.496300,9.590700,2.011450,0.900000
139,0,5.200000,11.819900,-25.005300,-0.295600,2.254900,5.709600,1.834800,-4.544200,9.678300,2.011460,0.900000
139,0,5.300000,11.363600,-24.034500,-0.259200,2.254900,5.709600,1.834800,-4.578400,9.731800,2.011470,0.900000
139,0,5.400000,10.902400,-23.055100,-0.222700,2.254900,5.709600,1.834800,-4.563000,9.676700,2.011520,0.900000
139,0,5.503000,10.436100,-22.067500,-0.186000,2.254900,5.709600,1.834800,-4.693900,9.931500,2.011550,0.900000
139,0,5.600000,9.964900,-21.071500,-0.149300,2.254900,5.709600,1.834800,-4.811900,10.159800,2.011590,0.900000
139,0,5.700000,9.488900,-20.067500,-0.112700,2.254900,5.709600,1.834800,-4.774200,10.060400,2.011610,0.900000
139,0,5.800000,9.007198,-19.064405,-0.072398,2.254900,5.709600,1.834800,-4.831111,10.103330,2.012954,0.900000
139,0,5.900000,8.522678,-18.046834,-0.032095,2.254900,5.709600,1.834800,-4.867938,10.212910,2.012374,0.900000
139,0,6.000000,8.033611,-17.021823,0.008207,2.254900,5.709600,1.834800,-4.912575,10.286168,2.011750,0.900000
139,0,6.100000,7.540163,-15.989600,0.048510,2.254900,5.709600,1.834800,-4.955566,10.357107,2.011240,0.900000
139,0,6.200000,7.042498,-14.950401,0.088812,2.254900,5.709600,1.834800,-4.996904,10.425730,2.010839,0.900000
139,0,6.300000,6.540782,-13.904454,0.129115,2.254900,5.709600,1.834800,-5.036569,10.491952,2.010698,0.900000
139,0,6.400000,6.035184,-12.852011,0.169417,2.254900,5.709600,1.834800,-5.074542,10.555681,2.010691,0.900000
139,0,6.500000,5.525873,-11.793318,0.209720,2.254900,5.709600,1.834800,-5.111354,10.617823,2.010684,0.900000
139,0,6.603000,4.997579,-10.696593,0.251231,2.254900,5.709600,1.834800,-5.145466,10.675761,2.010677,0.900000
139,0,6.700000,4.496780,-9.658166,0.290324,2.254900,5.709600,1.834800,-5.178913,10.733006,2.010671,0.900000
139,0,6.800000,3.977333,-8.582191,0.330627,2.254900,5.709600,1.834800,-5.209703,10.786191,2.010665,0.900000
139,0,6.900000,3.454840,-7.500928,0.370929,2.254900,5.709600,1.834800,-5.239311,10.837822,2.010658,0.900000
139,0,7.000000,2.929471,-6.414626,0.411232,2.254900,5.709600,1.834800,-5.267244,10.887043,2.010651,0.900000
139,0,7.100000,2.401391,-5.323519,0.451534,2.254900,5.709600,1.834800,-5.293521,10.933899,2.010644,0.900000
139,0,7.200000,1.870767,-4.227846,0.491837,2.254900,5.709600,1.834800,-5.318120,10.978340,2.010637,0.900000
139,0,7.300000,1.337767,-3.127851,0.532139,2.254900,5.709600,1.834800,-5.341052,11.020374,2.010630,0.900000
139,0,7.400000,0.802556,-2.023772,0.572441,2.254900,5.709600,1.834800,-5.362318,11.060040,2.010623,0.900000
139,0,7.500000,0.265303,-0.915844,0.612744,2.254900,5.709600,1.834800,-5.381904,11.097301,2.010616,0.900000
139,0,7.600000,-0.273825,0.195689,0.653046,2.254900,5.709600,1.834800,-5.399825,11.132143,2.010609,0.900000
139,0,7.700000,-0.814662,1.310585,0.693349,2.254900,5.709600,1.834800,-5.416087,11.164568,2.010603,0.900000
139,0,7.800000,-1.357042,2.428602,0.733651,2.254900,5.709600,1.834800,-5.430685,11.194604,2.010596,0.900000
139,0,7.900000,-1.900799,3.549506,0.773954,2.254900,5.709600,1.834800,-5.443606,11.222243,2.010590,0.900000
139,0,8.000000,-2.445763,4.673051,0.814256,2.254900,5.709600,1.834800,-5.454853,11.247468,2.010584,0.900000
139,0,8.100000,-2.991769,5.798999,0.854559,2.254900,5.709600,1.834800,-5.464440,11.270307,2.010578,0.900000
139,0,8.200000,-3.538651,6.927112,0.894861,2.254900,5.709600,1.834800,-5.472354,11.290751,2.010572,0.900000
139,0,8.300000,-4.086240,8.057150,0.935163,2.254900,5.709600,1.834800,-5.478598,11.308786,2.010568,0.900000
139,0,8.400000,-4.634371,9.188869,0.975466,2.254900,5.709600,1.834800,-5.483175,11.324416,2.010566,0.900000
139,0,8.500000,-5.182875,10.322033,1.015768,2.254900,5.709600,1.834800,-5.486080,11.337662,2.010563,0.900000
139,0,8.600000,-5.731587,11.456402,1.056071,2.254900,5.709600,1.834800,-5.487321,11.348521,2.010560,0.900000
139,0,8.700000,-6.280339,12.591737,1.096373,2.254900,5.709600,1.834800,-5.486879,11.356939,2.010556,0.900000
139,0,8.800000,-6.828963,13.727790,1.136676,2.254900,5.709600,1.834800,-5.484777,11.362964,2.010552,0.900000
139,0,8.900000,-7.377295,14.864330,1.176978,2.254900,5.709600,1.834800,-5.481030,11.366612,2.010548,0.900000
139,0,9.000000,-7.925169,16.001112,1.217280,2.254900,5.709600,1.834800,-5.475584,11.367802,2.010543,0.900000
139,0,9.100000,-8.472411,17.137890,1.257583,2.254900,5.709600,1.834800,-5.468482,11.366662,2.010538,0.900000
139,0,9.200000,-9.018865,18.274444,1.297885,2.254900,5.709600,1.834800,-5.459745,11.363182,2.010532,0.900000
139,0,9.300000,-9.564360,19.410527,1.338188,2.254900,5.709600,1.834800,-5.449308,11.357244,2.010527,0.900000
139,0,9.400000,-10.108727,20.545893,1.378490,2.254900,5.709600,1.834800,-5.436719,11.350036,2.010523,0.900000
139,0,9.500000,-10.651704,21.680534,1.418793,2.254900,5.709600,1.834800,-5.422373,11.340763,2.010610,0.900000
139,0,9.600000,-11.193201,22.814046,1.459095,2.254900,5.709600,1.834800,-5.406784,11.328076,2.010720,0.900000
139,0,9.700000,-11.733061,23.946149,1.499398,2.254900,5.709600,1.834800,-5.383993,11.342772,2.010841,0.900000
139,0,9.800000,-12.270000,25.082600,1.539700,2.254900,5.709600,1.834800,-5.372400,11.292000,2.011440,0.900000
139,0,9.900000,-12.807400,26.213600,1.579500,2.254900,5.709600,1.834800,-5.373600,11.319700,2.011460,0.900000
139,0,10.000000,-13.343200,27.343500,1.619400,2.254900,5.709600,1.834800,-5.357600,11.308800,2.011430,0.900000
139,0,10.100000,-13.877500,28.472300,1.659300,2.254900,5.709600,1.834800,-5.325400,11.259800,2.011410,0.900000
139,0,10.200000,-14.410400,29.599900,1.699500,2.254900,5.709600,1.834800,-5.330700,11.284900,2.011380,0.900000
139,0,10.300000,-14.942200,30.726200,1.739900,2.254900,5.709600,1.834800,-5.321500,11.271800,2.011400,0.900000
139,0,10.400000,-15.473200,31.851200,1.780800,2.254900,5.709600,1.834800,-5.299400,11.220700,2.011410,0.900000
139,0,10.500000,-16.004100,32.974700,1.822000,2.254900,5.709600,1.834800,-5.300300,11.206600,2.011420,0.900000
139,0,10.600000,-16.535400,34.096900,1.863600,2.254900,5.709600,1.834800,-5.323400,11.227200,2.011420,0.900000
139,0,10.700000,-17.067400,35.217200,1.905700,2.254900,5.709600,1.834800,-5.331600,11.206300,2.011410,0.900000
139,0,10.800000,-17.600300,36.335200,1.948100,2.254900,5.709600,1.834800,-5.322800,11.143800,2.011400,0.900000
139,0,10.900000,-18.134100,37.450300,1.990700,2.254900,5.709600,1.834800,-5.348200,11.151300,2.011410,0.900000
139,0,11.000000,-18.668500,38.562400,2.033500,2.254900,5.709600,1.834800,-5.353900,11.118900,2.011440,0.900000
139,0,11.100000,-19.203400,39.671100,2.076400,2.254900,5.709600,1.834800,-5.339700,11.047300,2.011480,0.900000
139,0,11.200000,-19.738500,40.776200,2.119400,2.254900,5.709600,1.834800,-5.358500,11.047400,2.011540,0.900000
139,0,11.300000,-20.273600,41.877600,2.162500,2.254900,5.709600,1.834800,-5.357200,11.010000,2.011590,0.900000
139,0,11.400000,-20.808500,42.975200,2.205600,2.254900,5.709600,1.834800,-5.335400,10.935800,2.011620,0.900000
139,0,11.500000,-21.342800,44.069100,2.248700,2.254900,5.709600,1.834800,-5.328400,10.898300,2.011630,0.900000
139,0,11.600000,-21.876300,45.159200,2.291800,2.254900,5.709600,1.834800,-5.334900,10.897700,2.011650,0.900000
139,0,11.700000,-22.408400,46.245700,2.334600,2.254900,5.709600,1.834800,-5.319500,10.862300,2.011660,0.900000
139,0,11.800000,-22.938800,47.328700,2.377300,2.254900,5.709600,1.834800,-5.283500,10.792300,2.011680,0.900000
139,0,11.900000,-23.467200,48.408400,2.419600,2.254900,5.709600,1.834800,-5.280300,10.794200,2.011730,0.900000
139,0,12.000000,-23.993400,49.484700,2.461500,2.254900,5.709600,1.834800,-5.258200,10.759800,2.011760,0.900000
139,0,12.100000,-24.517400,50.557400,2.502900,2.254900,5.709600,1.834800,-5.218000,10.688500,2.011770,0.900000
139,0,12.200000,-25.039000,51.626600,2.543900,2.254900,5.709600,1.834800,-5.194500,10.651000,2.011790,0.900000
139,0,12.300000,-25.558300,52.691800,2.584500,2.254900,5.709600,1.834800,-5.187900,10.645900,2.011800,0.900000
139,0,12.400000,-26.075200,53.752900,2.624600,2.254900,5.709600,1.834800,-5.163900,10.601600,2.011810,0.900000
139,0,12.500000,-26.589700,54.809300,2.664200,2.254900,5.709600,1.834800,-5.122100,10.518100,2.011810,0.900000
139,0,12.600000,-27.101700,55.860600,2.703400,2.254900,5.709600,1.834800,-5.112900,10.499800,2.011820,0.900000
139,0,12.700000,-27.610900,56.906400,2.742400,2.254900,5.709600,1.834800,-5.084900,10.441900,2.011830,0.900000
139,0,12.800000,-28.117300,57.946200,2.781000,2.254900,5.709600,1.834800,-5.037900,10.344900,2.011830,0.900000
139,0,12.900000,-28.620500,58.979500,2.819500,2.254900,5.709600,1.834800,-5.021200,10.311400,2.011840,0.900000
139,0,13.000000,-29.120200,60.005700,2.857900,2.254900,5.709600,1.834800,-4.984400,10.237600,2.011840,0.900000
139,0,13.100000,-29.616000,61.024200,2.896400,2.254900,5.709600,1.834800,-4.927400,10.122900,2.011850,0.900000
139,0,13.200000,-30.107600,62.034300,2.934900,2.254900,5.709600,1.834800,-4.898700,10.067200,2.011840,0.900000
139,0,13.300000,-30.594400,63.034900,2.973600,2.254900,5.709600,1.834800,-4.848500,9.968600,2.011830,0.900000
139,0,13.400000,-31.076000,64.025300,3.012500,2.254900,5.709600,1.834800,-4.776500,9.827300,2.011810,0.900000
139,0,13.500000,-31.551600,65.004300,3.051700,2.254900,5.709600,1.834800,-4.714400,9.708900,2.011770,0.900000
139,0,13.600000,-32.020700,65.970900,3.091000,2.254900,5.709600,1.834800,-4.662000,9.612400,2.011760,0.900000
139,0,13.700000,-32.482700,66.924200,3.130600,2.254900,5.709600,1.834800,-4.588600,9.474600,2.011770,0.900000
139,0,13.800000,-32.937200,67.863300,3.170200,2.254900,5.709600,1.834800,-4.495500,9.297600,2.011790,0.900000
139,0,13.900000,-33.383600,68.787400,3.210000,2.254900,5.709600,1.834800,-4.427800,9.174800,2.011780,0.900000
139,0,14.000000,-33.821600,69.695800,3.249700,2.254900,5.709600,1.834800,-4.342000,9.015500,2.011790,0.900000
139,0,14.100000,-34.250800,70.588000,3.289300,2.254900,5.709600,1.834800,-4.240600,8.822700,2.011790,0.900000
139,0,14.200000,-34.671300,71.463800,3.328800,2.254900,5.709600,1.834800,-4.153200,8.657600,2.011790,0.900000
139,0,14.300000,-35.083100,72.322900,3.367800,2.254900,5.709600,1.834800,-4.080300,8.520600,2.011780,0.900000
139,0,14.400000,-35.486300,73.165600,3.406500,2.254900,5.709600,1.834800,-3.995700,8.356400,2.011790,0.900000
139,0,14.500000,-35.881200,73.992000,3.444600,2.254900,5.709600,1.834800,-3.901400,8.169000,2.011790,0.900000
139,0,14.600000,-36.268100,74.802600,3.482100,2.254900,5.709600,1.834800,-3.837200,8.041700,2.011790,0.900000
139,0,14.700000,-36.647600,75.598200,3.519000,2.254900,5.709600,1.834800,-3.765000,7.895800,2.011790,0.900000
139,0,14.800000,-37.020100,76.379700,3.555200,2.254900,5.709600,1.834800,-3.686400,7.735000,2.011780,0.900000
139,0,14.900000,-37.386300,77.148200,3.590800,2.254900,5.709600,1.834800,-3.638700,7.638000,2.011780,0.900000
139,0,15.000000,-37.746900,77.905200,3.625600,2.254900,5.709600,1.834800,-3.585900,7.530000,2.011780,0.900000
139,0,15.100000,-38.102500,78.652200,3.659900,2.254900,5.709600,1.834800,-3.529300,7.413600,2.011780,0.900000
139,0,15.200000,-38.454100,79.390800,3.693700,2.254900,5.709600,1.834800,-3.492900,7.339600,2.011780,0.900000
139,0,15.300000,-38.802500,80.123000,3.727000,2.254900,5.709600,1.834800,-3.476600,7.307600,2.011780,0.900000
139,0,15.400000,-39.148500,80.850400,3.760000,2.254900,5.709600,1.834800,-3.457400,7.268600,2.011780,0.900000
139,0,15.500000,-39.493000,81.574700,3.792800,2.254900,5.709600,1.834800,-3.435200,7.222300,2.011770,0.900000
139,0,15.600000,-39.836900,82.297700,3.825600,2.254900,5.709600,1.834800,-3.431800,7.215200,2.011770,0.900000
140,0,10.300000,-96.417000,216.206600,1.268800,1.740000,4.030000,1.638600,-3.780700,3.880200,2.521540,0.900000
140,0,10.400000,-96.795900,216.595300,1.286400,1.740000,4.030000,1.638600,-3.780300,3.886600,2.467190,0.900000
140,0,10.500000,-97.174600,216.985400,1.304200,1.740000,4.030000,1.638600,-3.776000,3.908300,2.412830,0.900000
140,0,10.600000,-97.552500,217.378500,1.322000,1.740000,4.030000,1.638600,-3.776100,3.960800,2.362460,0.900000
140,0,10.700000,-97.928800,217.776500,1.340000,1.740000,4.030000,1.638600,-3.753500,4.018100,2.312090,0.900000
140,0,10.800000,-98.302200,218.181100,1.358300,1.740000,4.030000,1.638600,-3.705600,4.080200,2.261600,0.900000
140,0,10.900000,-98.671400,218.594200,1.376900,1.740000,4.030000,1.638600,-3.667200,4.188200,2.211340,0.900000
140,0,11.000000,-99.034700,219.017600,1.395900,1.740000,4.030000,1.638600,-3.600700,4.301600,2.160980,0.900000
140,0,11.100000,-99.390500,219.453300,1.415200,1.740000,4.030000,1.638600,-3.508000,4.417800,2.131820,0.900000
140,0,11.200000,-99.737700,219.902900,1.435000,1.740000,4.030000,1.638600,-3.427700,4.577700,2.102660,0.900000
140,0,11.300000,-100.075100,220.367600,1.455300,1.740000,4.030000,1.638600,-3.327500,4.734100,2.073510,0.900000
140,0,11.400000,-100.402300,220.848400,1.476100,1.740000,4.030000,1.638600,-3.209800,4.883500,2.044340,0.900000
140,0,11.500000,-100.718400,221.346200,1.497500,1.740000,4.030000,1.638600,-3.098300,5.054900,2.015170,0.900000
140,0,11.600000,-101.023100,221.861400,1.519300,1.740000,4.030000,1.638600,-2.993200,5.247500,1.986010,0.900000
140,0,11.700000,-101.316200,222.394300,1.541600,1.740000,4.030000,1.638600,-2.875700,5.425000,1.956840,0.900000
140,0,11.800000,-101.597500,222.945000,1.564300,1.740000,4.030000,1.638600,-2.748600,5.583400,1.927670,0.900000
140,0,11.900000,-101.867000,223.513200,1.587400,1.740000,4.030000,1.638600,-2.641000,5.776500,1.898510,0.900000
140,0,12.000000,-102.125000,224.098700,1.610900,1.740000,4.030000,1.638600,-2.528600,5.947800,1.869350,0.900000
140,0,12.100000,-102.372000,224.701100,1.634600,1.740000,4.030000,1.638600,-2.415800,6.094200,1.860950,0.900000
140,0,12.200000,-102.609100,225.319900,1.658600,1.740000,4.030000,1.638600,-2.322700,6.254100,1.852550,0.900000
140,0,12.300000,-102.837500,225.954400,1.682700,1.740000,4.030000,1.638600,-2.250700,6.427500,1.844160,0.900000
140,0,12.400000,-103.058600,226.603700,1.707100,1.740000,4.030000,1.638600,-2.184200,6.572000,1.835760,0.900000
140,0,12.500000,-103.273700,227.267000,1.731700,1.740000,4.030000,1.638600,-2.122200,6.686500,1.827490,0.900000
140,0,12.600000,-103.483900,227.943600,1.756400,1.740000,4.030000,1.638600,-2.085900,6.837700,1.818960,0.900000
140,0,12.700000,-103.690300,228.632700,1.781300,1.740000,4.030000,1.638600,-2.054500,6.961500,1.810560,0.900000
140,0,12.800000,-103.894300,229.334100,1.806200,1.740000,4.030000,1.638600,-2.026700,7.058700,1.802160,0.900000
140,0,12.900000,-104.096500,230.047200,1.831300,1.740000,4.030000,1.638600,-2.017700,7.198500,1.793770,0.900000
140,0,13.000000,-104.297300,230.771800,1.856500,1.740000,4.030000,1.638600,-2.004700,7.309000,1.785360,0.900000
140,0,13.100000,-104.496900,231.507100,1.881900,1.740000,4.030000,1.638600,-1.987400,7.386100,1.776970,0.900000
140,0,13.200000,-104.695500,232.251900,1.907300,1.740000,4.030000,1.638600,-1.985600,7.499500,1.762830,0.900000
140,0,13.300000,-104.893400,233.004900,1.932900,1.740000,4.030000,1.638600,-1.978600,7.571400,1.748690,0.900000
140,0,13.400000,-105.090700,233.764100,1.958600,1.740000,4.030000,1.638600,-1.965400,7.594900,1.734550,0.900000
140,0,13.500000,-105.287300,234.526900,1.984300,1.740000,4.030000,1.638600,-1.959100,7.616300,1.720400,0.900000
140,0,13.600000,-105.483300,235.290400,2.010000,1.740000,4.030000,1.638600,-1.956300,7.620000,1.706270,0.900000
