track_id,cls,t,x,y,z,w,l,h,vx,vy,theta,conf
100,0,13.300,-97.8795,205.6458,1.3366,1.7400,4.0300,1.4100,0.8512,-1.5692,-1.18365,0.90
100,0,13.400,-97.7942,205.4886,1.3360,1.7400,4.0300,1.4100,0.8511,-1.5695,-1.18365,0.90
100,0,13.500,-97.7089,205.3313,1.3355,1.7400,4.0300,1.4100,0.8494,-1.5699,-1.18365,0.90
100,0,13.600,-97.6240,205.1740,1.3350,1.7400,4.0300,1.4100,0.8475,-1.5751,-1.18365,0.90
100,0,13.700,-97.5396,205.0167,1.3345,1.7400,4.0300,1.4100,0.8404,-1.5751,-1.18365,0.90
100,0,13.800,-97.4561,204.8594,1.3340,1.7400,4.0300,1.4100,0.8304,-1.5696,-1.18365,0.90
100,0,13.900,-97.3732,204.7021,1.3335,1.7400,4.0300,1.4100,0.8291,-1.5735,-1.18365,0.90
100,0,14.000,-97.2905,204.5451,1.3330,1.7400,4.0300,1.4100,0.8312,-1.5778,-1.18365,0.90
101,0,3.700,-65.6757,120.1639,2.8778,1.9227,4.4369,1.5793,3.2417,-1.5929,0.01395,0.90
101,0,3.800,-65.3509,120.0043,2.9002,1.9227,4.4369,1.5793,3.2549,-1.6014,-0.01838,0.90
101,0,3.900,-65.0257,119.8440,2.9226,1.9227,4.4369,1.5793,3.2600,-1.6129,-0.05074,0.90
101,0,4.000,-64.6998,119.6821,2.9450,1.9227,4.4369,1.5793,3.2552,-1.6290,-0.08309,0.90
101,0,4.100,-64.3733,119.5176,2.9675,1.9227,4.4369,1.5793,3.2724,-1.6662,-0.11549,0.90
101,0,4.200,-64.0462,119.3493,2.9900,1.9227,4.4369,1.5793,3.2766,-1.7090,-0.14794,0.90
101,0,4.300,-63.7189,119.1762,3.0126,1.9227,4.4369,1.5793,3.2646,-1.7580,-0.18036,0.90
101,0,4.400,-63.3920,118.9970,3.0351,1.9227,4.4369,1.5793,3.2676,-1.8313,-0.21278,0.90
101,0,4.500,-63.0663,118.8105,3.0576,1.9227,4.4369,1.5793,3.2535,-1.9116,-0.24519,0.90
101,0,4.600,-62.7422,118.6152,3.0799,1.9227,4.4369,1.5793,3.2232,-1.9979,-0.27759,0.90
101,0,4.700,-62.4203,118.4101,3.1020,1.9227,4.4369,1.5793,3.1992,-2.1026,-0.30997,0.90
101,0,4.800,-62.1011,118.1939,3.1239,1.9227,4.4369,1.5793,3.1818,-2.2256,-0.34236,0.90
101,0,4.900,-61.7848,117.9656,3.1456,1.9227,4.4369,1.5793,3.1504,-2.3511,-0.37474,0.90
101,0,5.000,-61.4718,117.7243,3.1672,1.9227,4.4369,1.5793,3.1060,-2.4764,-0.42523,0.90
101,0,5.100,-61.1624,117.4693,3.1885,1.9227,4.4369,1.5793,3.0799,-2.6243,-0.47571,0.90
101,0,5.200,-60.8567,117.2002,3.2096,1.9227,4.4369,1.5793,3.0423,-2.7682,-0.52617,0.90
101,0,5.300,-60.5548,116.9164,3.2306,1.9227,4.4369,1.5793,2.9951,-2.9057,-0.57662,0.90
101,0,5.400,-60.2565,116.6179,3.2515,1.9227,4.4369,1.5793,2.9191,-3.0122,-0.62704,0.90
101,0,5.503,-59.9614,116.3041,3.2724,1.9227,4.4369,1.5793,2.9412,-3.2183,-0.67749,0.90
101,0,5.600,-59.6691,115.9751,3.2932,1.9227,4.4369,1.5793,2.9580,-3.4221,-0.72791,0.90
101,0,5.700,-59.3791,115.6305,3.3141,1.9227,4.4369,1.5793,2.8821,-3.5181,-0.77836,0.90
101,0,5.800,-59.0915,115.2701,3.3350,1.9227,4.4369,1.5793,2.8697,-3.6889,-0.82885,0.90
101,0,5.900,-58.8060,114.8937,3.3562,1.9227,4.4369,1.5793,2.8495,-3.8485,-0.87932,0.90
101,0,6.000,-58.5224,114.5014,3.3775,1.9227,4.4369,1.5793,2.8219,-3.9935,-0.92980,0.90
101,0,6.100,-58.2405,114.0934,3.3991,1.9227,4.4369,1.5793,2.8051,-4.1481,-0.98034,0.90
101,0,6.200,-57.9603,113.6702,3.4208,1.9227,4.4369,1.5793,2.7989,-4.3127,-1.03084,0.90
101,0,6.300,-57.6815,113.2321,3.4428,1.9227,4.4369,1.5793,2.7846,-4.4579,-1.08137,0.90
101,0,6.400,-57.4041,112.7798,3.4649,1.9227,4.4369,1.5793,2.7614,-4.5807,-1.08330,0.90
101,0,6.500,-57.1281,112.3141,3.4871,1.9227,4.4369,1.5793,2.7078,-4.6427,-1.08523,0.90
101,0,6.603,-56.8537,111.8361,3.5093,1.9227,4.4369,1.5793,2.7401,-4.8443,-1.08714,0.90
101,0,6.700,-56.5808,111.3466,3.5314,1.9227,4.4369,1.5793,2.7633,-5.0257,-1.08906,0.90
101,0,6.800,-56.3097,110.8467,3.5533,1.9227,4.4369,1.5793,2.7063,-5.0518,-1.09095,0.90
101,0,6.900,-56.0403,110.3376,3.5750,1.9227,4.4369,1.5793,2.6888,-5.1399,-1.09282,0.90
101,0,7.000,-55.7727,109.8201,3.5963,1.9227,4.4369,1.5793,2.6614,-5.2000,-1.09474,0.90
101,0,7.100,-55.5070,109.2955,3.6171,1.9227,4.4369,1.5793,2.6421,-5.2655,-1.09663,0.90
101,0,7.200,-55.2432,108.7650,3.6373,1.9227,4.4369,1.5793,2.6314,-5.3386,-1.09862,0.90
101,0,7.300,-54.9814,108.2293,3.6569,1.9227,4.4369,1.5793,2.6125,-5.3859,-1.10048,0.90
101,0,7.400,-54.7214,107.6892,3.6758,1.9227,4.4369,1.5793,2.5856,-5.4073,-1.10237,0.90
101,0,7.500,-54.4633,107.1457,3.6939,1.9227,4.4369,1.5793,2.5680,-5.4399,-1.10426,0.90
101,0,7.600,-54.2068,106.5991,3.7112,1.9227,4.4369,1.5793,2.5598,-5.4854,-1.10608,0.90
101,0,7.700,-53.9520,106.0501,3.7276,1.9227,4.4369,1.5793,2.5437,-5.5083,-1.10802,0.90
101,0,7.800,-53.6988,105.4989,3.7431,1.9227,4.4369,1.5793,2.5201,-5.5103,-1.10991,0.90
101,0,7.900,-53.4470,104.9458,3.7577,1.9227,4.4369,1.5793,2.5145,-5.5488,-1.11172,0.90
101,0,8.000,-53.1965,104.3907,3.7714,1.9227,4.4369,1.5793,2.5014,-5.5697,-1.11365,0.90
101,0,8.100,-52.9474,103.8334,3.7842,1.9227,4.4369,1.5793,2.4811,-5.5727,-1.11540,0.90
101,0,8.200,-52.6993,103.2740,3.7962,1.9227,4.4369,1.5793,2.4703,-5.5952,-1.11701,0.90
101,0,8.300,-52.4523,102.7122,3.8074,1.9227,4.4369,1.5793,2.4691,-5.6379,-1.11523,0.90
101,0,8.400,-52.2062,102.1479,3.8177,1.9227,4.4369,1.5793,2.4613,-5.6628,-1.11349,0.90
101,0,8.500,-51.9607,101.5812,3.8272,1.9227,4.4369,1.5793,2.4467,-5.6680,-1.11187,0.90
101,0,8.600,-51.7159,101.0121,3.8359,1.9227,4.4369,1.5793,2.4499,-5.7096,-1.11013,0.90
101,0,8.700,-51.4714,100.4407,3.8439,1.9227,4.4369,1.5793,2.4468,-5.7318,-1.10830,0.90
101,0,8.800,-51.2272,99.8672,3.8510,1.9227,4.4369,1.5793,2.4380,-5.7343,-1.10658,0.90
101,0,8.900,-50.9829,99.2916,3.8573,1.9227,4.4369,1.5793,2.4480,-5.7733,-1.10497,0.90
101,0,9.000,-50.7382,98.7141,3.8628,1.9227,4.4369,1.5793,2.4532,-5.7931,-1.10336,0.90
101,0,9.100,-50.4929,98.1346,3.8676,1.9227,4.4369,1.5793,2.4535,-5.7957,-1.10175,0.90
101,0,9.200,-50.2466,97.5527,3.8715,1.9227,4.4369,1.5793,2.4735,-5.8380,-1.10013,0.90
101,0,9.300,-49.9988,96.9686,3.8745,1.9227,4.4369,1.5793,2.4896,-5.8626,-1.09852,0.90
101,0,9.400,-49.7493,96.3818,3.8768,1.9227,4.4369,1.5793,2.5027,-5.8728,-1.09690,0.90
101,0,9.500,-49.4973,95.7917,3.8781,1.9227,4.4369,1.5793,2.5305,-5.9103,-1.09530,0.90
101,0,9.600,-49.2422,95.1974,3.8786,1.9227,4.4369,1.5793,2.5745,-5.9783,-1.09367,0.90
101,0,9.700,-48.9831,94.5976,3.8782,1.9227,4.4369,1.5793,2.6187,-6.0400,-1.09202,0.90
101,0,9.800,-48.7192,93.9910,3.8770,1.9227,4.4369,1.5793,2.6638,-6.0969,-1.09035,0.90
101,0,9.900,-48.4493,93.3759,3.8748,1.9227,4.4369,1.5793,2.7354,-6.2081,-1.08867,0.90
101,0,10.000,-48.1728,92.7511,3.8716,1.9227,4.4369,1.5793,2.8060,-6.3109,-1.08704,0.90
101,0,10.100,-47.8889,92.1154,3.8675,1.9227,4.4369,1.5793,2.8744,-6.4041,-1.08540,0.90
101,0,10.200,-47.5968,91.4677,3.8624,1.9227,4.4369,1.5793,2.9689,-6.5507,-1.08628,0.90
101,0,10.300,-47.2959,90.8070,3.8563,1.9227,4.4369,1.5793,3.0592,-6.6848,-1.08626,0.90
101,0,10.400,-46.9858,90.1326,3.8490,1.9227,4.4369,1.5793,3.1423,-6.8016,-1.08625,0.90
101,0,10.500,-46.6662,89.4440,3.8406,1.9227,4.4369,1.5793,3.2360,-6.9423,-1.08624,0.90
101,0,10.600,-46.3373,88.7414,3.8309,1.9227,4.4369,1.5793,3.3388,-7.1054,-1.08624,0.90
101,0,10.700,-45.9994,88.0248,3.8199,1.9227,4.4369,1.5793,3.4272,-7.2435,-1.08624,0.90
101,0,10.800,-45.6528,87.2946,3.8075,1.9227,4.4369,1.5793,3.4993,-7.3557,-1.08626,0.90
101,0,10.900,-45.2981,86.5508,3.7937,1.9227,4.4369,1.5793,3.5880,-7.5151,-1.08625,0.90
101,0,11.000,-44.9361,85.7936,3.7783,1.9227,4.4369,1.5793,3.6573,-7.6492,-1.08621,0.90
101,0,11.100,-44.5677,85.0230,3.7613,1.9227,4.4369,1.5793,3.7066,-7.7568,-1.08617,0.90
101,0,11.200,-44.1934,84.2392,3.7427,1.9227,4.4369,1.5793,3.7740,-7.9141,-1.08609,0.90
101,0,11.300,-43.8139,83.4424,3.7223,1.9227,4.4369,1.5793,3.8238,-8.0432,-1.08603,0.90
101,0,11.400,-43.4297,82.6328,3.7002,1.9227,4.4369,1.5793,3.8567,-8.1426,-1.08599,0.90
101,0,11.500,-43.0410,81.8107,3.6763,1.9227,4.4369,1.5793,3.8992,-8.2657,-1.08598,0.90
101,0,11.600,-42.6483,80.9764,3.6505,1.9227,4.4369,1.5793,3.9526,-8.4133,-1.08595,0.90
101,0,11.700,-42.2516,80.1302,3.6229,1.9227,4.4369,1.5793,3.9914,-8.5297,-1.08678,0.90
101,0,11.800,-41.8511,79.2727,3.5935,1.9227,4.4369,1.5793,4.0153,-8.6130,-1.08920,0.90
101,0,11.900,-41.4469,78.4043,3.5622,1.9227,4.4369,1.5793,4.0639,-8.7474,-1.09158,0.90
101,0,12.000,-41.0394,77.5256,3.5292,1.9227,4.4369,1.5793,4.0974,-8.8468,-1.09398,0.90
101,0,12.100,-40.6286,76.6373,3.4945,1.9227,4.4369,1.5793,4.1152,-8.9093,-1.09641,0.90
101,0,12.200,-40.2147,75.7402,3.4583,1.9227,4.4369,1.5793,4.1445,-8.9933,-1.09883,0.90
101,0,12.300,-39.7980,74.8351,3.4206,1.9227,4.4369,1.5793,4.1858,-9.0994,-1.10126,0.90
101,0,12.400,-39.3787,73.9228,3.3817,1.9227,4.4369,1.5793,4.2118,-9.1674,-1.10370,0.90
101,0,12.500,-38.9568,73.0041,3.3417,1.9227,4.4369,1.5793,4.2222,-9.1968,-1.10614,0.90
101,0,12.600,-38.5326,72.0798,3.3010,1.9227,4.4369,1.5793,4.2589,-9.2792,-1.10857,0.90
101,0,12.700,-38.1062,71.1507,3.2596,1.9227,4.4369,1.5793,4.2800,-9.3240,-1.11100,0.90
101,0,12.800,-37.6777,70.2175,3.2179,1.9227,4.4369,1.5793,4.2856,-9.3311,-1.11343,0.90
101,0,12.900,-37.2474,69.2809,3.1760,1.9227,4.4369,1.5793,4.3181,-9.3936,-1.11586,0.90
101,0,13.000,-36.8153,68.3414,3.1342,1.9227,4.4369,1.5793,4.3347,-9.4193,-1.11830,0.90
101,0,13.100,-36.3816,67.3996,3.0926,1.9227,4.4369,1.5793,4.3351,-9.4087,-1.12074,0.90
101,0,13.200,-35.9466,66.4559,3.0514,1.9227,4.4369,1.5793,4.3626,-9.4565,-1.12319,0.90
101,0,13.300,-35.5103,65.5108,3.0107,1.9227,4.4369,1.5793,4.3743,-9.4692,-1.12564,0.90
101,0,13.400,-35.0729,64.5646,2.9706,1.9227,4.4369,1.5793,4.3702,-9.4475,-1.12811,0.90
101,0,13.500,-34.6345,63.6176,2.9313,1.9227,4.4369,1.5793,4.3792,-9.4538,-1.13060,0.90
101,0,13.600,-34.1953,62.6702,2.8927,1.9227,4.4369,1.5793,4.4004,-9.4875,-1.13307,0.90
101,0,13.700,-33.7556,61.7226,2.8549,1.9227,4.4369,1.5793,4.4041,-9.4862,-1.13549,0.90
101,0,13.800,-33.3157,60.7754,2.8180,1.9227,4.4369,1.5793,4.3898,-9.4499,-1.13792,0.90
101,0,13.900,-32.8759,59.8289,2.7817,1.9227,4.4369,1.5793,4.4009,-9.4723,-1.13868,0.90
101,0,14.000,-32.4367,58.8835,2.7463,1.9227,4.4369,1.5793,4.3941,-9.4589,-1.13943,0.90
101,0,14.100,-31.9983,57.9397,2.7114,1.9227,4.4369,1.5793,4.3696,-9.4096,-1.14019,0.90
101,0,14.200,-31.5610,56.9979,2.6772,1.9227,4.4369,1.5793,4.3568,-9.3869,-1.14095,0.90
101,0,14.300,-31.1252,56.0586,2.6434,1.9227,4.4369,1.5793,4.3561,-9.3901,-1.14171,0.90
101,0,14.400,-30.6910,55.1225,2.6100,1.9227,4.4369,1.5793,4.3393,-9.3564,-1.14247,0.90
101,0,14.500,-30.2585,54.1899,2.5770,1.9227,4.4369,1.5793,4.3079,-9.2877,-1.14323,0.90
101,0,14.600,-29.8277,53.2613,2.5442,1.9227,4.4369,1.5793,4.3068,-9.2798,-1.14399,0.90
101,0,14.700,-29.3983,52.3364,2.5115,1.9227,4.4369,1.5793,4.2932,-9.2400,-1.14475,0.90
101,0,14.800,-28.9702,51.4157,2.4789,1.9227,4.4369,1.5793,4.2670,-9.1678,-1.14551,0.90
101,0,14.900,-28.5432,50.4992,2.4464,1.9227,4.4369,1.5793,4.2710,-9.1568,-1.14628,0.90
101,0,15.000,-28.1172,49.5868,2.4138,1.9227,4.4369,1.5793,4.2634,-9.1165,-1.14704,0.90
101,0,15.100,-27.6917,48.6784,2.3813,1.9227,4.4369,1.5793,4.2444,-9.0481,-1.14780,0.90
101,0,15.200,-27.2666,47.7737,2.3488,1.9227,4.4369,1.5793,4.2403,-9.0139,-1.14856,0.90
101,0,15.300,-26.8420,46.8721,2.3162,1.9227,4.4369,1.5793,4.2506,-9.0149,-1.14932,0.90
101,0,15.400,-26.4177,45.9731,2.2837,1.9227,4.4369,1.5793,4.2490,-8.9919,-1.15008,0.90
101,0,15.500,-25.9933,45.0762,2.2511,1.9227,4.4369,1.5793,4.2342,-8.9471,-1.15085,0.90
101,0,15.600,-25.5692,44.1802,2.2186,1.9227,4.4369,1.5793,4.2335,-8.9419,-1.15161,0.90
102,0,10.800,11.1725,-33.9805,-0.5678,1.7400,4.0300,1.6925,1.8305,-4.1049,-1.12787,0.90
102,0,10.900,11.3559,-34.3918,-0.5832,1.7400,4.0300,1.6925,1.8371,-4.1205,-1.12787,0.90
102,0,11.000,11.5394,-34.8035,-0.5986,1.7400,4.0300,1.6925,1.8383,-4.1255,-1.12787,0.90
102,0,11.100,11.7231,-35.2158,-0.6141,1.7400,4.0300,1.6925,1.8334,-4.1179,-1.12787,0.90
102,0,11.200,11.9068,-35.6287,-0.6296,1.7400,4.0300,1.6925,1.8401,-4.1371,-1.12787,0.90
102,0,11.300,12.0906,-36.0420,-0.6451,1.7400,4.0300,1.6925,1.8401,-4.1406,-1.12787,0.90
102,0,11.400,12.2744,-36.4557,-0.6607,1.7400,4.0300,1.6925,1.8325,-4.1276,-1.12787,0.90
102,0,11.500,12.4578,-36.8692,-0.6763,1.7400,4.0300,1.6925,1.8287,-4.1247,-1.12787,0.90
102,0,11.600,12.6408,-37.2822,-0.6920,1.7400,4.0300,1.6925,1.8293,-4.1311,-1.12787,0.90
102,0,11.700,12.8232,-37.6943,-0.7076,1.7400,4.0300,1.6925,1.8221,-4.1196,-1.12769,0.90
102,0,11.800,13.0047,-38.1050,-0.7233,1.7400,4.0300,1.6925,1.8072,-4.0904,-1.12763,0.90
102,0,11.900,13.1853,-38.5140,-0.7389,1.7400,4.0300,1.6925,1.8025,-4.0840,-1.12787,0.90
102,0,12.000,13.3648,-38.9207,-0.7545,1.7400,4.0300,1.6925,1.7901,-4.0596,-1.12787,0.90
102,0,12.100,13.5429,-39.3248,-0.7700,1.7400,4.0300,1.6925,1.7700,-4.0176,-1.12771,0.90
102,0,12.200,13.7195,-39.7258,-0.7854,1.7400,4.0300,1.6925,1.7541,-3.9846,-1.12787,0.90
102,0,12.300,13.8944,-40.1233,-0.8007,1.7400,4.0300,1.6925,1.7417,-3.9612,-1.12787,0.90
102,0,12.400,14.0673,-40.5170,-0.8159,1.7400,4.0300,1.6925,1.7216,-3.9227,-1.12787,0.90
102,0,12.500,14.2382,-40.9068,-0.8310,1.7400,4.0300,1.6925,1.6949,-3.8715,-1.12787,0.90
102,0,12.600,14.4070,-41.2928,-0.8459,1.7400,4.0300,1.6925,1.6794,-3.8485,-1.12787,0.90
102,0,12.700,14.5737,-41.6755,-0.8608,1.7400,4.0300,1.6925,1.6594,-3.8162,-1.12787,0.90
102,0,12.800,14.7384,-42.0551,-0.8755,1.7400,4.0300,1.6925,1.6364,-3.7755,-1.12787,0.90
102,0,12.900,14.9016,-42.4321,-0.8902,1.7400,4.0300,1.6925,1.6284,-3.7647,-1.12787,0.90
102,0,13.000,15.0637,-42.8070,-0.9048,1.7400,4.0300,1.6925,1.6190,-3.7474,-1.12787,0.90
102,0,13.100,15.2250,-43.1805,-0.9194,1.7400,4.0300,1.6925,1.6079,-3.7247,-1.12787,0.90
102,0,13.200,15.3859,-43.5534,-0.9339,1.7400,4.0300,1.6925,1.6060,-3.7213,-1.12787,0.90
103,0,7.300,-76.8464,130.6897,2.8893,1.8770,4.7193,2.1499,0.0273,-0.1293,0.36563,0.90
103,0,7.400,-76.8437,130.6768,2.8878,1.8770,4.7193,2.1499,0.0280,-0.1291,0.36560,0.90
103,0,7.500,-76.8408,130.6638,2.8863,1.8770,4.7193,2.1499,0.0302,-0.1285,0.36559,0.90
103,0,7.600,-76.8376,130.6510,2.8849,1.8770,4.7193,2.1499,0.0334,-0.1277,0.36566,0.90
103,0,7.700,-76.8341,130.6383,2.8834,1.8770,4.7193,2.1499,0.0377,-0.1259,0.36536,0.90
103,0,7.800,-76.8301,130.6259,2.8821,1.8770,4.7193,2.1499,0.0440,-0.1222,0.36559,0.90
103,0,7.900,-76.8253,130.6138,2.8807,1.8770,4.7193,2.1499,0.0536,-0.1174,0.36569,0.90
103,0,8.000,-76.8194,130.6024,2.8795,1.8770,4.7193,2.1499,0.0660,-0.1100,0.36565,0.90
103,0,8.100,-76.8121,130.5919,2.8784,1.8770,4.7193,2.1499,0.0807,-0.1004,0.36581,0.90
103,0,8.200,-76.8032,130.5823,2.8774,1.8770,4.7193,2.1499,0.0983,-0.0894,0.36613,0.90
103,0,8.300,-76.7924,130.5739,2.8765,1.8770,4.7193,2.1499,0.1186,-0.0771,0.36625,0.90
103,0,8.400,-76.7795,130.5669,2.8758,1.8770,4.7193,2.1499,0.1396,-0.0633,0.36633,0.90
103,0,8.500,-76.7646,130.5613,2.8752,1.8770,4.7193,2.1499,0.1575,-0.0494,0.36631,0.90
103,0,8.600,-76.7480,130.5570,2.8749,1.8770,4.7193,2.1499,0.1686,-0.0380,0.36645,0.90
103,0,8.700,-76.7309,130.5537,2.8746,1.8770,4.7193,2.1499,0.1710,-0.0296,0.36668,0.90
103,0,8.800,-76.7138,130.5511,2.8745,1.8770,4.7193,2.1499,0.1685,-0.0238,0.36676,0.90
103,0,8.900,-76.6971,130.5489,2.8745,1.8770,4.7193,2.1499,0.1643,-0.0203,0.36669,0.90
103,0,9.000,-76.6810,130.5470,2.8746,1.8770,4.7193,2.1499,0.1579,-0.0186,0.36662,0.90
103,0,9.100,-76.6656,130.5452,2.8748,1.8770,4.7193,2.1499,0.1491,-0.0180,0.36657,0.90
103,0,9.200,-76.6512,130.5434,2.8751,1.8770,4.7193,2.1499,0.1384,-0.0184,0.36651,0.90
103,0,9.300,-76.6380,130.5415,2.8754,1.8770,4.7193,2.1499,0.1249,-0.0196,0.36645,0.90
103,0,9.400,-76.6262,130.5395,2.8759,1.8770,4.7193,2.1499,0.1093,-0.0212,0.36639,0.90
103,0,9.500,-76.6161,130.5373,2.8763,1.8770,4.7193,2.1499,0.0934,-0.0237,0.36632,0.90
103,0,9.600,-76.6075,130.5348,2.8768,1.8770,4.7193,2.1499,0.0782,-0.0272,0.36628,0.90
103,0,9.700,-76.6004,130.5319,2.8773,1.8770,4.7193,2.1499,0.0640,-0.0312,0.36626,0.90
103,0,9.800,-76.5947,130.5285,2.8778,1.8770,4.7193,2.1499,0.0512,-0.0354,0.36628,0.90
103,0,9.900,-76.5902,130.5248,2.8784,1.8770,4.7193,2.1499,0.0402,-0.0400,0.36630,0.90
103,0,10.000,-76.5867,130.5206,2.8790,1.8770,4.7193,2.1499,0.0299,-0.0447,0.36626,0.90
103,0,10.100,-76.5842,130.5159,2.8796,1.8770,4.7193,2.1499,0.0206,-0.0498,0.36623,0.90
103,0,10.200,-76.5826,130.5106,2.8802,1.8770,4.7193,2.1499,0.0125,-0.0555,0.36619,0.90
103,0,10.300,-76.5817,130.5048,2.8809,1.8770,4.7193,2.1499,0.0055,-0.0609,0.36621,0.90
103,0,10.400,-76.5815,130.4984,2.8817,1.8770,4.7193,2.1499,-0.0000,-0.0658,0.36623,0.90
103,0,10.500,-76.5817,130.4916,2.8824,1.8770,4.7193,2.1499,-0.0045,-0.0702,0.36624,0.90
103,0,10.600,-76.5824,130.4844,2.8831,1.8770,4.7193,2.1499,-0.0078,-0.0737,0.36624,0.90
103,0,10.700,-76.5833,130.4769,2.8838,1.8770,4.7193,2.1499,-0.0094,-0.0756,0.36623,0.90
103,0,10.800,-76.5842,130.4693,2.8846,1.8770,4.7193,2.1499,-0.0090,-0.0757,0.36621,0.90
103,0,10.900,-76.5851,130.4617,2.8852,1.8770,4.7193,2.1499,-0.0075,-0.0747,0.36623,0.90
103,0,11.000,-76.5857,130.4543,2.8859,1.8770,4.7193,2.1499,-0.0053,-0.0726,0.36628,0.90
103,0,11.100,-76.5862,130.4472,2.8865,1.8770,4.7193,2.1499,-0.0024,-0.0694,0.36633,0.90
103,0,11.200,-76.5862,130.4404,2.8871,1.8770,4.7193,2.1499,0.0017,-0.0657,0.36643,0.90
103,0,11.300,-76.5858,130.4341,2.8876,1.8770,4.7193,2.1499,0.0068,-0.0610,0.36651,0.90
103,0,11.400,-76.5849,130.4283,2.8881,1.8770,4.7193,2.1499,0.0123,-0.0557,0.36656,0.90
103,0,11.500,-76.5834,130.4229,2.8886,1.8770,4.7193,2.1499,0.0173,-0.0508,0.36657,0.90
103,0,11.600,-76.5814,130.4181,2.8891,1.8770,4.7193,2.1499,0.0212,-0.0465,0.36660,0.90
103,0,11.700,-76.5791,130.4136,2.8895,1.8770,4.7193,2.1499,0.0227,-0.0429,0.36662,0.90
103,0,11.800,-76.5769,130.4095,2.8899,1.8770,4.7193,2.1499,0.0215,-0.0397,0.36666,0.90
103,0,11.900,-76.5748,130.4057,2.8903,1.8770,4.7193,2.1499,0.0184,-0.0375,0.36673,0.90
103,0,12.000,-76.5732,130.4020,2.8907,1.8770,4.7193,2.1499,0.0133,-0.0357,0.36678,0.90
103,0,12.100,-76.5721,130.3985,2.8911,1.8770,4.7193,2.1499,0.0069,-0.0339,0.36680,0.90
103,0,12.200,-76.5718,130.3952,2.8914,1.8770,4.7193,2.1499,0.0005,-0.0321,0.36683,0.90
103,0,12.300,-76.5721,130.3921,2.8918,1.8770,4.7193,2.1499,-0.0054,-0.0299,0.36685,0.90
103,0,12.400,-76.5729,130.3893,2.8921,1.8770,4.7193,2.1499,-0.0104,-0.0273,0.36685,0.90
103,0,12.500,-76.5741,130.3867,2.8924,1.8770,4.7193,2.1499,-0.0143,-0.0241,0.36686,0.90
103,0,12.600,-76.5757,130.3844,2.8926,1.8770,4.7193,2.1499,-0.0171,-0.0209,0.36687,0.90
103,0,12.700,-76.5776,130.3825,2.8929,1.8770,4.7193,2.1499,-0.0188,-0.0173,0.36689,0.90
103,0,12.800,-76.5795,130.3810,2.8931,1.8770,4.7193,2.1499,-0.0196,-0.0138,0.36690,0.90
103,0,12.900,-76.5815,130.3797,2.8933,1.8770,4.7193,2.1499,-0.0201,-0.0103,0.36691,0.90
103,0,13.000,-76.5835,130.3789,2.8935,1.8770,4.7193,2.1499,-0.0199,-0.0067,0.36691,0.90
103,0,13.100,-76.5855,130.3784,2.8937,1.8770,4.7193,2.1499,-0.0188,-0.0030,0.36692,0.90
103,0,13.200,-76.5873,130.3783,2.8938,1.8770,4.7193,2.1499,-0.0168,0.0008,0.36691,0.90
103,0,13.300,-76.5888,130.3786,2.8940,1.8770,4.7193,2.1499,-0.0141,0.0044,0.36690,0.90
103,0,13.400,-76.5901,130.3792,2.8940,1.8770,4.7193,2.1499,-0.0104,0.0081,0.36687,0.90
103,0,13.500,-76.5909,130.3802,2.8940,1.8770,4.7193,2.1499,-0.0059,0.0118,0.36680,0.90
103,0,13.600,-76.5913,130.3815,2.8940,1.8770,4.7193,2.1499,-0.0010,0.0154,0.36678,0.90
103,0,13.700,-76.5911,130.3833,2.8939,1.8770,4.7193,2.1499,0.0041,0.0188,0.36680,0.90
103,0,13.800,-76.5904,130.3853,2.8938,1.8770,4.7193,2.1499,0.0088,0.0220,0.36682,0.90
103,0,13.900,-76.5893,130.3877,2.8936,1.8770,4.7193,2.1499,0.0128,0.0249,0.36682,0.90
103,0,14.000,-76.5879,130.3903,2.8933,1.8770,4.7193,2.1499,0.0155,0.0270,0.36683,0.90
103,0,14.100,-76.5862,130.3931,2.8930,1.8770,4.7193,2.1499,0.0168,0.0286,0.36683,0.90
103,0,14.200,-76.5845,130.3960,2.8926,1.8770,4.7193,2.1499,0.0163,0.0293,0.36683,0.90
103,0,14.300,-76.5829,130.3989,2.8921,1.8770,4.7193,2.1499,0.0145,0.0289,0.36682,0.90
103,0,14.400,-76.5816,130.4018,2.8917,1.8770,4.7193,2.1499,0.0118,0.0269,0.36683,0.90
103,0,14.500,-76.5806,130.4043,2.8912,1.8770,4.7193,2.1499,0.0091,0.0236,0.36683,0.90
103,0,14.600,-76.5798,130.4065,2.8907,1.8770,4.7193,2.1499,0.0067,0.0201,0.36683,0.90
103,0,14.700,-76.5792,130.4083,2.8902,1.8770,4.7193,2.1499,0.0042,0.0165,0.36682,0.90
103,0,14.800,-76.5790,130.4098,2.8897,1.8770,4.7193,2.1499,0.0017,0.0131,0.36682,0.90
103,0,14.900,-76.5789,130.4109,2.8893,1.8770,4.7193,2.1499,-0.0004,0.0104,0.36682,0.90
103,0,15.000,-76.5790,130.4119,2.8888,1.8770,4.7193,2.1499,-0.0021,0.0083,0.36682,0.90
103,0,15.100,-76.5793,130.4126,2.8883,1.8770,4.7193,2.1499,-0.0034,0.0065,0.36682,0.90
103,0,15.200,-76.5797,130.4132,2.8879,1.8770,4.7193,2.1499,-0.0047,0.0053,0.36681,0.90
103,0,15.300,-76.5803,130.4137,2.8874,1.8770,4.7193,2.1499,-0.0058,0.0044,0.36681,0.90
103,0,15.400,-76.5809,130.4140,2.8870,1.8770,4.7193,2.1499,-0.0065,0.0037,0.36681,0.90
103,0,15.500,-76.5816,130.4144,2.8865,1.8770,4.7193,2.1499,-0.0069,0.0034,0.36680,0.90
103,0,15.600,-76.5823,130.4147,2.8861,1.8770,4.7193,2.1499,-0.0070,0.0034,0.36681,0.90
104,0,0.000,-12.1704,11.5852,1.1943,1.7400,4.2897,1.8231,-0.0937,0.1380,-1.11536,0.90
104,0,0.100,-12.1798,11.5990,1.1951,1.7400,4.2897,1.8231,-0.0940,0.1382,-1.11538,0.90
104,0,0.200,-12.1892,11.6128,1.1958,1.7400,4.2897,1.8231,-0.0936,0.1372,-1.11538,0.90
104,0,0.300,-12.1985,11.6264,1.1965,1.7400,4.2897,1.8231,-0.0929,0.1360,-1.11537,0.90
104,0,0.400,-12.2078,11.6401,1.1972,1.7400,4.2897,1.8231,-0.0936,0.1380,-1.11541,0.90
104,0,0.500,-12.2172,11.6540,1.1980,1.7400,4.2897,1.8231,-0.0948,0.1424,-1.11535,0.90
104,0,0.600,-12.2267,11.6685,1.1987,1.7400,4.2897,1.8231,-0.0960,0.1484,-1.11536,0.90
104,0,0.700,-12.2364,11.6837,1.1994,1.7400,4.2897,1.8231,-0.0975,0.1561,-1.11534,0.90
104,0,0.800,-12.2462,11.6998,1.2002,1.7400,4.2897,1.8231,-0.0984,0.1649,-1.11538,0.90
104,0,0.900,-12.2561,11.7167,1.2009,1.7400,4.2897,1.8231,-0.0974,0.1732,-1.11537,0.90
104,0,1.000,-12.2657,11.7344,1.2016,1.7400,4.2897,1.8231,-0.0932,0.1809,-1.11542,0.90
104,0,1.100,-12.2748,11.7529,1.2023,1.7400,4.2897,1.8231,-0.0864,0.1894,-1.11545,0.90
104,0,1.200,-12.2830,11.7722,1.2029,1.7400,4.2897,1.8231,-0.0765,0.1956,-1.11546,0.90
104,0,1.300,-12.2900,11.7920,1.2035,1.7400,4.2897,1.8231,-0.0643,0.1986,-1.11548,0.90
104,0,1.400,-12.2958,11.8120,1.2041,1.7400,4.2897,1.8231,-0.0512,0.2000,-1.11547,0.90
104,0,1.500,-12.3003,11.8319,1.2046,1.7400,4.2897,1.8231,-0.0376,0.1975,-1.11555,0.90
104,0,1.600,-12.3033,11.8514,1.2051,1.7400,4.2897,1.8231,-0.0248,0.1912,-1.11558,0.90
104,0,1.700,-12.3052,11.8702,1.2055,1.7400,4.2897,1.8231,-0.0143,0.1824,-1.11558,0.90
104,0,1.800,-12.3062,11.8880,1.2058,1.7400,4.2897,1.8231,-0.0073,0.1710,-1.11561,0.90
104,0,1.900,-12.3067,11.9044,1.2061,1.7400,4.2897,1.8231,-0.0039,0.1562,-1.11556,0.90
104,0,2.000,-12.3070,11.9192,1.2064,1.7400,4.2897,1.8231,-0.0031,0.1392,-1.11545,0.90
104,0,2.100,-12.3073,11.9323,1.2066,1.7400,4.2897,1.8231,-0.0040,0.1226,-1.11534,0.90
104,0,2.200,-12.3078,11.9437,1.2068,1.7400,4.2897,1.8231,-0.0061,0.1058,-1.11527,0.90
104,0,2.300,-12.3085,11.9534,1.2069,1.7400,4.2897,1.8231,-0.0088,0.0893,-1.11509,0.90
104,0,2.400,-12.3095,11.9616,1.2070,1.7400,4.2897,1.8231,-0.0119,0.0740,-1.11501,0.90
104,0,2.500,-12.3109,11.9683,1.2072,1.7400,4.2897,1.8231,-0.0150,0.0599,-1.11498,0.90
104,0,2.600,-12.3125,11.9736,1.2073,1.7400,4.2897,1.8231,-0.0180,0.0468,-1.11491,0.90
104,0,2.700,-12.3145,11.9776,1.2074,1.7400,4.2897,1.8231,-0.0206,0.0348,-1.11493,0.90
104,0,2.800,-12.3167,11.9805,1.2075,1.7400,4.2897,1.8231,-0.0230,0.0243,-1.11494,0.90
104,0,2.900,-12.3191,11.9825,1.2075,1.7400,4.2897,1.8231,-0.0248,0.0148,-1.11498,0.90
104,0,3.000,-12.3216,11.9835,1.2076,1.7400,4.2897,1.8231,-0.0258,0.0064,-1.11498,0.90
104,0,3.100,-12.3242,11.9837,1.2077,1.7400,4.2897,1.8231,-0.0263,-0.0008,-1.11501,0.90
104,0,3.200,-12.3269,11.9833,1.2078,1.7400,4.2897,1.8231,-0.0259,-0.0070,-1.11500,0.90
104,0,3.300,-12.3294,11.9823,1.2078,1.7400,4.2897,1.8231,-0.0245,-0.0121,-1.11495,0.90
104,0,3.400,-12.3318,11.9809,1.2079,1.7400,4.2897,1.8231,-0.0225,-0.0162,-1.11498,0.90
104,0,3.500,-12.3339,11.9791,1.2079,1.7400,4.2897,1.8231,-0.0198,-0.0194,-1.11496,0.90
104,0,3.600,-12.3357,11.9770,1.2079,1.7400,4.2897,1.8231,-0.0166,-0.0216,-1.11493,0.90
104,0,3.700,-12.3372,11.9748,1.2080,1.7400,4.2897,1.8231,-0.0129,-0.0232,-1.11487,0.90
104,0,3.800,-12.3383,11.9724,1.2080,1.7400,4.2897,1.8231,-0.0089,-0.0241,-1.11482,0.90
104,0,3.900,-12.3390,11.9700,1.2080,1.7400,4.2897,1.8231,-0.0047,-0.0244,-1.11480,0.90
104,0,4.000,-12.3393,11.9675,1.2080,1.7400,4.2897,1.8231,-0.0007,-0.0241,-1.11477,0.90
104,0,4.100,-12.3391,11.9651,1.2079,1.7400,4.2897,1.8231,0.0030,-0.0234,-1.11477,0.90
104,0,4.200,-12.3387,11.9628,1.2079,1.7400,4.2897,1.8231,0.0064,-0.0221,-1.11483,0.90
104,0,4.300,-12.3379,11.9607,1.2079,1.7400,4.2897,1.8231,0.0096,-0.0200,-1.11485,0.90
104,0,4.400,-12.3367,11.9588,1.2078,1.7400,4.2897,1.8231,0.0131,-0.0173,-1.11487,0.90
104,0,4.500,-12.3352,11.9573,1.2078,1.7400,4.2897,1.8231,0.0167,-0.0138,-1.11490,0.90
104,0,4.600,-12.3334,11.9561,1.2077,1.7400,4.2897,1.8231,0.0202,-0.0099,-1.11491,0.90
104,0,4.700,-12.3312,11.9553,1.2076,1.7400,4.2897,1.8231,0.0234,-0.0058,-1.11490,0.90
104,0,4.800,-12.3287,11.9549,1.2076,1.7400,4.2897,1.8231,0.0265,-0.0014,-1.11490,0.90
104,0,4.900,-12.3259,11.9550,1.2075,1.7400,4.2897,1.8231,0.0294,0.0034,-1.11490,0.90
104,0,5.000,-12.3228,11.9556,1.2074,1.7400,4.2897,1.8231,0.0316,0.0083,-1.11491,0.90
104,0,5.100,-12.3196,11.9567,1.2073,1.7400,4.2897,1.8231,0.0333,0.0132,-1.11490,0.90
104,0,5.200,-12.3162,11.9582,1.2072,1.7400,4.2897,1.8231,0.0342,0.0178,-1.11489,0.90
104,0,5.300,-12.3127,11.9602,1.2072,1.7400,4.2897,1.8231,0.0344,0.0218,-1.11488,0.90
104,0,5.400,-12.3093,11.9626,1.2071,1.7400,4.2897,1.8231,0.0339,0.0245,-1.11484,0.90
104,0,5.503,-12.3059,11.9652,1.2070,1.7400,4.2897,1.8231,0.0344,0.0272,-1.11480,0.90
104,0,5.600,-12.3024,11.9680,1.2069,1.7400,4.2897,1.8231,0.0346,0.0291,-1.11476,0.90
104,0,5.700,-12.2990,11.9709,1.2068,1.7400,4.2897,1.8231,0.0332,0.0293,-1.11474,0.90
104,0,5.800,-12.2958,11.9739,1.2067,1.7400,4.2897,1.8231,0.0317,0.0293,-1.11475,0.90
104,0,5.900,-12.2927,11.9768,1.2065,1.7400,4.2897,1.8231,0.0290,0.0286,-1.11474,0.90
104,0,6.000,-12.2900,11.9796,1.2064,1.7400,4.2897,1.8231,0.0252,0.0272,-1.11475,0.90
104,0,6.100,-12.2877,11.9823,1.2063,1.7400,4.2897,1.8231,0.0207,0.0256,-1.11480,0.90
104,0,6.200,-12.2858,11.9847,1.2062,1.7400,4.2897,1.8231,0.0160,0.0238,-1.11482,0.90
104,0,6.300,-12.2845,11.9870,1.2061,1.7400,4.2897,1.8231,0.0108,0.0215,-1.11486,0.90
104,0,6.400,-12.2837,11.9890,1.2060,1.7400,4.2897,1.8231,0.0054,0.0191,-1.11490,0.90
104,0,6.500,-12.2834,11.9908,1.2059,1.7400,4.2897,1.8231,0.0002,0.0166,-1.11495,0.90
104,0,6.603,-12.2836,11.9924,1.2059,1.7400,4.2897,1.8231,-0.0048,0.0146,-1.11497,0.90
104,0,6.700,-12.2844,11.9937,1.2058,1.7400,4.2897,1.8231,-0.0092,0.0122,-1.11501,0.90
104,0,6.800,-12.2855,11.9948,1.2058,1.7400,4.2897,1.8231,-0.0122,0.0094,-1.11502,0.90
104,0,6.900,-12.2868,11.9956,1.2057,1.7400,4.2897,1.8231,-0.0144,0.0068,-1.11502,0.90
104,0,7.000,-12.2883,11.9962,1.2057,1.7400,4.2897,1.8231,-0.0158,0.0042,-1.11505,0.90
104,0,7.100,-12.2900,11.9965,1.2057,1.7400,4.2897,1.8231,-0.0165,0.0016,-1.11506,0.90
104,0,7.200,-12.2916,11.9965,1.2057,1.7400,4.2897,1.8231,-0.0165,-0.0010,-1.11514,0.90
104,0,7.300,-12.2933,11.9963,1.2058,1.7400,4.2897,1.8231,-0.0157,-0.0035,-1.11513,0.90
104,0,7.400,-12.2948,11.9958,1.2059,1.7400,4.2897,1.8231,-0.0149,-0.0059,-1.11515,0.90
104,0,7.500,-12.2962,11.9951,1.2059,1.7400,4.2897,1.8231,-0.0144,-0.0081,-1.11517,0.90
104,0,7.600,-12.2977,11.9942,1.2061,1.7400,4.2897,1.8231,-0.0144,-0.0102,-1.11513,0.90
104,0,7.700,-12.2991,11.9930,1.2062,1.7400,4.2897,1.8231,-0.0145,-0.0121,-1.11519,0.90
104,0,7.800,-12.3006,11.9917,1.2063,1.7400,4.2897,1.8231,-0.0148,-0.0142,-1.11523,0.90
104,0,7.900,-12.3021,11.9902,1.2065,1.7400,4.2897,1.8231,-0.0151,-0.0165,-1.11519,0.90
104,0,8.000,-12.3036,11.9884,1.2066,1.7400,4.2897,1.8231,-0.0147,-0.0184,-1.11526,0.90
104,0,8.100,-12.3050,11.9865,1.2068,1.7400,4.2897,1.8231,-0.0136,-0.0199,-1.11517,0.90
104,0,8.200,-12.3063,11.9844,1.2069,1.7400,4.2897,1.8231,-0.0126,-0.0213,-1.11495,0.90
104,0,8.300,-12.3075,11.9822,1.2071,1.7400,4.2897,1.8231,-0.0122,-0.0224,-1.11482,0.90
104,0,8.400,-12.3088,11.9800,1.2072,1.7400,4.2897,1.8231,-0.0127,-0.0233,-1.11475,0.90
104,0,8.500,-12.3101,11.9776,1.2073,1.7400,4.2897,1.8231,-0.0137,-0.0239,-1.11481,0.90
104,0,8.600,-12.3115,11.9752,1.2075,1.7400,4.2897,1.8231,-0.0147,-0.0242,-1.11477,0.90
104,0,8.700,-12.3130,11.9728,1.2076,1.7400,4.2897,1.8231,-0.0154,-0.0240,-1.11465,0.90
104,0,8.800,-12.3146,11.9704,1.2077,1.7400,4.2897,1.8231,-0.0160,-0.0231,-1.11460,0.90
104,0,8.900,-12.3162,11.9681,1.2078,1.7400,4.2897,1.8231,-0.0172,-0.0223,-1.11464,0.90
104,0,9.000,-12.3180,11.9659,1.2079,1.7400,4.2897,1.8231,-0.0196,-0.0220,-1.11468,0.90
104,0,9.100,-12.3201,11.9637,1.2080,1.7400,4.2897,1.8231,-0.0228,-0.0224,-1.11472,0.90
104,0,9.200,-12.3226,11.9614,1.2081,1.7400,4.2897,1.8231,-0.0268,-0.0236,-1.11476,0.90
104,0,9.300,-12.3255,11.9590,1.2082,1.7400,4.2897,1.8231,-0.0316,-0.0252,-1.11479,0.90
104,0,9.400,-12.3289,11.9564,1.2083,1.7400,4.2897,1.8231,-0.0369,-0.0269,-1.11483,0.90
104,0,9.500,-12.3329,11.9536,1.2084,1.7400,4.2897,1.8231,-0.0419,-0.0282,-1.11488,0.90
104,0,9.600,-12.3373,11.9507,1.2085,1.7400,4.2897,1.8231,-0.0461,-0.0286,-1.11491,0.90
104,0,9.700,-12.3421,11.9479,1.2086,1.7400,4.2897,1.8231,-0.0491,-0.0278,-1.11492,0.90
104,0,9.800,-12.3471,11.9452,1.2087,1.7400,4.2897,1.8231,-0.0510,-0.0257,-1.11486,0.90
104,0,9.900,-12.3523,11.9427,1.2088,1.7400,4.2897,1.8231,-0.0527,-0.0231,-1.11484,0.90
104,0,10.000,-12.3576,11.9406,1.2089,1.7400,4.2897,1.8231,-0.0537,-0.0195,-1.11492,0.90
104,0,10.100,-12.3631,11.9388,1.2090,1.7400,4.2897,1.8231,-0.0555,-0.0156,-1.11494,0.90
104,0,10.200,-12.3688,11.9375,1.2091,1.7400,4.2897,1.8231,-0.0591,-0.0117,-1.11497,0.90
104,0,10.300,-12.3749,11.9365,1.2091,1.7400,4.2897,1.8231,-0.0631,-0.0073,-1.11495,0.90
104,0,10.400,-12.3814,11.9360,1.2092,1.7400,4.2897,1.8231,-0.0663,-0.0022,-1.11494,0.90
104,0,10.500,-12.3881,11.9360,1.2093,1.7400,4.2897,1.8231,-0.0675,0.0034,-1.11493,0.90
104,0,10.600,-12.3949,11.9367,1.2094,1.7400,4.2897,1.8231,-0.0660,0.0096,-1.11493,0.90
104,0,10.700,-12.4013,11.9380,1.2095,1.7400,4.2897,1.8231,-0.0611,0.0157,-1.11494,0.90
104,0,10.800,-12.4071,11.9398,1.2096,1.7400,4.2897,1.8231,-0.0530,0.0211,-1.11495,0.90
104,0,10.900,-12.4120,11.9422,1.2097,1.7400,4.2897,1.8231,-0.0427,0.0250,-1.11494,0.90
104,0,11.000,-12.4156,11.9448,1.2097,1.7400,4.2897,1.8231,-0.0300,0.0268,-1.11491,0.90
104,0,11.100,-12.4179,11.9475,1.2098,1.7400,4.2897,1.8231,-0.0150,0.0257,-1.11487,0.90
104,0,11.200,-12.4186,11.9500,1.2098,1.7400,4.2897,1.8231,0.0018,0.0216,-1.11481,0.90
104,0,11.300,-12.4176,11.9518,1.2098,1.7400,4.2897,1.8231,0.0200,0.0149,-1.11476,0.90
104,0,11.400,-12.4147,11.9529,1.2097,1.7400,4.2897,1.8231,0.0382,0.0071,-1.11473,0.90
104,0,11.500,-12.4099,11.9533,1.2097,1.7400,4.2897,1.8231,0.0557,0.0004,-1.11472,0.90
104,0,11.600,-12.4035,11.9530,1.2096,1.7400,4.2897,1.8231,0.0710,-0.0027,-1.11470,0.90
104,0,11.700,-12.3957,11.9527,1.2095,1.7400,4.2897,1.8231,0.0829,-0.0028,-1.11469,0.90
104,0,11.800,-12.3870,11.9525,1.2094,1.7400,4.2897,1.8231,0.0907,-0.0013,-1.11467,0.90
104,0,11.900,-12.3776,11.9524,1.2093,1.7400,4.2897,1.8231,0.0949,0.0007,-1.11462,0.90
104,0,12.000,-12.3680,11.9526,1.2092,1.7400,4.2897,1.8231,0.0949,0.0028,-1.11459,0.90
104,0,12.100,-12.3586,11.9530,1.2091,1.7400,4.2897,1.8231,0.0915,0.0041,-1.11458,0.90
104,0,12.200,-12.3497,11.9534,1.2091,1.7400,4.2897,1.8231,0.0864,0.0042,-1.11456,0.90
104,0,12.300,-12.3413,11.9538,1.2090,1.7400,4.2897,1.8231,0.0809,0.0029,-1.11455,0.90
104,0,12.400,-12.3335,11.9540,1.2089,1.7400,4.2897,1.8231,0.0751,-0.0003,-1.11454,0.90
104,0,12.500,-12.3263,11.9538,1.2089,1.7400,4.2897,1.8231,0.0696,-0.0054,-1.11454,0.90
104,0,12.600,-12.3196,11.9530,1.2088,1.7400,4.2897,1.8231,0.0654,-0.0120,-1.11453,0.90
104,0,12.700,-12.3132,11.9514,1.2087,1.7400,4.2897,1.8231,0.0615,-0.0203,-1.11452,0.90
104,0,12.800,-12.3073,11.9489,1.2086,1.7400,4.2897,1.8231,0.0581,-0.0308,-1.11452,0.90
104,0,12.900,-12.3016,11.9452,1.2084,1.7400,4.2897,1.8231,0.0560,-0.0444,-1.11451,0.90
104,0,13.000,-12.2961,11.9400,1.2082,1.7400,4.2897,1.8231,0.0544,-0.0614,-1.11451,0.90
104,0,13.100,-12.2907,11.9330,1.2079,1.7400,4.2897,1.8231,0.0532,-0.0820,-1.11450,0.90
104,0,13.200,-12.2854,11.9236,1.2076,1.7400,4.2897,1.8231,0.0526,-0.1076,-1.11451,0.90
104,0,13.300,-12.2802,11.9115,1.2071,1.7400,4.2897,1.8231,0.0528,-0.1375,-1.11452,0.90
104,0,13.400,-12.2749,11.8961,1.2066,1.7400,4.2897,1.8231,0.0540,-0.1715,-1.11454,0.90
104,0,13.500,-12.2694,11.8771,1.2060,1.7400,4.2897,1.8231,0.0566,-0.2108,-1.11458,0.90
104,0,13.600,-12.2636,11.8539,1.2053,1.7400,4.2897,1.8231,0.0610,-0.2553,-1.11459,0.90
104,0,13.700,-12.2572,11.8261,1.2044,1.7400,4.2897,1.8231,0.0671,-0.3028,-1.11458,0.90
104,0,13.800,-12.2502,11.7934,1.2035,1.7400,4.2897,1.8231,0.0746,-0.3525,-1.11457,0.90
104,0,13.900,-12.2422,11.7555,1.2023,1.7400,4.2897,1.8231,0.0852,-0.4072,-1.11457,0.90
104,0,14.000,-12.2331,11.7121,1.2010,1.7400,4.2897,1.8231,0.0980,-0.4621,-1.11456,0.90
104,0,14.100,-12.2227,11.6632,1.1995,1.7400,4.2897,1.8231,0.1133,-0.5158,-1.11456,0.90
104,0,14.200,-12.2104,11.6087,1.1979,1.7400,4.2897,1.8231,0.1313,-0.5704,-1.11456,0.90
104,0,14.300,-12.1963,11.5489,1.1961,1.7400,4.2897,1.8231,0.1517,-0.6244,-1.11457,0.90
104,0,14.400,-12.1802,11.4840,1.1941,1.7400,4.2897,1.8231,0.1728,-0.6716,-1.11456,0.90
104,0,14.500,-12.1618,11.4147,1.1919,1.7400,4.2897,1.8231,0.1930,-0.7090,-1.11456,0.90
104,0,14.600,-12.1415,11.3419,1.1896,1.7400,4.2897,1.8231,0.2129,-0.7409,-1.11456,0.90
104,0,14.700,-12.1193,11.2667,1.1873,1.7400,4.2897,1.8231,0.2304,-0.7615,-1.11457,0.90
104,0,14.800,-12.0955,11.1898,1.1848,1.7400,4.2897,1.8231,0.2451,-0.7711,-1.11457,0.90
104,0,14.900,-12.0702,11.1122,1.1824,1.7400,4.2897,1.8231,0.2588,-0.7774,-1.11457,0.90
104,0,15.000,-12.0438,11.0346,1.1799,1.7400,4.2897,1.8231,0.2691,-0.7762,-1.11457,0.90
104,0,15.100,-12.0164,10.9572,1.1774,1.7400,4.2897,1.8231,0.2755,-0.7705,-1.11457,0.90
104,0,15.200,-11.9886,10.8802,1.1749,1.7400,4.2897,1.8231,0.2783,-0.7689,-1.11457,0.90
105,0,8.300,-111.3856,244.8029,2.6519,1.7400,4.0540,2.0099,0.2057,-0.1067,-1.49348,0.90
105,0,8.400,-111.3651,244.7923,2.6510,1.7400,4.0540,2.0099,0.2016,-0.1060,-1.49340,0.90
105,0,8.500,-111.3453,244.7817,2.6501,1.7400,4.0540,2.0099,0.1919,-0.1031,-1.49343,0.90
105,0,8.600,-111.3267,244.7716,2.6492,1.7400,4.0540,2.0099,0.1791,-0.0966,-1.49330,0.90
105,0,8.700,-111.3096,244.7624,2.6484,1.7400,4.0540,2.0099,0.1620,-0.0878,-1.49308,0.90
105,0,8.800,-111.2943,244.7541,2.6477,1.7400,4.0540,2.0099,0.1416,-0.0788,-1.49300,0.90
105,0,8.900,-111.2812,244.7466,2.6471,1.7400,4.0540,2.0099,0.1196,-0.0711,-1.49306,0.90
105,0,9.000,-111.2704,244.7399,2.6465,1.7400,4.0540,2.0099,0.0955,-0.0639,-1.49313,0.90
105,0,9.100,-111.2621,244.7339,2.6461,1.7400,4.0540,2.0099,0.0717,-0.0585,-1.49319,0.90
105,0,9.200,-111.2561,244.7282,2.6457,1.7400,4.0540,2.0099,0.0495,-0.0575,-1.49324,0.90
105,0,9.300,-111.2522,244.7224,2.6454,1.7400,4.0540,2.0099,0.0290,-0.0587,-1.49330,0.90
105,0,9.400,-111.2503,244.7165,2.6452,1.7400,4.0540,2.0099,0.0112,-0.0612,-1.49336,0.90
105,0,9.500,-111.2500,244.7101,2.6451,1.7400,4.0540,2.0099,-0.0038,-0.0656,-1.49342,0.90
105,0,9.600,-111.2510,244.7033,2.6449,1.7400,4.0540,2.0099,-0.0163,-0.0718,-1.49347,0.90
105,0,9.700,-111.2532,244.6958,2.6448,1.7400,4.0540,2.0099,-0.0262,-0.0793,-1.49348,0.90
105,0,9.800,-111.2563,244.6875,2.6447,1.7400,4.0540,2.0099,-0.0335,-0.0882,-1.49347,0.90
105,0,9.900,-111.2599,244.6781,2.6446,1.7400,4.0540,2.0099,-0.0385,-0.0983,-1.49345,0.90
105,0,10.000,-111.2640,244.6678,2.6445,1.7400,4.0540,2.0099,-0.0422,-0.1067,-1.49348,0.90
105,0,10.100,-111.2684,244.6568,2.6444,1.7400,4.0540,2.0099,-0.0445,-0.1112,-1.49351,0.90
105,0,10.200,-111.2729,244.6456,2.6443,1.7400,4.0540,2.0099,-0.0451,-0.1114,-1.49355,0.90
105,0,10.300,-111.2774,244.6346,2.6442,1.7400,4.0540,2.0099,-0.0445,-0.1080,-1.49353,0.90
105,0,10.400,-111.2818,244.6240,2.6441,1.7400,4.0540,2.0099,-0.0436,-0.1032,-1.49365,0.90
105,0,10.500,-111.2861,244.6139,2.6441,1.7400,4.0540,2.0099,-0.0428,-0.0974,-1.49350,0.90
105,0,10.600,-111.2903,244.6045,2.6440,1.7400,4.0540,2.0099,-0.0420,-0.0906,-1.49348,0.90
105,0,10.700,-111.2945,244.5958,2.6439,1.7400,4.0540,2.0099,-0.0409,-0.0823,-1.49351,0.90
105,0,10.800,-111.2985,244.5880,2.6438,1.7400,4.0540,2.0099,-0.0396,-0.0725,-1.49353,0.90
105,0,10.900,-111.3024,244.5813,2.6438,1.7400,4.0540,2.0099,-0.0384,-0.0622,-1.49352,0.90
105,0,11.000,-111.3062,244.5756,2.6438,1.7400,4.0540,2.0099,-0.0377,-0.0512,-1.49346,0.90
105,0,11.100,-111.3099,244.5710,2.6437,1.7400,4.0540,2.0099,-0.0381,-0.0401,-1.49342,0.90
105,0,11.200,-111.3138,244.5676,2.6438,1.7400,4.0540,2.0099,-0.0388,-0.0288,-1.49332,0.90
105,0,11.300,-111.3177,244.5653,2.6438,1.7400,4.0540,2.0099,-0.0388,-0.0163,-1.49325,0.90
105,0,11.400,-111.3216,244.5643,2.6439,1.7400,4.0540,2.0099,-0.0380,-0.0024,-1.49320,0.90
105,0,11.500,-111.3253,244.5648,2.6439,1.7400,4.0540,2.0099,-0.0358,0.0115,-1.49318,0.90
105,0,11.600,-111.3287,244.5666,2.6441,1.7400,4.0540,2.0099,-0.0322,0.0243,-1.49315,0.90
105,0,11.700,-111.3317,244.5697,2.6442,1.7400,4.0540,2.0099,-0.0269,0.0361,-1.49314,0.90
105,0,11.800,-111.3341,244.5738,2.6443,1.7400,4.0540,2.0099,-0.0198,0.0460,-1.49310,0.90
105,0,11.900,-111.3357,244.5789,2.6445,1.7400,4.0540,2.0099,-0.0107,0.0539,-1.49303,0.90
105,0,12.000,-111.3363,244.5846,2.6446,1.7400,4.0540,2.0099,0.0000,0.0605,-1.49298,0.90
105,0,12.100,-111.3357,244.5910,2.6447,1.7400,4.0540,2.0099,0.0105,0.0673,-1.49296,0.90
105,0,12.200,-111.3342,244.5981,2.6448,1.7400,4.0540,2.0099,0.0187,0.0738,-1.49294,0.90
105,0,12.300,-111.3319,244.6057,2.6449,1.7400,4.0540,2.0099,0.0235,0.0799,-1.49292,0.90
105,0,12.400,-111.3295,244.6140,2.6450,1.7400,4.0540,2.0099,0.0245,0.0860,-1.49291,0.90
105,0,12.500,-111.3270,244.6229,2.6451,1.7400,4.0540,2.0099,0.0206,0.0914,-1.49291,0.90
105,0,12.600,-111.3253,244.6324,2.6453,1.7400,4.0540,2.0099,0.0106,0.0969,-1.49290,0.90
105,0,12.700,-111.3249,244.6423,2.6454,1.7400,4.0540,2.0099,-0.0045,0.1023,-1.49288,0.90
105,0,12.800,-111.3262,244.6528,2.6457,1.7400,4.0540,2.0099,-0.0227,0.1077,-1.49287,0.90
105,0,12.900,-111.3295,244.6639,2.6459,1.7400,4.0540,2.0099,-0.0423,0.1147,-1.49286,0.90
105,0,13.000,-111.3347,244.6757,2.6463,1.7400,4.0540,2.0099,-0.0617,0.1222,-1.49285,0.90
105,0,13.100,-111.3418,244.6883,2.6467,1.7400,4.0540,2.0099,-0.0787,0.1294,-1.49285,0.90
105,0,13.200,-111.3505,244.7016,2.6471,1.7400,4.0540,2.0099,-0.0920,0.1374,-1.49286,0.90
105,0,13.300,-111.3602,244.7157,2.6476,1.7400,4.0540,2.0099,-0.1001,0.1444,-1.49287,0.90
105,0,13.400,-111.3705,244.7305,2.6481,1.7400,4.0540,2.0099,-0.1038,0.1508,-1.49290,0.90
105,0,13.500,-111.3810,244.7459,2.6486,1.7400,4.0540,2.0099,-0.1053,0.1571,-1.49296,0.90
105,0,13.600,-111.3916,244.7619,2.6491,1.7400,4.0540,2.0099,-0.1052,0.1626,-1.49298,0.90
105,0,13.700,-111.4020,244.7784,2.6496,1.7400,4.0540,2.0099,-0.1026,0.1665,-1.49296,0.90
105,0,13.800,-111.4121,244.7952,2.6502,1.7400,4.0540,2.0099,-0.0986,0.1688,-1.49294,0.90
105,0,13.900,-111.4217,244.8122,2.6507,1.7400,4.0540,2.0099,-0.0949,0.1714,-1.49294,0.90
105,0,14.000,-111.4310,244.8295,2.6512,1.7400,4.0540,2.0099,-0.0905,0.1728,-1.49294,0.90
105,0,14.100,-111.4398,244.8468,2.6517,1.7400,4.0540,2.0099,-0.0860,0.1724,-1.49293,0.90
105,0,14.200,-111.4482,244.8640,2.6522,1.7400,4.0540,2.0099,-0.0824,0.1711,-1.49294,0.90
105,0,14.300,-111.4563,244.8810,2.6526,1.7400,4.0540,2.0099,-0.0798,0.1689,-1.49294,0.90
105,0,14.400,-111.4642,244.8977,2.6531,1.7400,4.0540,2.0099,-0.0777,0.1648,-1.49293,0.90
105,0,14.500,-111.4719,244.9140,2.6535,1.7400,4.0540,2.0099,-0.0760,0.1587,-1.49294,0.90
105,0,14.600,-111.4794,244.9295,2.6540,1.7400,4.0540,2.0099,-0.0756,0.1527,-1.49294,0.90
105,0,14.700,-111.4870,244.9445,2.6544,1.7400,4.0540,2.0099,-0.0754,0.1468,-1.49294,0.90
105,0,14.800,-111.4945,244.9588,2.6548,1.7400,4.0540,2.0099,-0.0747,0.1416,-1.49294,0.90
105,0,14.900,-111.5019,244.9728,2.6553,1.7400,4.0540,2.0099,-0.0748,0.1380,-1.49294,0.90
105,0,15.000,-111.5094,244.9864,2.6557,1.7400,4.0540,2.0099,-0.0754,0.1340,-1.49294,0.90
105,0,15.100,-111.5170,244.9996,2.6561,1.7400,4.0540,2.0099,-0.0768,0.1298,-1.49295,0.90
105,0,15.200,-111.5248,245.0124,2.6565,1.7400,4.0540,2.0099,-0.0782,0.1271,-1.49295,0.90
105,0,15.300,-111.5327,245.0251,2.6569,1.7400,4.0540,2.0099,-0.0787,0.1261,-1.49295,0.90
106,0,4.700,-89.1164,182.9977,2.1885,2.7970,4.0300,2.3240,0.6676,0.2989,2.00315,0.90
106,0,4.800,-89.0495,183.0276,2.1891,2.7970,4.0300,2.3240,0.6691,0.2994,2.00314,0.90
106,0,4.900,-88.9828,183.0574,2.1898,2.7970,4.0300,2.3240,0.6668,0.2979,2.00309,0.90
106,0,5.000,-88.9164,183.0871,2.1904,2.7970,4.0300,2.3240,0.6607,0.2948,2.00314,0.90
106,0,5.100,-88.8504,183.1165,2.1911,2.7970,4.0300,2.3240,0.6574,0.2927,2.00314,0.90
106,0,5.200,-88.7850,183.1456,2.1918,2.7970,4.0300,2.3240,0.6490,0.2884,2.00315,0.90
106,0,5.300,-88.7208,183.1741,2.1925,2.7970,4.0300,2.3240,0.6331,0.2810,2.00317,0.90
106,0,5.400,-88.6582,183.2019,2.1932,2.7970,4.0300,2.3240,0.6081,0.2699,2.00318,0.90
106,0,5.503,-88.5971,183.2290,2.1939,2.7970,4.0300,2.3240,0.6043,0.2685,2.00325,0.90
106,0,5.600,-88.5375,183.2555,2.1947,2.7970,4.0300,2.3240,0.5996,0.2673,2.00330,0.90
106,0,5.700,-88.4791,183.2816,2.1954,2.7970,4.0300,2.3240,0.5759,0.2580,2.00332,0.90
106,0,5.800,-88.4221,183.3072,2.1962,2.7970,4.0300,2.3240,0.5630,0.2539,2.00331,0.90
106,0,5.900,-88.3666,183.3323,2.1970,2.7970,4.0300,2.3240,0.5451,0.2482,2.00332,0.90
106,0,6.000,-88.3132,183.3568,2.1978,2.7970,4.0300,2.3240,0.5201,0.2395,2.00332,0.90
106,0,6.100,-88.2624,183.3803,2.1986,2.7970,4.0300,2.3240,0.4893,0.2277,2.00325,0.90
106,0,6.200,-88.2151,183.4024,2.1995,2.7970,4.0300,2.3240,0.4534,0.2131,2.00323,0.90
106,0,6.300,-88.1719,183.4229,2.2003,2.7970,4.0300,2.3240,0.4137,0.1963,2.00319,0.90
106,0,6.400,-88.1325,183.4416,2.2012,2.7970,4.0300,2.3240,0.3708,0.1779,2.00313,0.90
106,0,6.500,-88.0975,183.4585,2.2020,2.7970,4.0300,2.3240,0.3214,0.1563,2.00308,0.90
106,0,6.603,-88.0672,183.4734,2.2028,2.7970,4.0300,2.3240,0.2802,0.1389,2.00305,0.90
106,0,6.700,-88.0416,183.4862,2.2035,2.7970,4.0300,2.3240,0.2366,0.1202,2.00300,0.90
106,0,6.800,-88.0206,183.4971,2.2042,2.7970,4.0300,2.3240,0.1876,0.0986,2.00299,0.90
106,0,6.900,-88.0041,183.5059,2.2047,2.7970,4.0300,2.3240,0.1447,0.0803,2.00299,0.90
106,0,7.000,-87.9917,183.5131,2.2050,2.7970,4.0300,2.3240,0.1049,0.0632,2.00295,0.90
106,0,7.100,-87.9831,183.5186,2.2052,2.7970,4.0300,2.3240,0.0688,0.0477,2.00293,0.90
106,0,7.200,-87.9779,183.5227,2.2052,2.7970,4.0300,2.3240,0.0371,0.0343,2.00283,0.90
106,0,7.300,-87.9757,183.5255,2.2050,2.7970,4.0300,2.3240,0.0125,0.0235,2.00284,0.90
106,0,7.400,-87.9754,183.5273,2.2046,2.7970,4.0300,2.3240,-0.0018,0.0169,2.00282,0.90
106,0,7.500,-87.9761,183.5288,2.2039,2.7970,4.0300,2.3240,-0.0079,0.0136,2.00280,0.90
106,0,7.600,-87.9770,183.5301,2.2030,2.7970,4.0300,2.3240,-0.0086,0.0125,2.00285,0.90
106,0,7.700,-87.9778,183.5313,2.2020,2.7970,4.0300,2.3240,-0.0066,0.0121,2.00279,0.90
106,0,7.800,-87.9783,183.5325,2.2008,2.7970,4.0300,2.3240,-0.0053,0.0110,2.00276,0.90
106,0,7.900,-87.9788,183.5335,2.1994,2.7970,4.0300,2.3240,-0.0047,0.0095,2.00282,0.90
106,0,8.000,-87.9793,183.5344,2.1980,2.7970,4.0300,2.3240,-0.0043,0.0076,2.00275,0.90
106,0,8.100,-87.9797,183.5350,2.1965,2.7970,4.0300,2.3240,-0.0024,0.0058,2.00287,0.90
106,0,8.200,-87.9798,183.5356,2.1950,2.7970,4.0300,2.3240,0.0003,0.0043,2.00311,0.90
106,0,8.300,-87.9796,183.5359,2.1935,2.7970,4.0300,2.3240,0.0026,0.0021,2.00323,0.90
106,0,8.400,-87.9793,183.5360,2.1921,2.7970,4.0300,2.3240,0.0040,-0.0005,2.00331,0.90
106,0,8.500,-87.9788,183.5358,2.1907,2.7970,4.0300,2.3240,0.0041,-0.0037,2.00326,0.90
106,0,8.600,-87.9784,183.5353,2.1893,2.7970,4.0300,2.3240,0.0032,-0.0073,2.00333,0.90
106,0,8.700,-87.9782,183.5343,2.1881,2.7970,4.0300,2.3240,0.0016,-0.0111,2.00348,0.90
106,0,8.800,-87.9781,183.5331,2.1870,2.7970,4.0300,2.3240,0.0001,-0.0148,2.00353,0.90
106,0,8.900,-87.9782,183.5314,2.1860,2.7970,4.0300,2.3240,-0.0013,-0.0188,2.00349,0.90
106,0,9.000,-87.9784,183.5293,2.1851,2.7970,4.0300,2.3240,-0.0024,-0.0225,2.00343,0.90
106,0,9.100,-87.9786,183.5269,2.1843,2.7970,4.0300,2.3240,-0.0024,-0.0255,2.00340,0.90
106,0,9.200,-87.9789,183.5242,2.1837,2.7970,4.0300,2.3240,-0.0010,-0.0283,2.00335,0.90
106,0,9.300,-87.9788,183.5212,2.1832,2.7970,4.0300,2.3240,0.0016,-0.0303,2.00331,0.90
106,0,9.400,-87.9785,183.5181,2.1827,2.7970,4.0300,2.3240,0.0038,-0.0319,2.00326,0.90
106,0,9.500,-87.9781,183.5148,2.1824,2.7970,4.0300,2.3240,0.0049,-0.0337,2.00321,0.90
106,0,9.600,-87.9776,183.5114,2.1822,2.7970,4.0300,2.3240,0.0050,-0.0354,2.00318,0.90
106,0,9.700,-87.9771,183.5078,2.1820,2.7970,4.0300,2.3240,0.0050,-0.0364,2.00317,0.90
106,0,9.800,-87.9766,183.5041,2.1819,2.7970,4.0300,2.3240,0.0048,-0.0366,2.00318,0.90
106,0,9.900,-87.9761,183.5004,2.1818,2.7970,4.0300,2.3240,0.0046,-0.0365,2.00319,0.90
106,0,10.000,-87.9757,183.4968,2.1818,2.7970,4.0300,2.3240,0.0047,-0.0357,2.00317,0.90
106,0,10.100,-87.9752,183.4933,2.1818,2.7970,4.0300,2.3240,0.0050,-0.0346,2.00314,0.90
106,0,10.200,-87.9747,183.4899,2.1818,2.7970,4.0300,2.3240,0.0047,-0.0341,2.00311,0.90
106,0,10.300,-87.9742,183.4865,2.1819,2.7970,4.0300,2.3240,0.0031,-0.0341,2.00313,0.90
106,0,10.400,-87.9740,183.4831,2.1820,2.7970,4.0300,2.3240,-0.0002,-0.0348,2.00314,0.90
106,0,10.500,-87.9743,183.4795,2.1820,2.7970,4.0300,2.3240,-0.0058,-0.0367,2.00315,0.90
106,0,10.600,-87.9752,183.4757,2.1822,2.7970,4.0300,2.3240,-0.0144,-0.0399,2.00315,0.90
106,0,10.700,-87.9771,183.4716,2.1823,2.7970,4.0300,2.3240,-0.0251,-0.0437,2.00315,0.90
106,0,10.800,-87.9802,183.4670,2.1824,2.7970,4.0300,2.3240,-0.0350,-0.0469,2.00313,0.90
106,0,10.900,-87.9841,183.4622,2.1825,2.7970,4.0300,2.3240,-0.0423,-0.0491,2.00314,0.90
106,0,11.000,-87.9887,183.4572,2.1826,2.7970,4.0300,2.3240,-0.0474,-0.0499,2.00318,0.90
106,0,11.100,-87.9936,183.4522,2.1827,2.7970,4.0300,2.3240,-0.0509,-0.0497,2.00322,0.90
106,0,11.200,-87.9989,183.4472,2.1828,2.7970,4.0300,2.3240,-0.0535,-0.0494,2.00329,0.90
106,0,11.300,-88.0043,183.4423,2.1829,2.7970,4.0300,2.3240,-0.0552,-0.0485,2.00335,0.90
106,0,11.400,-88.0099,183.4375,2.1830,2.7970,4.0300,2.3240,-0.0565,-0.0474,2.00338,0.90
106,0,11.500,-88.0156,183.4328,2.1830,2.7970,4.0300,2.3240,-0.0579,-0.0465,2.00339,0.90
106,0,11.600,-88.0215,183.4282,2.1831,2.7970,4.0300,2.3240,-0.0592,-0.0458,2.00342,0.90
106,0,11.700,-88.0275,183.4237,2.1831,2.7970,4.0300,2.3240,-0.0595,-0.0447,2.00343,0.90
106,0,11.800,-88.0334,183.4193,2.1832,2.7970,4.0300,2.3240,-0.0587,-0.0432,2.00346,0.90
106,0,11.900,-88.0392,183.4150,2.1832,2.7970,4.0300,2.3240,-0.0570,-0.0414,2.00351,0.90
106,0,12.000,-88.0448,183.4110,2.1832,2.7970,4.0300,2.3240,-0.0538,-0.0390,2.00355,0.90
106,0,12.100,-88.0500,183.4072,2.1833,2.7970,4.0300,2.3240,-0.0496,-0.0363,2.00356,0.90
106,0,12.200,-88.0547,183.4037,2.1833,2.7970,4.0300,2.3240,-0.0455,-0.0337,2.00358,0.90
106,0,12.300,-88.0591,183.4005,2.1834,2.7970,4.0300,2.3240,-0.0411,-0.0314,2.00360,0.90
106,0,12.400,-88.0629,183.3975,2.1834,2.7970,4.0300,2.3240,-0.0362,-0.0293,2.00360,0.90
106,0,12.500,-88.0663,183.3946,2.1834,2.7970,4.0300,2.3240,-0.0311,-0.0275,2.00360,0.90
106,0,12.600,-88.0692,183.3920,2.1835,2.7970,4.0300,2.3240,-0.0259,-0.0257,2.00361,0.90
106,0,12.700,-88.0715,183.3895,2.1835,2.7970,4.0300,2.3240,-0.0206,-0.0239,2.00363,0.90
106,0,12.800,-88.0733,183.3872,2.1836,2.7970,4.0300,2.3240,-0.0153,-0.0221,2.00363,0.90
106,0,12.900,-88.0746,183.3851,2.1836,2.7970,4.0300,2.3240,-0.0107,-0.0203,2.00364,0.90
106,0,13.000,-88.0754,183.3831,2.1837,2.7970,4.0300,2.3240,-0.0070,-0.0186,2.00364,0.90
106,0,13.100,-88.0760,183.3813,2.1837,2.7970,4.0300,2.3240,-0.0042,-0.0169,2.00365,0.90
106,0,13.200,-88.0763,183.3797,2.1838,2.7970,4.0300,2.3240,-0.0022,-0.0150,2.00364,0.90
106,0,13.300,-88.0764,183.3783,2.1838,2.7970,4.0300,2.3240,-0.0010,-0.0127,2.00363,0.90
106,0,13.400,-88.0765,183.3772,2.1838,2.7970,4.0300,2.3240,-0.0004,-0.0101,2.00361,0.90
106,0,13.500,-88.0765,183.3763,2.1839,2.7970,4.0300,2.3240,-0.0002,-0.0075,2.00356,0.90
106,0,13.600,-88.0765,183.3757,2.1839,2.7970,4.0300,2.3240,-0.0001,-0.0059,2.00355,0.90
106,0,13.700,-88.0765,183.3751,2.1839,2.7970,4.0300,2.3240,0.0006,-0.0060,2.00356,0.90
106,0,13.800,-88.0764,183.3745,2.1839,2.7970,4.0300,2.3240,0.0025,-0.0075,2.00358,0.90
106,0,13.900,-88.0760,183.3736,2.1839,2.7970,4.0300,2.3240,0.0055,-0.0103,2.00358,0.90
106,0,14.000,-88.0753,183.3724,2.1840,2.7970,4.0300,2.3240,0.0093,-0.0145,2.00358,0.90
106,0,14.100,-88.0741,183.3707,2.1840,2.7970,4.0300,2.3240,0.0136,-0.0199,2.00358,0.90
106,0,14.200,-88.0725,183.3684,2.1841,2.7970,4.0300,2.3240,0.0185,-0.0266,2.00358,0.90
106,0,14.300,-88.0704,183.3654,2.1842,2.7970,4.0300,2.3240,0.0239,-0.0343,2.00358,0.90
106,0,14.400,-88.0678,183.3616,2.1843,2.7970,4.0300,2.3240,0.0295,-0.0426,2.00358,0.90
106,0,14.500,-88.0645,183.3569,2.1844,2.7970,4.0300,2.3240,0.0353,-0.0514,2.00358,0.90
106,0,14.600,-88.0607,183.3513,2.1846,2.7970,4.0300,2.3240,0.0408,-0.0611,2.00358,0.90
106,0,14.700,-88.0564,183.3447,2.1848,2.7970,4.0300,2.3240,0.0456,-0.0708,2.00358,0.90
106,0,14.800,-88.0516,183.3371,2.1850,2.7970,4.0300,2.3240,0.0494,-0.0803,2.00358,0.90
106,0,14.900,-88.0465,183.3286,2.1853,2.7970,4.0300,2.3240,0.0526,-0.0895,2.00357,0.90
106,0,15.000,-88.0411,183.3193,2.1855,2.7970,4.0300,2.3240,0.0552,-0.0972,2.00358,0.90
106,0,15.100,-88.0354,183.3092,2.1858,2.7970,4.0300,2.3240,0.0573,-0.1032,2.00357,0.90
106,0,15.200,-88.0296,183.2986,2.1861,2.7970,4.0300,2.3240,0.0590,-0.1079,2.00357,0.90
106,0,15.300,-88.0236,183.2876,2.1864,2.7970,4.0300,2.3240,0.0604,-0.1112,2.00357,0.90
106,0,15.400,-88.0175,183.2764,2.1867,2.7970,4.0300,2.3240,0.0605,-0.1115,2.00357,0.90
106,0,15.500,-88.0115,183.2653,2.1869,2.7970,4.0300,2.3240,0.0598,-0.1094,2.00356,0.90
106,0,15.600,-88.0056,183.2545,2.1872,2.7970,4.0300,2.3240,0.0595,-0.1084,2.00356,0.90
107,0,0.000,37.2875,-84.5873,-1.7399,1.7400,4.0300,1.4100,0.0832,-0.0504,2.00649,0.90
107,0,0.100,37.2958,-84.5924,-1.7400,1.7400,4.0300,1.4100,0.0832,-0.0500,2.00647,0.90
107,0,0.200,37.3041,-84.5973,-1.7400,1.7400,4.0300,1.4100,0.0822,-0.0486,2.00647,0.90
107,0,0.300,37.3122,-84.6021,-1.7401,1.7400,4.0300,1.4100,0.0798,-0.0466,2.00648,0.90
107,0,0.400,37.3201,-84.6067,-1.7402,1.7400,4.0300,1.4100,0.0769,-0.0446,2.00644,0.90
107,0,0.500,37.3276,-84.6110,-1.7402,1.7400,4.0300,1.4100,0.0730,-0.0422,2.00650,0.90
107,0,0.600,37.3347,-84.6151,-1.7403,1.7400,4.0300,1.4100,0.0687,-0.0396,2.00649,0.90
107,0,0.700,37.3413,-84.6189,-1.7403,1.7400,4.0300,1.4100,0.0647,-0.0369,2.00651,0.90
107,0,0.800,37.3476,-84.6225,-1.7403,1.7400,4.0300,1.4100,0.0618,-0.0338,2.00648,0.90
107,0,0.900,37.3537,-84.6257,-1.7403,1.7400,4.0300,1.4100,0.0595,-0.0301,2.00648,0.90
107,0,1.000,37.3595,-84.6285,-1.7404,1.7400,4.0300,1.4100,0.0573,-0.0261,2.00644,0.90
107,0,1.100,37.3652,-84.6309,-1.7404,1.7400,4.0300,1.4100,0.0555,-0.0225,2.00673,0.90
107,0,1.200,37.3706,-84.6330,-1.7404,1.7400,4.0300,1.4100,0.0534,-0.0191,2.00697,0.90
107,0,1.300,37.3758,-84.6347,-1.7404,1.7400,4.0300,1.4100,0.0512,-0.0160,2.00736,0.90
107,0,1.400,37.3809,-84.6362,-1.7404,1.7400,4.0300,1.4100,0.0492,-0.0130,2.00753,0.90
107,0,1.500,37.3857,-84.6373,-1.7405,1.7400,4.0300,1.4100,0.0469,-0.0103,2.00769,0.90
107,0,1.600,37.3902,-84.6382,-1.7405,1.7400,4.0300,1.4100,0.0445,-0.0077,2.00816,0.90
107,0,1.700,37.3946,-84.6389,-1.7405,1.7400,4.0300,1.4100,0.0421,-0.0054,2.00860,0.90
107,0,1.800,37.3987,-84.6393,-1.7405,1.7400,4.0300,1.4100,0.0397,-0.0033,2.00624,0.90
107,0,1.900,37.4025,-84.6395,-1.7405,1.7400,4.0300,1.4100,0.0372,-0.0014,2.00905,0.90
107,0,2.000,37.4061,-84.6396,-1.7406,1.7400,4.0300,1.4100,0.0345,0.0003,2.00930,0.90
107,0,2.100,37.4094,-84.6395,-1.7406,1.7400,4.0300,1.4100,0.0319,0.0019,2.00651,0.90
107,0,2.200,37.4125,-84.6392,-1.7406,1.7400,4.0300,1.4100,0.0291,0.0032,2.00909,0.90
107,0,2.300,37.4152,-84.6388,-1.7406,1.7400,4.0300,1.4100,0.0261,0.0043,2.00914,0.90
107,0,2.400,37.4177,-84.6384,-1.7406,1.7400,4.0300,1.4100,0.0231,0.0053,2.00914,0.90
107,0,2.500,37.4198,-84.6378,-1.7406,1.7400,4.0300,1.4100,0.0201,0.0061,2.00687,0.90
107,0,2.600,37.4217,-84.6371,-1.7406,1.7400,4.0300,1.4100,0.0168,0.0066,2.00694,0.90
107,0,2.700,37.4232,-84.6365,-1.7406,1.7400,4.0300,1.4100,0.0134,0.0070,2.00692,0.90
107,0,2.800,37.4244,-84.6357,-1.7406,1.7400,4.0300,1.4100,0.0100,0.0073,2.00691,0.90
107,0,2.900,37.4252,-84.6350,-1.7406,1.7400,4.0300,1.4100,0.0065,0.0073,2.00688,0.90
107,0,3.000,37.4257,-84.6343,-1.7406,1.7400,4.0300,1.4100,0.0029,0.0072,2.00687,0.90
107,0,3.100,37.4258,-84.6336,-1.7406,1.7400,4.0300,1.4100,-0.0006,0.0073,2.00684,0.90
107,0,3.200,37.4256,-84.6328,-1.7406,1.7400,4.0300,1.4100,-0.0039,0.0079,2.00806,0.90
107,0,3.300,37.4250,-84.6320,-1.7406,1.7400,4.0300,1.4100,-0.0071,0.0088,2.00821,0.90
107,0,3.400,37.4241,-84.6311,-1.7406,1.7400,4.0300,1.4100,-0.0102,0.0102,2.00829,0.90
107,0,3.500,37.4230,-84.6300,-1.7406,1.7400,4.0300,1.4100,-0.0132,0.0120,2.00847,0.90
107,0,3.600,37.4215,-84.6287,-1.7406,1.7400,4.0300,1.4100,-0.0159,0.0141,2.00855,0.90
107,0,3.700,37.4198,-84.6271,-1.7406,1.7400,4.0300,1.4100,-0.0186,0.0167,2.00698,0.90
107,0,3.800,37.4178,-84.6253,-1.7406,1.7400,4.0300,1.4100,-0.0213,0.0199,2.00821,0.90
107,0,3.900,37.4155,-84.6232,-1.7406,1.7400,4.0300,1.4100,-0.0238,0.0234,2.00788,0.90
107,0,4.000,37.4130,-84.6206,-1.7407,1.7400,4.0300,1.4100,-0.0261,0.0272,2.00759,0.90
107,0,4.100,37.4103,-84.6177,-1.7407,1.7400,4.0300,1.4100,-0.0285,0.0316,2.00752,0.90
107,0,4.200,37.4073,-84.6143,-1.7408,1.7400,4.0300,1.4100,-0.0307,0.0365,2.00745,0.90
107,0,4.300,37.4042,-84.6104,-1.7409,1.7400,4.0300,1.4100,-0.0327,0.0417,2.00751,0.90
107,0,4.400,37.4008,-84.6060,-1.7411,1.7400,4.0300,1.4100,-0.0348,0.0475,2.00735,0.90
107,0,4.500,37.3972,-84.6009,-1.7412,1.7400,4.0300,1.4100,-0.0368,0.0537,2.00731,0.90
107,0,4.600,37.3934,-84.5952,-1.7414,1.7400,4.0300,1.4100,-0.0385,0.0603,2.00694,0.90
107,0,4.700,37.3895,-84.5889,-1.7416,1.7400,4.0300,1.4100,-0.0403,0.0674,2.00695,0.90
107,0,4.800,37.3854,-84.5817,-1.7418,1.7400,4.0300,1.4100,-0.0422,0.0750,2.00654,0.90
107,0,4.900,37.3811,-84.5739,-1.7421,1.7400,4.0300,1.4100,-0.0441,0.0820,2.00629,0.90
107,0,5.000,37.3766,-84.5654,-1.7424,1.7400,4.0300,1.4100,-0.0459,0.0884,2.00601,0.90
107,0,5.100,37.3719,-84.5562,-1.7427,1.7400,4.0300,1.4100,-0.0481,0.0951,2.00592,0.90
107,0,5.200,37.3670,-84.5464,-1.7431,1.7400,4.0300,1.4100,-0.0503,0.1013,2.00696,0.90
107,0,5.300,37.3618,-84.5359,-1.7435,1.7400,4.0300,1.4100,-0.0525,0.1068,2.00697,0.90
107,0,5.400,37.3564,-84.5250,-1.7439,1.7400,4.0300,1.4100,-0.0541,0.1108,2.00622,0.90
107,0,5.503,37.3508,-84.5134,-1.7443,1.7400,4.0300,1.4100,-0.0576,0.1181,2.00645,0.90
107,0,5.600,37.3449,-84.5014,-1.7447,1.7400,4.0300,1.4100,-0.0612,0.1251,2.00678,0.90
107,0,5.700,37.3388,-84.4888,-1.7452,1.7400,4.0300,1.4100,-0.0629,0.1277,2.00711,0.90
107,0,5.800,37.3323,-84.4758,-1.7457,1.7400,4.0300,1.4100,-0.0659,0.1328,2.00710,0.90
107,0,5.900,37.3256,-84.4623,-1.7463,1.7400,4.0300,1.4100,-0.0685,0.1371,2.00616,0.90
107,0,6.000,37.3186,-84.4484,-1.7468,1.7400,4.0300,1.4100,-0.0706,0.1406,2.00571,0.90
107,0,6.100,37.3114,-84.4341,-1.7474,1.7400,4.0300,1.4100,-0.0728,0.1443,2.00538,0.90
107,0,6.200,37.3040,-84.4195,-1.7479,1.7400,4.0300,1.4100,-0.0750,0.1481,2.00507,0.90
107,0,6.300,37.2965,-84.4045,-1.7485,1.7400,4.0300,1.4100,-0.0768,0.1511,2.00471,0.90
107,0,6.400,37.2887,-84.3893,-1.7491,1.7400,4.0300,1.4100,-0.0782,0.1534,2.00695,0.90
107,0,6.500,37.2808,-84.3738,-1.7498,1.7400,4.0300,1.4100,-0.0786,0.1536,2.00483,0.90
107,0,6.603,37.2727,-84.3581,-1.7504,1.7400,4.0300,1.4100,-0.0812,0.1584,2.00503,0.90
107,0,6.700,37.2646,-84.3421,-1.7510,1.7400,4.0300,1.4100,-0.0835,0.1626,2.00522,0.90
107,0,6.800,37.2563,-84.3260,-1.7517,1.7400,4.0300,1.4100,-0.0833,0.1618,2.00554,0.90
107,0,6.900,37.2479,-84.3098,-1.7523,1.7400,4.0300,1.4100,-0.0840,0.1631,2.00571,0.90
107,0,7.000,37.2395,-84.2935,-1.7530,1.7400,4.0300,1.4100,-0.0843,0.1636,2.00586,0.90
107,0,7.100,37.2310,-84.2770,-1.7536,1.7400,4.0300,1.4100,-0.0847,0.1642,2.00679,0.90
107,0,7.200,37.2225,-84.2606,-1.7543,1.7400,4.0300,1.4100,-0.0853,0.1652,2.00671,0.90
107,0,7.300,37.2140,-84.2440,-1.7550,1.7400,4.0300,1.4100,-0.0857,0.1660,2.00672,0.90
108,0,4.700,-75.4660,152.0147,2.7630,1.8453,4.0300,1.8701,1.7139,-3.5359,-1.11755,0.90
108,0,4.800,-75.2942,151.6605,2.7705,1.8453,4.0300,1.8701,1.7187,-3.5470,-1.11756,0.90
108,0,4.900,-75.1227,151.3063,2.7780,1.8453,4.0300,1.8701,1.7143,-3.5441,-1.11766,0.90
108,0,5.000,-74.9518,150.9526,2.7855,1.8453,4.0300,1.8701,1.6994,-3.5259,-1.11780,0.90
108,0,5.100,-74.7821,150.5997,2.7929,1.8453,4.0300,1.8701,1.6908,-3.5272,-1.11756,0.90
108,0,5.200,-74.6141,150.2481,2.8004,1.8453,4.0300,1.8701,1.6717,-3.5131,-1.11754,0.90
108,0,5.300,-74.4482,149.8981,2.8078,1.8453,4.0300,1.8701,1.6422,-3.4838,-1.11753,0.90
108,0,5.400,-74.2850,149.5500,2.8151,1.8453,4.0300,1.8701,1.5905,-3.4141,-1.11755,0.90
108,0,5.503,-74.1249,149.2041,2.8225,1.8453,4.0300,1.8701,1.5848,-3.4516,-1.11744,0.90
108,0,5.600,-73.9685,148.8606,2.8297,1.8453,4.0300,1.8701,1.5685,-3.4760,-1.11739,0.90
108,0,5.700,-73.8162,148.5198,2.8370,1.8453,4.0300,1.8701,1.4974,-3.3867,-1.11737,0.90
108,0,5.800,-73.6684,148.1819,2.8441,1.8453,4.0300,1.8701,1.4556,-3.3678,-1.11738,0.90
108,0,5.900,-73.5255,147.8472,2.8511,1.8453,4.0300,1.8701,1.4077,-3.3351,-1.11737,0.90
108,0,6.000,-73.3873,147.5158,2.8580,1.8453,4.0300,1.8701,1.3562,-3.2887,-1.11738,0.90
108,0,6.100,-73.2537,147.1881,2.8648,1.8453,4.0300,1.8701,1.3119,-3.2509,-1.11744,0.90
108,0,6.200,-73.1244,146.8643,2.8715,1.8453,4.0300,1.8701,1.2729,-3.2221,-1.11746,0.90
108,0,6.300,-72.9994,146.5446,2.8780,1.8453,4.0300,1.8701,1.2303,-3.1809,-1.11751,0.90
108,0,6.400,-72.8787,146.2290,2.8843,1.8453,4.0300,1.8701,1.1868,-3.1263,-1.11756,0.90
108,0,6.500,-72.7616,145.9181,2.8905,1.8453,4.0300,1.8701,1.1355,-3.0351,-1.11762,0.90
108,0,6.603,-72.6478,145.6121,2.8965,1.8453,4.0300,1.8701,1.1251,-3.0380,-1.11765,0.90
108,0,6.700,-72.5369,145.3113,2.9023,1.8453,4.0300,1.8701,1.1133,-3.0289,-1.11770,0.90
108,0,6.800,-72.4287,145.0158,2.9078,1.8453,4.0300,1.8701,1.0704,-2.9304,-1.11771,0.90
108,0,6.900,-72.3231,144.7260,2.9132,1.8453,4.0300,1.8701,1.0454,-2.8721,-1.11771,0.90
108,0,7.000,-72.2199,144.4422,2.9183,1.8453,4.0300,1.8701,1.0195,-2.7998,-1.11775,0.90
108,0,7.100,-72.1188,144.1649,2.9231,1.8453,4.0300,1.8701,1.0002,-2.7320,-1.11776,0.90
108,0,7.200,-72.0195,143.8947,2.9276,1.8453,4.0300,1.8701,0.9861,-2.6676,-1.11787,0.90
108,0,7.300,-71.9218,143.6322,2.9319,1.8453,4.0300,1.8701,0.9692,-2.5884,-1.11785,0.90
108,0,7.400,-71.8259,143.3777,2.9358,1.8453,4.0300,1.8701,0.9483,-2.4957,-1.11788,0.90
108,0,7.500,-71.7318,143.1320,2.9395,1.8453,4.0300,1.8701,0.9297,-2.4068,-1.11789,0.90
108,0,7.600,-71.6396,142.8954,2.9429,1.8453,4.0300,1.8701,0.9138,-2.3216,-1.11784,0.90
108,0,7.700,-71.5493,142.6683,2.9460,1.8453,4.0300,1.8701,0.8938,-2.2249,-1.11791,0.90
108,0,7.800,-71.4611,142.4510,2.9488,1.8453,4.0300,1.8701,0.8681,-2.1173,-1.11794,0.90
108,0,7.900,-71.3753,142.2440,2.9514,1.8453,4.0300,1.8701,0.8440,-2.0191,-1.11788,0.90
108,0,8.000,-71.2925,142.0478,2.9538,1.8453,4.0300,1.8701,0.8121,-1.9107,-1.11794,0.90
108,0,8.100,-71.2131,141.8624,2.9559,1.8453,4.0300,1.8701,0.7728,-1.7964,-1.11783,0.90
108,0,8.200,-71.1376,141.6878,2.9579,1.8453,4.0300,1.8701,0.7325,-1.6908,-1.11759,0.90
108,0,8.300,-71.0663,141.5236,2.9597,1.8453,4.0300,1.8701,0.6908,-1.5938,-1.11746,0.90
108,0,8.400,-70.9996,141.3695,2.9614,1.8453,4.0300,1.8701,0.6439,-1.4946,-1.11739,0.90
108,0,8.500,-70.9377,141.2251,2.9629,1.8453,4.0300,1.8701,0.5943,-1.3936,-1.11744,0.90
108,0,8.600,-70.8805,141.0902,2.9643,1.8453,4.0300,1.8701,0.5494,-1.3048,-1.11737,0.90
108,0,8.700,-70.8280,140.9645,2.9655,1.8453,4.0300,1.8701,0.5042,-1.2151,-1.11722,0.90
108,0,8.800,-70.7798,140.8475,2.9667,1.8453,4.0300,1.8701,0.4596,-1.1261,-1.11716,0.90
108,0,8.900,-70.7359,140.7388,2.9679,1.8453,4.0300,1.8701,0.4207,-1.0497,-1.11721,0.90
108,0,9.000,-70.6958,140.6378,2.9690,1.8453,4.0300,1.8701,0.3832,-0.9751,-1.11726,0.90
108,0,9.100,-70.6593,140.5440,2.9700,1.8453,4.0300,1.8701,0.3486,-0.9031,-1.11730,0.90
108,0,9.200,-70.6260,140.4569,2.9710,1.8453,4.0300,1.8701,0.3198,-0.8430,-1.11734,0.90
108,0,9.300,-70.5954,140.3757,2.9720,1.8453,4.0300,1.8701,0.2923,-0.7864,-1.11739,0.90
108,0,9.400,-70.5676,140.2998,2.9729,1.8453,4.0300,1.8701,0.2657,-0.7337,-1.11743,0.90
108,0,9.500,-70.5422,140.2286,2.9738,1.8453,4.0300,1.8701,0.2427,-0.6891,-1.11748,0.90
108,0,9.600,-70.5189,140.1617,2.9747,1.8453,4.0300,1.8701,0.2233,-0.6517,-1.11751,0.90
108,0,9.700,-70.4976,140.0985,2.9756,1.8453,4.0300,1.8701,0.2056,-0.6169,-1.11753,0.90
108,0,9.800,-70.4779,140.0385,2.9764,1.8453,4.0300,1.8701,0.1896,-0.5845,-1.11752,0.90
108,0,9.900,-70.4596,139.9813,2.9772,1.8453,4.0300,1.8701,0.1766,-0.5598,-1.11750,0.90
108,0,10.000,-70.4426,139.9267,2.9780,1.8453,4.0300,1.8701,0.1643,-0.5368,-1.11753,0.90
108,0,10.100,-70.4268,139.8741,2.9787,1.8453,4.0300,1.8701,0.1532,-0.5148,-1.11755,0.90
108,0,10.200,-70.4119,139.8235,2.9795,1.8453,4.0300,1.8701,0.1451,-0.4983,-1.11758,0.90
108,0,10.300,-70.3978,139.7746,2.9802,1.8453,4.0300,1.8701,0.1389,-0.4821,-1.11756,0.90
108,0,10.400,-70.3842,139.7272,2.9810,1.8453,4.0300,1.8701,0.1347,-0.4659,-1.11756,0.90
108,0,10.500,-70.3708,139.6812,2.9817,1.8453,4.0300,1.8701,0.1321,-0.4522,-1.11754,0.90
108,0,10.600,-70.3577,139.6366,2.9824,1.8453,4.0300,1.8701,0.1305,-0.4404,-1.11754,0.90
108,0,10.700,-70.3448,139.5933,2.9831,1.8453,4.0300,1.8701,0.1283,-0.4268,-1.11755,0.90
108,0,10.800,-70.3321,139.5513,2.9838,1.8453,4.0300,1.8701,0.1261,-0.4108,-1.11757,0.90
108,0,10.900,-70.3195,139.5110,2.9844,1.8453,4.0300,1.8701,0.1249,-0.3957,-1.11755,0.90
108,0,11.000,-70.3071,139.4723,2.9850,1.8453,4.0300,1.8701,0.1232,-0.3771,-1.11751,0.90
108,0,11.100,-70.2949,139.4356,2.9856,1.8453,4.0300,1.8701,0.1205,-0.3550,-1.11748,0.90
108,0,11.200,-70.2829,139.4012,2.9861,1.8453,4.0300,1.8701,0.1177,-0.3326,-1.11741,0.90
108,0,11.300,-70.2714,139.3692,2.9866,1.8453,4.0300,1.8701,0.1136,-0.3073,-1.11735,0.90
108,0,11.400,-70.2603,139.3398,2.9871,1.8453,4.0300,1.8701,0.1092,-0.2805,-1.11731,0.90
108,0,11.500,-70.2495,139.3130,2.9875,1.8453,4.0300,1.8701,0.1053,-0.2549,-1.11730,0.90
108,0,11.600,-70.2391,139.2887,2.9879,1.8453,4.0300,1.8701,0.1018,-0.2305,-1.11728,0.90
108,0,11.700,-70.2292,139.2670,2.9883,1.8453,4.0300,1.8701,0.0974,-0.2058,-1.11726,0.90
108,0,11.800,-70.2197,139.2476,2.9886,1.8453,4.0300,1.8701,0.0916,-0.1813,-1.11724,0.90
108,0,11.900,-70.2108,139.2306,2.9889,1.8453,4.0300,1.8701,0.0853,-0.1594,-1.11719,0.90
108,0,12.000,-70.2027,139.2158,2.9891,1.8453,4.0300,1.8701,0.0773,-0.1384,-1.11715,0.90
108,0,12.100,-70.1954,139.2030,2.9894,1.8453,4.0300,1.8701,0.0670,-0.1187,-1.11713,0.90
108,0,12.200,-70.1892,139.1920,2.9896,1.8453,4.0300,1.8701,0.0554,-0.1010,-1.11711,0.90
108,0,12.300,-70.1843,139.1827,2.9897,1.8453,4.0300,1.8701,0.0431,-0.0851,-1.11710,0.90
108,0,12.400,-70.1806,139.1750,2.9898,1.8453,4.0300,1.8701,0.0305,-0.0707,-1.11709,0.90
108,0,12.500,-70.1782,139.1686,2.9899,1.8453,4.0300,1.8701,0.0184,-0.0579,-1.11709,0.90
108,0,12.600,-70.1769,139.1634,2.9899,1.8453,4.0300,1.8701,0.0073,-0.0468,-1.11708,0.90
108,0,12.700,-70.1767,139.1593,2.9900,1.8453,4.0300,1.8701,-0.0027,-0.0364,-1.11707,0.90
108,0,12.800,-70.1775,139.1561,2.9900,1.8453,4.0300,1.8701,-0.0113,-0.0270,-1.11706,0.90
108,0,12.900,-70.1790,139.1539,2.9899,1.8453,4.0300,1.8701,-0.0186,-0.0189,-1.11705,0.90
108,0,13.000,-70.1812,139.1523,2.9899,1.8453,4.0300,1.8701,-0.0240,-0.0121,-1.11705,0.90
108,0,13.100,-70.1838,139.1514,2.9899,1.8453,4.0300,1.8701,-0.0280,-0.0065,-1.11705,0.90
108,0,13.200,-70.1868,139.1510,2.9898,1.8453,4.0300,1.8701,-0.0311,-0.0021,-1.11705,0.90
108,0,13.300,-70.1900,139.1510,2.9898,1.8453,4.0300,1.8701,-0.0327,0.0014,-1.11706,0.90
108,0,13.400,-70.1933,139.1513,2.9897,1.8453,4.0300,1.8701,-0.0326,0.0044,-1.11709,0.90
108,0,13.500,-70.1965,139.1519,2.9897,1.8453,4.0300,1.8701,-0.0312,0.0072,-1.11713,0.90
108,0,13.600,-70.1995,139.1527,2.9897,1.8453,4.0300,1.8701,-0.0291,0.0095,-1.11715,0.90
108,0,13.700,-70.2023,139.1538,2.9896,1.8453,4.0300,1.8701,-0.0266,0.0115,-1.11714,0.90
108,0,13.800,-70.2049,139.1550,2.9897,1.8453,4.0300,1.8701,-0.0239,0.0139,-1.11712,0.90
108,0,13.900,-70.2071,139.1566,2.9897,1.8453,4.0300,1.8701,-0.0212,0.0160,-1.11712,0.90
108,0,14.000,-70.2091,139.1582,2.9897,1.8453,4.0300,1.8701,-0.0183,0.0174,-1.11711,0.90
108,0,14.100,-70.2108,139.1600,2.9897,1.8453,4.0300,1.8701,-0.0151,0.0182,-1.11711,0.90
108,0,14.200,-70.2121,139.1619,2.9898,1.8453,4.0300,1.8701,-0.0120,0.0185,-1.11712,0.90
108,0,14.300,-70.2132,139.1638,2.9898,1.8453,4.0300,1.8701,-0.0092,0.0185,-1.11712,0.90
108,0,14.400,-70.2140,139.1656,2.9899,1.8453,4.0300,1.8701,-0.0066,0.0181,-1.11711,0.90
108,0,14.500,-70.2145,139.1674,2.9899,1.8453,4.0300,1.8701,-0.0043,0.0175,-1.11711,0.90
108,0,14.600,-70.2148,139.1691,2.9900,1.8453,4.0300,1.8701,-0.0023,0.0169,-1.11711,0.90
108,0,14.700,-70.2149,139.1707,2.9900,1.8453,4.0300,1.8701,-0.0006,0.0160,-1.11712,0.90
108,0,14.800,-70.2149,139.1723,2.9901,1.8453,4.0300,1.8701,0.0005,0.0150,-1.11712,0.90
108,0,14.900,-70.2148,139.1738,2.9902,1.8453,4.0300,1.8701,0.0014,0.0140,-1.11712,0.90
108,0,15.000,-70.2147,139.1751,2.9902,1.8453,4.0300,1.8701,0.0021,0.0128,-1.11712,0.90
108,0,15.100,-70.2144,139.1763,2.9902,1.8453,4.0300,1.8701,0.0026,0.0117,-1.11712,0.90
108,0,15.200,-70.2141,139.1774,2.9903,1.8453,4.0300,1.8701,0.0030,0.0110,-1.11712,0.90
108,0,15.300,-70.2138,139.1785,2.9903,1.8453,4.0300,1.8701,0.0035,0.0105,-1.11713,0.90
108,0,15.400,-70.2134,139.1796,2.9904,1.8453,4.0300,1.8701,0.0039,0.0105,-1.11713,0.90
108,0,15.500,-70.2130,139.1806,2.9904,1.8453,4.0300,1.8701,0.0042,0.0105,-1.11713,0.90
108,0,15.600,-70.2126,139.1817,2.9904,1.8453,4.0300,1.8701,0.0043,0.0105,-1.11713,0.90
109,0,0.000,-9.7385,6.2806,0.8521,1.7400,4.0851,1.6231,-0.1528,0.1596,-1.12104,0.90
109,0,0.100,-9.7538,6.2966,0.8527,1.7400,4.0851,1.6231,-0.1527,0.1606,-1.12106,0.90
109,0,0.200,-9.7690,6.3127,0.8533,1.7400,4.0851,1.6231,-0.1501,0.1622,-1.12106,0.90
109,0,0.300,-9.7838,6.3290,0.8540,1.7400,4.0851,1.6231,-0.1434,0.1649,-1.12105,0.90
109,0,0.400,-9.7977,6.3458,0.8546,1.7400,4.0851,1.6231,-0.1331,0.1707,-1.12109,0.90
109,0,0.500,-9.8104,6.3631,0.8553,1.7400,4.0851,1.6231,-0.1183,0.1773,-1.12103,0.90
109,0,0.600,-9.8213,6.3812,0.8560,1.7400,4.0851,1.6231,-0.0997,0.1839,-1.12104,0.90
109,0,0.700,-9.8303,6.4000,0.8567,1.7400,4.0851,1.6231,-0.0789,0.1907,-1.12102,0.90
109,0,0.800,-9.8371,6.4194,0.8574,1.7400,4.0851,1.6231,-0.0564,0.1967,-1.12105,0.90
109,0,0.900,-9.8416,6.4393,0.8582,1.7400,4.0851,1.6231,-0.0327,0.1999,-1.12105,0.90
109,0,1.000,-9.8437,6.4593,0.8589,1.7400,4.0851,1.6231,-0.0091,0.1996,-1.12109,0.90
109,0,1.100,-9.8434,6.4793,0.8596,1.7400,4.0851,1.6231,0.0128,0.1977,-1.12113,0.90
109,0,1.200,-9.8411,6.4988,0.8603,1.7400,4.0851,1.6231,0.0318,0.1919,-1.12113,0.90
109,0,1.300,-9.8371,6.5176,0.8610,1.7400,4.0851,1.6231,0.0461,0.1817,-1.12115,0.90
109,0,1.400,-9.8319,6.5352,0.8616,1.7400,4.0851,1.6231,0.0561,0.1690,-1.12115,0.90
109,0,1.500,-9.8259,6.5513,0.8622,1.7400,4.0851,1.6231,0.0628,0.1531,-1.12122,0.90
109,0,1.600,-9.8193,6.5658,0.8627,1.7400,4.0851,1.6231,0.0672,0.1356,-1.12125,0.90
109,0,1.700,-9.8124,6.5785,0.8631,1.7400,4.0851,1.6231,0.0703,0.1184,-1.12125,0.90
109,0,1.800,-9.8052,6.5895,0.8634,1.7400,4.0851,1.6231,0.0722,0.1020,-1.12129,0.90
109,0,1.900,-9.7980,6.5989,0.8637,1.7400,4.0851,1.6231,0.0726,0.0857,-1.12123,0.90
109,0,2.000,-9.7907,6.6066,0.8640,1.7400,4.0851,1.6231,0.0714,0.0698,-1.12113,0.90
109,0,2.100,-9.7837,6.6129,0.8641,1.7400,4.0851,1.6231,0.0693,0.0552,-1.12102,0.90
109,0,2.200,-9.7769,6.6177,0.8643,1.7400,4.0851,1.6231,0.0654,0.0411,-1.12094,0.90
109,0,2.300,-9.7706,6.6211,0.8643,1.7400,4.0851,1.6231,0.0600,0.0273,-1.12077,0.90
109,0,2.400,-9.7649,6.6231,0.8643,1.7400,4.0851,1.6231,0.0532,0.0141,-1.12069,0.90
109,0,2.500,-9.7599,6.6239,0.8643,1.7400,4.0851,1.6231,0.0452,0.0014,-1.12066,0.90
109,0,2.600,-9.7559,6.6234,0.8642,1.7400,4.0851,1.6231,0.0358,-0.0108,-1.12059,0.90
109,0,2.700,-9.7528,6.6217,0.8641,1.7400,4.0851,1.6231,0.0255,-0.0226,-1.12060,0.90
109,0,2.800,-9.7507,6.6189,0.8640,1.7400,4.0851,1.6231,0.0149,-0.0339,-1.12061,0.90
109,0,2.900,-9.7498,6.6150,0.8638,1.7400,4.0851,1.6231,0.0040,-0.0442,-1.12065,0.90
109,0,3.000,-9.7500,6.6101,0.8636,1.7400,4.0851,1.6231,-0.0071,-0.0535,-1.12066,0.90
109,0,3.100,-9.7512,6.6043,0.8633,1.7400,4.0851,1.6231,-0.0181,-0.0621,-1.12069,0.90
109,0,3.200,-9.7536,6.5977,0.8631,1.7400,4.0851,1.6231,-0.0284,-0.0692,-1.12067,0.90
109,0,3.300,-9.7569,6.5904,0.8628,1.7400,4.0851,1.6231,-0.0386,-0.0749,-1.12062,0.90
109,0,3.400,-9.7613,6.5826,0.8625,1.7400,4.0851,1.6231,-0.0492,-0.0806,-1.12065,0.90
109,0,3.500,-9.7667,6.5743,0.8622,1.7400,4.0851,1.6231,-0.0592,-0.0852,-1.12064,0.90
109,0,3.600,-9.7731,6.5656,0.8619,1.7400,4.0851,1.6231,-0.0678,-0.0887,-1.12060,0.90
109,0,3.700,-9.7803,6.5566,0.8616,1.7400,4.0851,1.6231,-0.0748,-0.0913,-1.12055,0.90
109,0,3.800,-9.7881,6.5473,0.8613,1.7400,4.0851,1.6231,-0.0795,-0.0929,-1.12050,0.90
109,0,3.900,-9.7962,6.5380,0.8610,1.7400,4.0851,1.6231,-0.0810,-0.0929,-1.12048,0.90
109,0,4.000,-9.8043,6.5288,0.8608,1.7400,4.0851,1.6231,-0.0791,-0.0913,-1.12045,0.90
109,0,4.100,-9.8120,6.5197,0.8605,1.7400,4.0851,1.6231,-0.0742,-0.0892,-1.12045,0.90
109,0,4.200,-9.8191,6.5109,0.8603,1.7400,4.0851,1.6231,-0.0662,-0.0864,-1.12050,0.90
109,0,4.300,-9.8253,6.5025,0.8600,1.7400,4.0851,1.6231,-0.0560,-0.0831,-1.12053,0.90
109,0,4.400,-9.8303,6.4943,0.8598,1.7400,4.0851,1.6231,-0.0450,-0.0804,-1.12055,0.90
109,0,4.500,-9.8342,6.4864,0.8596,1.7400,4.0851,1.6231,-0.0332,-0.0778,-1.12058,0.90
109,0,4.600,-9.8370,6.4787,0.8593,1.7400,4.0851,1.6231,-0.0212,-0.0760,-1.12058,0.90
109,0,4.700,-9.8385,6.4712,0.8591,1.7400,4.0851,1.6231,-0.0093,-0.0758,-1.12058,0.90
109,0,4.800,-9.8388,6.4636,0.8589,1.7400,4.0851,1.6231,0.0021,-0.0766,-1.12058,0.90
109,0,4.900,-9.8381,6.4559,0.8586,1.7400,4.0851,1.6231,0.0123,-0.0776,-1.12058,0.90
109,0,5.000,-9.8364,6.4481,0.8583,1.7400,4.0851,1.6231,0.0210,-0.0787,-1.12058,0.90
109,0,5.100,-9.8339,6.4401,0.8580,1.7400,4.0851,1.6231,0.0284,-0.0804,-1.12058,0.90
109,0,5.200,-9.8307,6.4320,0.8577,1.7400,4.0851,1.6231,0.0341,-0.0814,-1.12057,0.90
109,0,5.300,-9.8270,6.4239,0.8574,1.7400,4.0851,1.6231,0.0381,-0.0810,-1.12056,0.90
109,0,5.400,-9.8231,6.4158,0.8570,1.7400,4.0851,1.6231,0.0398,-0.0790,-1.12051,0.90
109,0,5.503,-9.8190,6.4078,0.8567,1.7400,4.0851,1.6231,0.0413,-0.0787,-1.12048,0.90
109,0,5.600,-9.8148,6.4000,0.8564,1.7400,4.0851,1.6231,0.0418,-0.0775,-1.12043,0.90
109,0,5.700,-9.8107,6.3925,0.8561,1.7400,4.0851,1.6231,0.0402,-0.0732,-1.12042,0.90
109,0,5.800,-9.8068,6.3854,0.8558,1.7400,4.0851,1.6231,0.0390,-0.0699,-1.12043,0.90
109,0,5.900,-9.8030,6.3786,0.8555,1.7400,4.0851,1.6231,0.0373,-0.0656,-1.12042,0.90
109,0,6.000,-9.7993,6.3723,0.8552,1.7400,4.0851,1.6231,0.0352,-0.0606,-1.12042,0.90
109,0,6.100,-9.7959,6.3664,0.8549,1.7400,4.0851,1.6231,0.0328,-0.0554,-1.12048,0.90
109,0,6.200,-9.7927,6.3612,0.8547,1.7400,4.0851,1.6231,0.0300,-0.0498,-1.12050,0.90
109,0,6.300,-9.7899,6.3565,0.8544,1.7400,4.0851,1.6231,0.0267,-0.0434,-1.12053,0.90
109,0,6.400,-9.7874,6.3525,0.8542,1.7400,4.0851,1.6231,0.0232,-0.0364,-1.12058,0.90
109,0,6.500,-9.7852,6.3492,0.8540,1.7400,4.0851,1.6231,0.0195,-0.0285,-1.12063,0.90
109,0,6.603,-9.7834,6.3467,0.8538,1.7400,4.0851,1.6231,0.0164,-0.0212,-1.12065,0.90
109,0,6.700,-9.7820,6.3450,0.8537,1.7400,4.0851,1.6231,0.0133,-0.0137,-1.12069,0.90
109,0,6.800,-9.7808,6.3440,0.8536,1.7400,4.0851,1.6231,0.0106,-0.0068,-1.12070,0.90
109,0,6.900,-9.7798,6.3436,0.8535,1.7400,4.0851,1.6231,0.0086,-0.0011,-1.12070,0.90
109,0,7.000,-9.7791,6.3438,0.8534,1.7400,4.0851,1.6231,0.0069,0.0035,-1.12072,0.90
109,0,7.100,-9.7785,6.3443,0.8534,1.7400,4.0851,1.6231,0.0058,0.0066,-1.12073,0.90
109,0,7.200,-9.7779,6.3451,0.8534,1.7400,4.0851,1.6231,0.0058,0.0079,-1.12082,0.90
109,0,7.300,-9.7773,6.3459,0.8533,1.7400,4.0851,1.6231,0.0065,0.0084,-1.12081,0.90
109,0,7.400,-9.7766,6.3468,0.8533,1.7400,4.0851,1.6231,0.0074,0.0095,-1.12083,0.90
109,0,7.500,-9.7758,6.3478,0.8533,1.7400,4.0851,1.6231,0.0087,0.0112,-1.12084,0.90
109,0,7.600,-9.7749,6.3490,0.8533,1.7400,4.0851,1.6231,0.0104,0.0135,-1.12080,0.90
109,0,7.700,-9.7737,6.3505,0.8533,1.7400,4.0851,1.6231,0.0124,0.0162,-1.12087,0.90
109,0,7.800,-9.7724,6.3523,0.8533,1.7400,4.0851,1.6231,0.0148,0.0191,-1.12091,0.90
109,0,7.900,-9.7708,6.3543,0.8534,1.7400,4.0851,1.6231,0.0178,0.0220,-1.12087,0.90
109,0,8.000,-9.7688,6.3567,0.8535,1.7400,4.0851,1.6231,0.0210,0.0248,-1.12049,0.90
109,0,8.100,-9.7666,6.3593,0.8536,1.7400,4.0851,1.6231,0.0242,0.0276,-1.12004,0.90
109,0,8.200,-9.7640,6.3622,0.8537,1.7400,4.0851,1.6231,0.0274,0.0307,-1.12062,0.90
109,0,8.300,-9.7611,6.3654,0.8538,1.7400,4.0851,1.6231,0.0307,0.0339,-1.12050,0.90
109,0,8.400,-9.7579,6.3689,0.8540,1.7400,4.0851,1.6231,0.0337,0.0367,-1.12043,0.90
109,0,8.500,-9.7544,6.3727,0.8541,1.7400,4.0851,1.6231,0.0366,0.0392,-1.12049,0.90
109,0,8.600,-9.7505,6.3768,0.8543,1.7400,4.0851,1.6231,0.0395,0.0419,-1.12117,0.90
109,0,8.700,-9.7465,6.3811,0.8545,1.7400,4.0851,1.6231,0.0421,0.0443,-1.12033,0.90
109,0,8.800,-9.7421,6.3856,0.8547,1.7400,4.0851,1.6231,0.0445,0.0464,-1.12258,0.90
109,0,8.900,-9.7375,6.3904,0.8550,1.7400,4.0851,1.6231,0.0470,0.0487,-1.12320,0.90
109,0,9.000,-9.7327,6.3954,0.8552,1.7400,4.0851,1.6231,0.0492,0.0507,-1.12407,0.90
109,0,9.100,-9.7277,6.4005,0.8554,1.7400,4.0851,1.6231,0.0512,0.0524,-1.12479,0.90
109,0,9.200,-9.7225,6.4059,0.8557,1.7400,4.0851,1.6231,0.0533,0.0544,-1.12513,0.90
109,0,9.300,-9.7171,6.4114,0.8559,1.7400,4.0851,1.6231,0.0552,0.0560,-1.12532,0.90
109,0,9.400,-9.7115,6.4171,0.8562,1.7400,4.0851,1.6231,0.0567,0.0574,-1.12556,0.90
109,0,9.500,-9.7057,6.4229,0.8565,1.7400,4.0851,1.6231,0.0584,0.0589,-1.12564,0.90
109,0,9.600,-9.6998,6.4289,0.8568,1.7400,4.0851,1.6231,0.0601,0.0604,-1.12555,0.90
109,0,9.700,-9.6937,6.4350,0.8571,1.7400,4.0851,1.6231,0.0614,0.0617,-1.12526,0.90
109,0,9.800,-9.6875,6.4412,0.8574,1.7400,4.0851,1.6231,0.0625,0.0626,-1.12496,0.90
109,0,9.900,-9.6812,6.4475,0.8577,1.7400,4.0851,1.6231,0.0639,0.0639,-1.12470,0.90
109,0,10.000,-9.6747,6.4539,0.8580,1.7400,4.0851,1.6231,0.0650,0.0648,-1.12453,0.90
109,0,10.100,-9.6682,6.4605,0.8583,1.7400,4.0851,1.6231,0.0657,0.0655,-1.12431,0.90
109,0,10.200,-9.6616,6.4671,0.8586,1.7400,4.0851,1.6231,0.0668,0.0665,-1.12403,0.90
109,0,10.300,-9.6549,6.4737,0.8590,1.7400,4.0851,1.6231,0.0675,0.0671,-1.12372,0.90
109,0,10.400,-9.6481,6.4805,0.8593,1.7400,4.0851,1.6231,0.0679,0.0675,-1.12338,0.90
109,0,10.500,-9.6412,6.4873,0.8596,1.7400,4.0851,1.6231,0.0685,0.0680,-1.12291,0.90
109,0,10.600,-9.6344,6.4941,0.8600,1.7400,4.0851,1.6231,0.0691,0.0686,-1.12061,0.90
109,0,10.700,-9.6274,6.5010,0.8603,1.7400,4.0851,1.6231,0.0695,0.0689,-1.12212,0.90
109,0,10.800,-9.6205,6.5079,0.8606,1.7400,4.0851,1.6231,0.0695,0.0689,-1.12063,0.90
109,0,10.900,-9.6135,6.5148,0.8610,1.7400,4.0851,1.6231,0.0699,0.0693,-1.12062,0.90
109,0,11.000,-9.6065,6.5217,0.8613,1.7400,4.0851,1.6231,0.0702,0.0696,-1.12058,0.90
110,0,0.000,42.6225,-102.7025,-1.4676,1.7400,4.0300,1.4100,-0.2216,-0.0982,-1.14633,0.90
110,0,0.100,42.6003,-102.7124,-1.4677,1.7400,4.0300,1.4100,-0.2221,-0.0988,-1.14634,0.90
110,0,0.200,42.5781,-102.7223,-1.4678,1.7400,4.0300,1.4100,-0.2219,-0.0991,-1.14634,0.90
110,0,0.300,42.5560,-102.7322,-1.4679,1.7400,4.0300,1.4100,-0.2215,-0.0987,-1.14667,0.90
110,0,0.400,42.5337,-102.7420,-1.4680,1.7400,4.0300,1.4100,-0.2231,-0.0986,-1.14673,0.90
110,0,0.500,42.5114,-102.7519,-1.4682,1.7400,4.0300,1.4100,-0.2245,-0.0978,-1.14664,0.90
110,0,0.600,42.4889,-102.7616,-1.4683,1.7400,4.0300,1.4100,-0.2258,-0.0963,-1.14657,0.90
110,0,0.700,42.4662,-102.7711,-1.4684,1.7400,4.0300,1.4100,-0.2283,-0.0947,-1.14630,0.90
110,0,0.800,42.4431,-102.7805,-1.4685,1.7400,4.0300,1.4100,-0.2321,-0.0931,-1.14634,0.90
110,0,0.900,42.4198,-102.7897,-1.4686,1.7400,4.0300,1.4100,-0.2353,-0.0911,-1.14633,0.90
110,0,1.000,42.3961,-102.7987,-1.4687,1.7400,4.0300,1.4100,-0.2368,-0.0886,-1.14638,0.90
110,0,1.100,42.3723,-102.8075,-1.4688,1.7400,4.0300,1.4100,-0.2379,-0.0864,-1.14642,0.90
110,0,1.200,42.3486,-102.8160,-1.4689,1.7400,4.0300,1.4100,-0.2361,-0.0837,-1.14670,0.90
110,0,1.300,42.3252,-102.8242,-1.4690,1.7400,4.0300,1.4100,-0.2316,-0.0805,-1.14644,0.90
110,0,1.400,42.3022,-102.8321,-1.4691,1.7400,4.0300,1.4100,-0.2265,-0.0776,-1.14643,0.90
110,0,1.500,42.2799,-102.8397,-1.4692,1.7400,4.0300,1.4100,-0.2187,-0.0741,-1.14651,0.90
110,0,1.600,42.2585,-102.8469,-1.4692,1.7400,4.0300,1.4100,-0.2081,-0.0702,-1.14654,0.90
110,0,1.700,42.2382,-102.8538,-1.4693,1.7400,4.0300,1.4100,-0.1961,-0.0663,-1.14649,0.90
110,0,1.800,42.2192,-102.8602,-1.4693,1.7400,4.0300,1.4100,-0.1827,-0.0622,-1.14658,0.90
110,0,1.900,42.2017,-102.8662,-1.4693,1.7400,4.0300,1.4100,-0.1655,-0.0579,-1.14652,0.90
110,0,2.000,42.1862,-102.8718,-1.4693,1.7400,4.0300,1.4100,-0.1462,-0.0537,-1.14595,0.90
110,0,2.100,42.1724,-102.8770,-1.4693,1.7400,4.0300,1.4100,-0.1292,-0.0502,-1.14572,0.90
110,0,2.200,42.1604,-102.8818,-1.4692,1.7400,4.0300,1.4100,-0.1131,-0.0469,-1.14623,0.90
110,0,2.300,42.1499,-102.8863,-1.4691,1.7400,4.0300,1.4100,-0.0978,-0.0439,-1.14516,0.90
110,0,2.400,42.1408,-102.8906,-1.4690,1.7400,4.0300,1.4100,-0.0842,-0.0414,-1.14483,0.90
110,0,2.500,42.1330,-102.8946,-1.4689,1.7400,4.0300,1.4100,-0.0720,-0.0394,-1.14594,0.90
110,0,2.600,42.1264,-102.8985,-1.4688,1.7400,4.0300,1.4100,-0.0607,-0.0377,-1.14460,0.90
110,0,2.700,42.1209,-102.9022,-1.4687,1.7400,4.0300,1.4100,-0.0504,-0.0363,-1.14502,0.90
110,0,2.800,42.1163,-102.9057,-1.4685,1.7400,4.0300,1.4100,-0.0416,-0.0354,-1.14590,0.90
110,0,2.900,42.1125,-102.9092,-1.4684,1.7400,4.0300,1.4100,-0.0338,-0.0348,-1.14551,0.90
110,0,3.000,42.1095,-102.9127,-1.4683,1.7400,4.0300,1.4100,-0.0271,-0.0345,-1.14594,0.90
110,0,3.100,42.1071,-102.9162,-1.4681,1.7400,4.0300,1.4100,-0.0201,-0.0342,-1.14597,0.90
110,0,3.200,42.1055,-102.9195,-1.4680,1.7400,4.0300,1.4100,-0.0129,-0.0337,-1.14542,0.90
110,0,3.300,42.1045,-102.9229,-1.4678,1.7400,4.0300,1.4100,-0.0071,-0.0334,-1.14522,0.90
110,0,3.400,42.1041,-102.9262,-1.4677,1.7400,4.0300,1.4100,-0.0029,-0.0338,-1.14509,0.90
110,0,3.500,42.1040,-102.9296,-1.4675,1.7400,4.0300,1.4100,-0.0001,-0.0345,-1.14486,0.90
110,0,3.600,42.1041,-102.9331,-1.4674,1.7400,4.0300,1.4100,0.0012,-0.0356,-1.14473,0.90
110,0,3.700,42.1042,-102.9368,-1.4672,1.7400,4.0300,1.4100,0.0010,-0.0372,-1.14469,0.90
110,0,3.800,42.1043,-102.9406,-1.4671,1.7400,4.0300,1.4100,-0.0006,-0.0393,-1.14497,0.90
110,0,3.900,42.1041,-102.9446,-1.4670,1.7400,4.0300,1.4100,-0.0038,-0.0418,-1.14576,0.90
110,0,4.000,42.1035,-102.9489,-1.4668,1.7400,4.0300,1.4100,-0.0083,-0.0445,-1.14573,0.90
110,0,4.100,42.1024,-102.9535,-1.4667,1.7400,4.0300,1.4100,-0.0145,-0.0479,-1.14552,0.90
110,0,4.200,42.1006,-102.9585,-1.4666,1.7400,4.0300,1.4100,-0.0221,-0.0518,-1.14554,0.90
110,0,4.300,42.0980,-102.9639,-1.4665,1.7400,4.0300,1.4100,-0.0311,-0.0559,-1.14543,0.90
110,0,4.400,42.0944,-102.9697,-1.4664,1.7400,4.0300,1.4100,-0.0418,-0.0607,-1.14584,0.90
110,0,4.500,42.0896,-102.9760,-1.4663,1.7400,4.0300,1.4100,-0.0540,-0.0659,-1.14586,0.90
110,0,4.600,42.0836,-102.9828,-1.4663,1.7400,4.0300,1.4100,-0.0675,-0.0713,-1.14587,0.90
110,0,4.700,42.0761,-102.9903,-1.4662,1.7400,4.0300,1.4100,-0.0828,-0.0775,-1.14579,0.90
110,0,4.800,42.0670,-102.9984,-1.4662,1.7400,4.0300,1.4100,-0.1000,-0.0844,-1.14587,0.90
110,0,4.900,42.0561,-103.0071,-1.4661,1.7400,4.0300,1.4100,-0.1169,-0.0910,-1.14586,0.90
110,0,5.000,42.0437,-103.0165,-1.4661,1.7400,4.0300,1.4100,-0.1317,-0.0967,-1.14663,0.90
110,0,5.100,42.0297,-103.0265,-1.4661,1.7400,4.0300,1.4100,-0.1458,-0.1025,-1.14587,0.90
110,0,5.200,42.0145,-103.0370,-1.4662,1.7400,4.0300,1.4100,-0.1578,-0.1075,-1.14689,0.90
110,0,5.300,41.9982,-103.0480,-1.4662,1.7400,4.0300,1.4100,-0.1677,-0.1115,-1.14692,0.90
110,0,5.400,41.9809,-103.0594,-1.4662,1.7400,4.0300,1.4100,-0.1741,-0.1136,-1.14580,0.90
110,0,5.503,41.9628,-103.0711,-1.4663,1.7400,4.0300,1.4100,-0.1845,-0.1190,-1.14577,0.90
110,0,5.600,41.9441,-103.0831,-1.4664,1.7400,4.0300,1.4100,-0.1930,-0.1236,-1.14572,0.90
110,0,5.700,41.9248,-103.0954,-1.4664,1.7400,4.0300,1.4100,-0.1938,-0.1237,-1.14570,0.90
110,0,5.800,41.9052,-103.1079,-1.4665,1.7400,4.0300,1.4100,-0.1972,-0.1258,-1.14572,0.90
110,0,5.900,41.8854,-103.1206,-1.4666,1.7400,4.0300,1.4100,-0.1984,-0.1270,-1.14571,0.90
110,0,6.000,41.8656,-103.1333,-1.4667,1.7400,4.0300,1.4100,-0.1981,-0.1276,-1.14571,0.90
110,0,6.100,41.8457,-103.1461,-1.4668,1.7400,4.0300,1.4100,-0.1984,-0.1283,-1.14611,0.90
110,0,6.200,41.8258,-103.1590,-1.4669,1.7400,4.0300,1.4100,-0.1993,-0.1293,-1.14623,0.90
110,0,6.300,41.8059,-103.1719,-1.4670,1.7400,4.0300,1.4100,-0.1995,-0.1297,-1.14640,0.90
110,0,6.400,41.7860,-103.1849,-1.4671,1.7400,4.0300,1.4100,-0.1989,-0.1295,-1.14632,0.90
110,0,6.500,41.7661,-103.1979,-1.4673,1.7400,4.0300,1.4100,-0.1990,-0.1296,-1.14592,0.90
111,0,0.000,2.7761,-20.3161,-0.0368,1.8265,4.0300,1.7101,-0.0240,-0.0246,-1.15982,0.90
111,0,0.100,2.7737,-20.3185,-0.0369,1.8265,4.0300,1.7101,-0.0241,-0.0247,-1.15983,0.90
111,0,0.200,2.7713,-20.3210,-0.0369,1.8265,4.0300,1.7101,-0.0242,-0.0248,-1.15983,0.90
111,0,0.300,2.7689,-20.3235,-0.0370,1.8265,4.0300,1.7101,-0.0244,-0.0248,-1.15982,0.90
111,0,0.400,2.7664,-20.3260,-0.0371,1.8265,4.0300,1.7101,-0.0247,-0.0251,-1.15987,0.90
111,0,0.500,2.7640,-20.3285,-0.0371,1.8265,4.0300,1.7101,-0.0249,-0.0253,-1.15980,0.90
111,0,0.600,2.7615,-20.3310,-0.0372,1.8265,4.0300,1.7101,-0.0251,-0.0257,-1.15982,0.90
111,0,0.700,2.7589,-20.3336,-0.0373,1.8265,4.0300,1.7101,-0.0256,-0.0264,-1.15979,0.90
111,0,0.800,2.7563,-20.3363,-0.0374,1.8265,4.0300,1.7101,-0.0264,-0.0276,-1.15983,0.90
111,0,0.900,2.7537,-20.3391,-0.0374,1.8265,4.0300,1.7101,-0.0272,-0.0288,-1.15982,0.90
111,0,1.000,2.7509,-20.3421,-0.0375,1.8265,4.0300,1.7101,-0.0279,-0.0293,-1.15987,0.90
111,0,1.100,2.7481,-20.3450,-0.0376,1.8265,4.0300,1.7101,-0.0285,-0.0296,-1.15991,0.90
111,0,1.200,2.7452,-20.3480,-0.0377,1.8265,4.0300,1.7101,-0.0288,-0.0293,-1.15991,0.90
111,0,1.300,2.7423,-20.3509,-0.0377,1.8265,4.0300,1.7101,-0.0288,-0.0282,-1.15993,0.90
111,0,1.400,2.7394,-20.3536,-0.0378,1.8265,4.0300,1.7101,-0.0286,-0.0267,-1.15992,0.90
111,0,1.500,2.7366,-20.3562,-0.0379,1.8265,4.0300,1.7101,-0.0275,-0.0240,-1.16000,0.90
111,0,1.600,2.7340,-20.3584,-0.0380,1.8265,4.0300,1.7101,-0.0249,-0.0202,-1.16003,0.90
111,0,1.700,2.7316,-20.3602,-0.0380,1.8265,4.0300,1.7101,-0.0207,-0.0154,-1.16003,0.90
111,0,1.800,2.7298,-20.3615,-0.0380,1.8265,4.0300,1.7101,-0.0158,-0.0101,-1.16007,0.90
111,0,1.900,2.7285,-20.3623,-0.0381,1.8265,4.0300,1.7101,-0.0104,-0.0045,-1.16001,0.90
111,0,2.000,2.7277,-20.3624,-0.0381,1.8265,4.0300,1.7101,-0.0049,0.0010,-1.15990,0.90
111,0,2.100,2.7275,-20.3621,-0.0381,1.8265,4.0300,1.7101,0.0005,0.0057,-1.15980,0.90
111,0,2.200,2.7278,-20.3613,-0.0381,1.8265,4.0300,1.7101,0.0054,0.0094,-1.15972,0.90
111,0,2.300,2.7286,-20.3602,-0.0380,1.8265,4.0300,1.7101,0.0103,0.0125,-1.15954,0.90
111,0,2.400,2.7299,-20.3588,-0.0380,1.8265,4.0300,1.7101,0.0156,0.0150,-1.15946,0.90
111,0,2.500,2.7317,-20.3572,-0.0380,1.8265,4.0300,1.7101,0.0216,0.0173,-1.15943,0.90
111,0,2.600,2.7342,-20.3553,-0.0379,1.8265,4.0300,1.7101,0.0283,0.0192,-1.15936,0.90
111,0,2.700,2.7374,-20.3533,-0.0379,1.8265,4.0300,1.7101,0.0349,0.0205,-1.15938,0.90
111,0,2.800,2.7412,-20.3512,-0.0378,1.8265,4.0300,1.7101,0.0406,0.0212,-1.15939,0.90
111,0,2.900,2.7455,-20.3491,-0.0378,1.8265,4.0300,1.7101,0.0443,0.0206,-1.15943,0.90
111,0,3.000,2.7500,-20.3471,-0.0378,1.8265,4.0300,1.7101,0.0455,0.0188,-1.15943,0.90
111,0,3.100,2.7546,-20.3453,-0.0377,1.8265,4.0300,1.7101,0.0451,0.0162,-1.15946,0.90
111,0,3.200,2.7590,-20.3439,-0.0377,1.8265,4.0300,1.7101,0.0426,0.0125,-1.15945,0.90
111,0,3.300,2.7631,-20.3428,-0.0376,1.8265,4.0300,1.7101,0.0383,0.0079,-1.15940,0.90
111,0,3.400,2.7667,-20.3423,-0.0376,1.8265,4.0300,1.7101,0.0327,0.0026,-1.15943,0.90
111,0,3.500,2.7696,-20.3423,-0.0376,1.8265,4.0300,1.7101,0.0257,-0.0031,-1.15942,0.90
111,0,3.600,2.7719,-20.3429,-0.0376,1.8265,4.0300,1.7101,0.0181,-0.0088,-1.15938,0.90
111,0,3.700,2.7733,-20.3441,-0.0376,1.8265,4.0300,1.7101,0.0100,-0.0143,-1.15933,0.90
111,0,3.800,2.7739,-20.3458,-0.0376,1.8265,4.0300,1.7101,0.0012,-0.0196,-1.15927,0.90
111,0,3.900,2.7735,-20.3480,-0.0375,1.8265,4.0300,1.7101,-0.0079,-0.0247,-1.15925,0.90
111,0,4.000,2.7723,-20.3507,-0.0376,1.8265,4.0300,1.7101,-0.0169,-0.0293,-1.15922,0.90
111,0,4.100,2.7701,-20.3539,-0.0376,1.8265,4.0300,1.7101,-0.0262,-0.0339,-1.15923,0.90
111,0,4.200,2.7671,-20.3575,-0.0376,1.8265,4.0300,1.7101,-0.0356,-0.0382,-1.15928,0.90
111,0,4.300,2.7630,-20.3615,-0.0376,1.8265,4.0300,1.7101,-0.0454,-0.0423,-1.15930,0.90
111,0,4.400,2.7580,-20.3659,-0.0376,1.8265,4.0300,1.7101,-0.0559,-0.0466,-1.15933,0.90
111,0,4.500,2.7519,-20.3708,-0.0376,1.8265,4.0300,1.7101,-0.0663,-0.0504,-1.15935,0.90
111,0,4.600,2.7447,-20.3760,-0.0377,1.8265,4.0300,1.7101,-0.0758,-0.0531,-1.15936,0.90
111,0,4.700,2.7367,-20.3814,-0.0377,1.8265,4.0300,1.7101,-0.0842,-0.0545,-1.15935,0.90
111,0,4.800,2.7278,-20.3869,-0.0377,1.8265,4.0300,1.7101,-0.0907,-0.0542,-1.15936,0.90
111,0,4.900,2.7186,-20.3923,-0.0377,1.8265,4.0300,1.7101,-0.0935,-0.0515,-1.15935,0.90
111,0,5.000,2.7092,-20.3972,-0.0377,1.8265,4.0300,1.7101,-0.0917,-0.0462,-1.15936,0.90
111,0,5.100,2.7002,-20.4015,-0.0378,1.8265,4.0300,1.7101,-0.0860,-0.0390,-1.15936,0.90
111,0,5.200,2.6920,-20.4050,-0.0378,1.8265,4.0300,1.7101,-0.0775,-0.0308,-1.15935,0.90
111,0,5.300,2.6847,-20.4077,-0.0378,1.8265,4.0300,1.7101,-0.0678,-0.0226,-1.15933,0.90
111,0,5.400,2.6784,-20.4095,-0.0378,1.8265,4.0300,1.7101,-0.0556,-0.0138,-1.15929,0.90
111,0,5.503,2.6734,-20.4105,-0.0378,1.8265,4.0300,1.7101,-0.0426,-0.0051,-1.15926,0.90
111,0,5.600,2.6699,-20.4105,-0.0378,1.8265,4.0300,1.7101,-0.0269,0.0038,-1.15921,0.90
111,0,5.700,2.6681,-20.4097,-0.0378,1.8265,4.0300,1.7101,-0.0091,0.0125,-1.15919,0.90
111,0,5.800,2.6681,-20.4080,-0.0379,1.8265,4.0300,1.7101,0.0079,0.0207,-1.15921,0.90
111,0,5.900,2.6697,-20.4056,-0.0379,1.8265,4.0300,1.7101,0.0229,0.0275,-1.15920,0.90
111,0,6.000,2.6726,-20.4025,-0.0380,1.8265,4.0300,1.7101,0.0338,0.0325,-1.15920,0.90
111,0,6.100,2.6765,-20.3991,-0.0380,1.8265,4.0300,1.7101,0.0407,0.0362,-1.15926,0.90
111,0,6.200,2.6808,-20.3953,-0.0381,1.8265,4.0300,1.7101,0.0442,0.0387,-1.15927,0.90
111,0,6.300,2.6853,-20.3913,-0.0381,1.8265,4.0300,1.7101,0.0432,0.0397,-1.15931,0.90
111,0,6.400,2.6894,-20.3874,-0.0382,1.8265,4.0300,1.7101,0.0378,0.0390,-1.15936,0.90
111,0,6.500,2.6928,-20.3835,-0.0383,1.8265,4.0300,1.7101,0.0288,0.0364,-1.15941,0.90
111,0,6.603,2.6953,-20.3800,-0.0384,1.8265,4.0300,1.7101,0.0180,0.0332,-1.15942,0.90
111,0,6.700,2.6965,-20.3769,-0.0384,1.8265,4.0300,1.7101,0.0041,0.0280,-1.15947,0.90
111,0,6.800,2.6961,-20.3745,-0.0385,1.8265,4.0300,1.7101,-0.0103,0.0213,-1.15948,0.90
111,0,6.900,2.6944,-20.3727,-0.0386,1.8265,4.0300,1.7101,-0.0225,0.0152,-1.15947,0.90
111,0,7.000,2.6916,-20.3714,-0.0387,1.8265,4.0300,1.7101,-0.0322,0.0094,-1.15950,0.90
111,0,7.100,2.6879,-20.3708,-0.0387,1.8265,4.0300,1.7101,-0.0412,0.0038,-1.15951,0.90
111,0,7.200,2.6834,-20.3707,-0.0387,1.8265,4.0300,1.7101,-0.0503,-0.0016,-1.15960,0.90
111,0,7.300,2.6779,-20.3711,-0.0387,1.8265,4.0300,1.7101,-0.0593,-0.0073,-1.15958,0.90
111,0,7.400,2.6715,-20.3721,-0.0387,1.8265,4.0300,1.7101,-0.0681,-0.0135,-1.15960,0.90
111,0,7.500,2.6643,-20.3738,-0.0387,1.8265,4.0300,1.7101,-0.0759,-0.0196,-1.15962,0.90
111,0,7.600,2.6563,-20.3761,-0.0386,1.8265,4.0300,1.7101,-0.0829,-0.0255,-1.15958,0.90
111,0,7.700,2.6477,-20.3789,-0.0385,1.8265,4.0300,1.7101,-0.0891,-0.0308,-1.15965,0.90
111,0,7.800,2.6385,-20.3822,-0.0383,1.8265,4.0300,1.7101,-0.0943,-0.0344,-1.15969,0.90
111,0,7.900,2.6288,-20.3858,-0.0382,1.8265,4.0300,1.7101,-0.0988,-0.0366,-1.15964,0.90
111,0,8.000,2.6188,-20.3895,-0.0380,1.8265,4.0300,1.7101,-0.1014,-0.0373,-1.15971,0.90
111,0,8.100,2.6086,-20.3932,-0.0378,1.8265,4.0300,1.7101,-0.1008,-0.0362,-1.15962,0.90
111,0,8.200,2.5986,-20.3968,-0.0376,1.8265,4.0300,1.7101,-0.0973,-0.0336,-1.15940,0.90
111,0,8.300,2.5891,-20.4000,-0.0374,1.8265,4.0300,1.7101,-0.0910,-0.0294,-1.15928,0.90
111,0,8.400,2.5804,-20.4026,-0.0371,1.8265,4.0300,1.7101,-0.0818,-0.0235,-1.15920,0.90
111,0,8.500,2.5727,-20.4047,-0.0369,1.8265,4.0300,1.7101,-0.0701,-0.0167,-1.15926,0.90
111,0,8.600,2.5663,-20.4060,-0.0367,1.8265,4.0300,1.7101,-0.0578,-0.0093,-1.15922,0.90
111,0,8.700,2.5612,-20.4065,-0.0364,1.8265,4.0300,1.7101,-0.0451,-0.0015,-1.15910,0.90
111,0,8.800,2.5573,-20.4063,-0.0362,1.8265,4.0300,1.7101,-0.0328,0.0059,-1.15906,0.90
111,0,8.900,2.5546,-20.4054,-0.0359,1.8265,4.0300,1.7101,-0.0225,0.0124,-1.15909,0.90
111,0,9.000,2.5528,-20.4038,-0.0357,1.8265,4.0300,1.7101,-0.0138,0.0178,-1.15914,0.90
111,0,9.100,2.5519,-20.4018,-0.0354,1.8265,4.0300,1.7101,-0.0052,0.0222,-1.15917,0.90
111,0,9.200,2.5518,-20.3994,-0.0352,1.8265,4.0300,1.7101,0.0054,0.0258,-1.15921,0.90
111,0,9.300,2.5529,-20.3966,-0.0349,1.8265,4.0300,1.7101,0.0182,0.0272,-1.15925,0.90
111,0,9.400,2.5554,-20.3939,-0.0347,1.8265,4.0300,1.7101,0.0315,0.0258,-1.15929,0.90
111,0,9.500,2.5593,-20.3915,-0.0345,1.8265,4.0300,1.7101,0.0450,0.0223,-1.15933,0.90
111,0,9.600,2.5645,-20.3895,-0.0344,1.8265,4.0300,1.7101,0.0578,0.0184,-1.15936,0.90
111,0,9.700,2.5708,-20.3878,-0.0343,1.8265,4.0300,1.7101,0.0680,0.0149,-1.15937,0.90
111,0,9.800,2.5780,-20.3865,-0.0342,1.8265,4.0300,1.7101,0.0757,0.0113,-1.15936,0.90
111,0,9.900,2.5860,-20.3855,-0.0342,1.8265,4.0300,1.7101,0.0830,0.0076,-1.15935,0.90
111,0,10.000,2.5946,-20.3850,-0.0342,1.8265,4.0300,1.7101,0.0895,0.0038,-1.15943,0.90
111,0,10.100,2.6038,-20.3848,-0.0342,1.8265,4.0300,1.7101,0.0946,-0.0000,-1.15946,0.90
111,0,10.200,2.6136,-20.3850,-0.0342,1.8265,4.0300,1.7101,0.0994,-0.0041,-1.15942,0.90
111,0,10.300,2.6237,-20.3856,-0.0343,1.8265,4.0300,1.7101,0.1028,-0.0087,-1.15940,0.90
111,0,10.400,2.6341,-20.3867,-0.0343,1.8265,4.0300,1.7101,0.1046,-0.0140,-1.15940,0.90
111,0,10.500,2.6447,-20.3884,-0.0345,1.8265,4.0300,1.7101,0.1049,-0.0192,-1.15939,0.90
111,0,10.600,2.6551,-20.3906,-0.0346,1.8265,4.0300,1.7101,0.1036,-0.0231,-1.15939,0.90
111,0,10.700,2.6654,-20.3930,-0.0348,1.8265,4.0300,1.7101,0.1008,-0.0250,-1.15939,0.90
111,0,10.800,2.6753,-20.3955,-0.0349,1.8265,4.0300,1.7101,0.0966,-0.0250,-1.15941,0.90
111,0,10.900,2.6847,-20.3980,-0.0351,1.8265,4.0300,1.7101,0.0931,-0.0238,-1.15939,0.90
111,0,11.000,2.6939,-20.4003,-0.0353,1.8265,4.0300,1.7101,0.0902,-0.0219,-1.15936,0.90
111,0,11.100,2.7028,-20.4024,-0.0354,1.8265,4.0300,1.7101,0.0877,-0.0196,-1.15933,0.90
111,0,11.200,2.7114,-20.4042,-0.0356,1.8265,4.0300,1.7101,0.0859,-0.0175,-1.15927,0.90
111,0,11.300,2.7199,-20.4059,-0.0358,1.8265,4.0300,1.7101,0.0835,-0.0157,-1.15922,0.90
111,0,11.400,2.7281,-20.4074,-0.0359,1.8265,4.0300,1.7101,0.0806,-0.0143,-1.15918,0.90
111,0,11.500,2.7361,-20.4087,-0.0360,1.8265,4.0300,1.7101,0.0773,-0.0129,-1.15918,0.90
111,0,11.600,2.7436,-20.4100,-0.0361,1.8265,4.0300,1.7101,0.0727,-0.0121,-1.15916,0.90
111,0,11.700,2.7506,-20.4111,-0.0362,1.8265,4.0300,1.7101,0.0663,-0.0130,-1.15914,0.90
111,0,11.800,2.7569,-20.4126,-0.0363,1.8265,4.0300,1.7101,0.0587,-0.0159,-1.15912,0.90
111,0,11.900,2.7623,-20.4143,-0.0364,1.8265,4.0300,1.7101,0.0508,-0.0201,-1.15908,0.90
111,0,12.000,2.7670,-20.4166,-0.0365,1.8265,4.0300,1.7101,0.0428,-0.0246,-1.15904,0.90
111,0,12.100,2.7709,-20.4192,-0.0366,1.8265,4.0300,1.7101,0.0340,-0.0284,-1.15903,0.90
111,0,12.200,2.7738,-20.4223,-0.0367,1.8265,4.0300,1.7101,0.0251,-0.0306,-1.15902,0.90
111,0,12.300,2.7759,-20.4254,-0.0367,1.8265,4.0300,1.7101,0.0169,-0.0311,-1.15900,0.90
111,0,12.400,2.7772,-20.4285,-0.0368,1.8265,4.0300,1.7101,0.0098,-0.0297,-1.15900,0.90
111,0,12.500,2.7779,-20.4313,-0.0369,1.8265,4.0300,1.7101,0.0042,-0.0263,-1.15899,0.90
111,0,12.600,2.7781,-20.4337,-0.0369,1.8265,4.0300,1.7101,0.0000,-0.0214,-1.15899,0.90
111,0,12.700,2.7779,-20.4356,-0.0370,1.8265,4.0300,1.7101,-0.0034,-0.0152,-1.15898,0.90
111,0,12.800,2.7774,-20.4368,-0.0370,1.8265,4.0300,1.7101,-0.0062,-0.0085,-1.15897,0.90
111,0,12.900,2.7766,-20.4373,-0.0370,1.8265,4.0300,1.7101,-0.0087,-0.0020,-1.15896,0.90
111,0,13.000,2.7756,-20.4372,-0.0370,1.8265,4.0300,1.7101,-0.0106,0.0039,-1.15896,0.90
111,0,13.100,2.7745,-20.4365,-0.0370,1.8265,4.0300,1.7101,-0.0122,0.0087,-1.15896,0.90
111,0,13.200,2.7732,-20.4354,-0.0370,1.8265,4.0300,1.7101,-0.0138,0.0122,-1.15896,0.90
111,0,13.300,2.7717,-20.4341,-0.0370,1.8265,4.0300,1.7101,-0.0144,0.0140,-1.15897,0.90
111,0,13.400,2.7703,-20.4326,-0.0370,1.8265,4.0300,1.7101,-0.0138,0.0142,-1.15899,0.90
111,0,13.500,2.7690,-20.4312,-0.0370,1.8265,4.0300,1.7101,-0.0133,0.0139,-1.15903,0.90
112,0,0.100,24.5893,-78.1142,-1.8196,1.7400,5.2253,1.4100,2.8847,2.2472,0.56510,0.90
112,0,0.200,24.8764,-77.8905,-1.8204,1.7400,5.2253,1.4100,2.8788,2.2427,0.56510,0.90
112,0,0.300,25.1642,-77.6663,-1.8211,1.7400,5.2253,1.4100,2.8824,2.2461,0.56511,0.90
112,0,0.400,25.4540,-77.4404,-1.8218,1.7400,5.2253,1.4100,2.9187,2.2752,0.56506,0.90
112,0,0.500,25.7472,-77.2118,-1.8227,1.7400,5.2253,1.4100,2.9610,2.3083,0.56513,0.90
112,0,0.600,26.0454,-76.9794,-1.8235,1.7400,5.2253,1.4100,3.0098,2.3452,0.56512,0.90
112,0,0.700,26.3503,-76.7419,-1.8246,1.7400,5.2253,1.4100,3.0863,2.4011,0.56510,0.90
112,0,0.800,26.6639,-76.4982,-1.8259,1.7400,5.2253,1.4100,3.1918,2.4763,0.56484,0.90
112,0,0.900,26.9878,-76.2473,-1.8274,1.7400,5.2253,1.4100,3.3057,2.5547,0.56511,0.90
112,0,1.000,27.3241,-75.9880,-1.8293,1.7400,5.2253,1.4100,3.4270,2.6356,0.56506,0.90
112,0,1.100,27.6746,-75.7191,-1.8317,1.7400,5.2253,1.4100,3.5902,2.7455,0.56503,0.90
112,0,1.200,28.0412,-75.4396,-1.8346,1.7400,5.2253,1.4100,3.7613,2.8583,0.56502,0.90
112,0,1.300,28.4258,-75.1482,-1.8380,1.7400,5.2253,1.4100,3.9345,2.9697,0.56500,0.90
112,0,1.400,28.8296,-74.8445,-1.8421,1.7400,5.2253,1.4100,4.1447,3.1064,0.56501,0.90
112,0,1.500,29.2537,-74.5278,-1.8470,1.7400,5.2253,1.4100,4.3475,3.2350,0.56493,0.90
112,0,1.600,29.6980,-74.1984,-1.8527,1.7400,5.2253,1.4100,4.5273,3.3450,0.56490,0.90
112,0,1.700,30.1609,-73.8575,-1.8592,1.7400,5.2253,1.4100,4.7130,3.4568,0.56490,0.90
112,0,1.800,30.6424,-73.5056,-1.8668,1.7400,5.2253,1.4100,4.9136,3.5754,0.56487,0.90
112,0,1.900,31.1423,-73.1433,-1.8753,1.7400,5.2253,1.4100,5.0915,3.6748,0.56492,0.90
112,0,2.000,31.6594,-72.7717,-1.8849,1.7400,5.2253,1.4100,5.2401,3.7520,0.56503,0.90
112,0,2.100,32.1924,-72.3915,-1.8954,1.7400,5.2253,1.4100,5.4131,3.8460,0.56513,0.90
112,0,2.200,32.7405,-72.0035,-1.9068,1.7400,5.2253,1.4100,5.5596,3.9205,0.56521,0.90
112,0,2.300,33.3028,-71.6084,-1.9191,1.7400,5.2253,1.4100,5.6832,3.9785,0.56539,0.90
112,0,2.400,33.8794,-71.2062,-1.9321,1.7400,5.2253,1.4100,5.8223,4.0478,0.56547,0.90
112,0,2.500,34.4696,-70.7973,-1.9456,1.7400,5.2253,1.4100,5.9726,4.1261,0.56550,0.90
112,0,2.600,35.0723,-70.3821,-1.9597,1.7400,5.2253,1.4100,6.0907,4.1844,0.56557,0.90
112,0,2.700,35.6861,-69.9615,-1.9741,1.7400,5.2253,1.4100,6.1692,4.2189,0.56555,0.90
112,0,2.800,36.3086,-69.5367,-1.9886,1.7400,5.2253,1.4100,6.2704,4.2719,0.56554,0.90
112,0,2.900,36.9384,-69.1083,-2.0031,1.7400,5.2253,1.4100,6.3382,4.3049,0.56550,0.90
112,0,3.000,37.5745,-68.6769,-2.0175,1.7400,5.2253,1.4100,6.3734,4.3179,0.56550,0.90
112,0,3.100,38.2156,-68.2430,-2.0318,1.7400,5.2253,1.4100,6.4409,4.3548,0.56547,0.90
112,0,3.200,38.8609,-67.8071,-2.0460,1.7400,5.2253,1.4100,6.4769,4.3728,0.56548,0.90
112,0,3.300,39.5093,-67.3696,-2.0600,1.7400,5.2253,1.4100,6.4761,4.3683,0.56553,0.90
112,0,3.400,40.1587,-66.9317,-2.0739,1.7400,5.2253,1.4100,6.5024,4.3845,0.56550,0.90
112,0,3.500,40.8080,-66.4939,-2.0877,1.7400,5.2253,1.4100,6.5233,4.3985,0.56552,0.90
113,0,4.900,-108.9592,226.4905,2.3157,2.5611,6.8772,2.5157,0.0013,0.0824,-1.31990,0.90
113,0,5.000,-108.9591,226.4988,2.3164,2.5611,6.8772,2.5157,0.0014,0.0828,-1.31991,0.90
113,0,5.100,-108.9589,226.5071,2.3170,2.5611,6.8772,2.5157,0.0019,0.0845,-1.31991,0.90
113,0,5.200,-108.9587,226.5157,2.3177,2.5611,6.8772,2.5157,0.0028,0.0868,-1.32014,0.90
113,0,5.300,-108.9584,226.5245,2.3183,2.5611,6.8772,2.5157,0.0041,0.0897,-1.32002,0.90
113,0,5.400,-108.9579,226.5336,2.3190,2.5611,6.8772,2.5157,0.0056,0.0926,-1.31982,0.90
113,0,5.503,-108.9572,226.5433,2.3197,2.5611,6.8772,2.5157,0.0078,0.0992,-1.32028,0.90
113,0,5.600,-108.9563,226.5534,2.3203,2.5611,6.8772,2.5157,0.0105,0.1062,-1.31974,0.90
113,0,5.700,-108.9551,226.5642,2.3210,2.5611,6.8772,2.5157,0.0135,0.1105,-1.31972,0.90
113,0,5.800,-108.9536,226.5756,2.3217,2.5611,6.8772,2.5157,0.0173,0.1177,-1.31973,0.90
113,0,5.900,-108.9517,226.5877,2.3224,2.5611,6.8772,2.5157,0.0215,0.1252,-1.32155,0.90
113,0,6.000,-108.9493,226.6006,2.3230,2.5611,6.8772,2.5157,0.0263,0.1329,-1.32181,0.90
113,0,6.100,-108.9464,226.6143,2.3237,2.5611,6.8772,2.5157,0.0317,0.1416,-1.32194,0.90
113,0,6.200,-108.9430,226.6290,2.3243,2.5611,6.8772,2.5157,0.0378,0.1515,-1.32205,0.90
113,0,6.300,-108.9389,226.6446,2.3249,2.5611,6.8772,2.5157,0.0443,0.1617,-1.32221,0.90
113,0,6.400,-108.9341,226.6613,2.3255,2.5611,6.8772,2.5157,0.0514,0.1720,-1.32212,0.90
113,0,6.500,-108.9286,226.6790,2.3261,2.5611,6.8772,2.5157,0.0583,0.1809,-1.32171,0.90
113,0,6.603,-108.9222,226.6980,2.3266,2.5611,6.8772,2.5157,0.0678,0.1965,-1.32131,0.90
113,0,6.700,-108.9150,226.7183,2.3271,2.5611,6.8772,2.5157,0.0779,0.2126,-1.32093,0.90
113,0,6.800,-108.9069,226.7399,2.3275,2.5611,6.8772,2.5157,0.0865,0.2234,-1.32042,0.90
113,0,6.900,-108.8978,226.7629,2.3279,2.5611,6.8772,2.5157,0.0969,0.2381,-1.32006,0.90
113,0,7.000,-108.8876,226.7874,2.3282,2.5611,6.8772,2.5157,0.1078,0.2522,-1.32010,0.90
113,0,7.100,-108.8762,226.8134,2.3285,2.5611,6.8772,2.5157,0.1202,0.2667,-1.32012,0.90
113,0,7.200,-108.8635,226.8409,2.3287,2.5611,6.8772,2.5157,0.1342,0.2818,-1.32022,0.90
113,0,7.300,-108.8494,226.8697,2.3288,2.5611,6.8772,2.5157,0.1470,0.2942,-1.32021,0.90
113,0,7.400,-108.8341,226.8996,2.3289,2.5611,6.8772,2.5157,0.1567,0.3026,-1.32023,0.90
113,0,7.500,-108.8179,226.9304,2.3288,2.5611,6.8772,2.5157,0.1635,0.3072,-1.32025,0.90
113,0,7.600,-108.8013,226.9612,2.3287,2.5611,6.8772,2.5157,0.1667,0.3063,-1.32018,0.90
113,0,7.700,-108.7847,226.9915,2.3285,2.5611,6.8772,2.5157,0.1651,0.2977,-1.32026,0.90
113,0,7.800,-108.7683,227.0207,2.3282,2.5611,6.8772,2.5157,0.1626,0.2842,-1.32024,0.90
113,0,7.900,-108.7521,227.0485,2.3278,2.5611,6.8772,2.5157,0.1647,0.2711,-1.32014,0.90
113,0,8.000,-108.7355,227.0748,2.3273,2.5611,6.8772,2.5157,0.1696,0.2556,-1.32029,0.90
113,0,8.100,-108.7182,227.0995,2.3268,2.5611,6.8772,2.5157,0.1757,0.2378,-1.32018,0.90
113,0,8.200,-108.7002,227.1225,2.3262,2.5611,6.8772,2.5157,0.1824,0.2194,-1.31853,0.90
113,0,8.300,-108.6816,227.1435,2.3256,2.5611,6.8772,2.5157,0.1897,0.2002,-1.31981,0.90
113,0,8.400,-108.6623,227.1625,2.3249,2.5611,6.8772,2.5157,0.1965,0.1788,-1.32008,0.90
113,0,8.500,-108.6424,227.1792,2.3242,2.5611,6.8772,2.5157,0.2025,0.1555,-1.31979,0.90
113,0,8.600,-108.6218,227.1936,2.3234,2.5611,6.8772,2.5157,0.2100,0.1316,-1.31972,0.90
113,0,8.700,-108.6004,227.2055,2.3227,2.5611,6.8772,2.5157,0.2208,0.1065,-1.31957,0.90
113,0,8.800,-108.5777,227.2149,2.3219,2.5611,6.8772,2.5157,0.2357,0.0820,-1.31951,0.90
113,0,8.900,-108.5532,227.2220,2.3210,2.5611,6.8772,2.5157,0.2523,0.0605,-1.31956,0.90
113,0,9.000,-108.5273,227.2270,2.3202,2.5611,6.8772,2.5157,0.2645,0.0416,-1.31961,0.90
113,0,9.100,-108.5004,227.2303,2.3194,2.5611,6.8772,2.5157,0.2734,0.0268,-1.31965,0.90
113,0,9.200,-108.4725,227.2324,2.3186,2.5611,6.8772,2.5157,0.2866,0.0188,-1.31969,0.90
113,0,9.300,-108.4431,227.2340,2.3178,2.5611,6.8772,2.5157,0.3028,0.0183,-1.31974,0.90
113,0,9.400,-108.4120,227.2360,2.3171,2.5611,6.8772,2.5157,0.3192,0.0247,-1.31978,0.90
113,0,9.500,-108.3792,227.2390,2.3164,2.5611,6.8772,2.5157,0.3337,0.0340,-1.31983,0.90
113,0,9.600,-108.3451,227.2428,2.3158,2.5611,6.8772,2.5157,0.3441,0.0423,-1.31986,0.90
113,0,9.700,-108.3105,227.2474,2.3152,2.5611,6.8772,2.5157,0.3471,0.0505,-1.31988,0.90
113,0,9.800,-108.2758,227.2529,2.3146,2.5611,6.8772,2.5157,0.3441,0.0593,-1.31987,0.90
113,0,9.900,-108.2415,227.2593,2.3142,2.5611,6.8772,2.5157,0.3408,0.0688,-1.31985,0.90
113,0,10.000,-108.2077,227.2666,2.3137,2.5611,6.8772,2.5157,0.3354,0.0778,-1.31988,0.90
113,0,10.100,-108.1745,227.2749,2.3133,2.5611,6.8772,2.5157,0.3277,0.0839,-1.31990,0.90
113,0,10.200,-108.1420,227.2835,2.3130,2.5611,6.8772,2.5157,0.3204,0.0863,-1.31993,0.90
113,0,10.300,-108.1105,227.2921,2.3127,2.5611,6.8772,2.5157,0.3076,0.0848,-1.31991,0.90
113,0,10.400,-108.0806,227.3004,2.3124,2.5611,6.8772,2.5157,0.2884,0.0776,-1.31990,0.90
113,0,10.500,-108.0527,227.3076,2.3121,2.5611,6.8772,2.5157,0.2658,0.0637,-1.31989,0.90
113,0,10.600,-108.0273,227.3132,2.3118,2.5611,6.8772,2.5157,0.2390,0.0447,-1.31989,0.90
113,0,10.700,-108.0050,227.3166,2.3115,2.5611,6.8772,2.5157,0.2089,0.0220,-1.31990,0.90
113,0,10.800,-107.9856,227.3176,2.3112,2.5611,6.8772,2.5157,0.1795,-0.0017,-1.31992,0.90
113,0,10.900,-107.9690,227.3162,2.3109,2.5611,6.8772,2.5157,0.1533,-0.0255,-1.31990,0.90
113,0,11.000,-107.9550,227.3125,2.3106,2.5611,6.8772,2.5157,0.1285,-0.0505,-1.31986,0.90
113,0,11.100,-107.9434,227.3061,2.3102,2.5611,6.8772,2.5157,0.1061,-0.0769,-1.31983,0.90
113,0,11.200,-107.9337,227.2971,2.3098,2.5611,6.8772,2.5157,0.0887,-0.1051,-1.31975,0.90
113,0,11.300,-107.9257,227.2851,2.3093,2.5611,6.8772,2.5157,0.0756,-0.1342,-1.31970,0.90
113,0,11.400,-107.9186,227.2703,2.3088,2.5611,6.8772,2.5157,0.0673,-0.1636,-1.31966,0.90
113,0,11.500,-107.9122,227.2523,2.3083,2.5611,6.8772,2.5157,0.0638,-0.1944,-1.31965,0.90
113,0,11.600,-107.9058,227.2313,2.3076,2.5611,6.8772,2.5157,0.0641,-0.2238,-1.31963,0.90
113,0,11.700,-107.8994,227.2077,2.3069,2.5611,6.8772,2.5157,0.0664,-0.2449,-1.31961,0.90
113,0,11.800,-107.8926,227.1824,2.3061,2.5611,6.8772,2.5157,0.0697,-0.2542,-1.31958,0.90
113,0,11.900,-107.8854,227.1567,2.3054,2.5611,6.8772,2.5157,0.0730,-0.2560,-1.31953,0.90
113,0,12.000,-107.8780,227.1313,2.3046,2.5611,6.8772,2.5157,0.0720,-0.2509,-1.31949,0.90
113,0,12.100,-107.8710,227.1066,2.3039,2.5611,6.8772,2.5157,0.0626,-0.2392,-1.31948,0.90
113,0,12.200,-107.8654,227.0833,2.3033,2.5611,6.8772,2.5157,0.0450,-0.2244,-1.31946,0.90
113,0,12.300,-107.8620,227.0616,2.3027,2.5611,6.8772,2.5157,0.0201,-0.2076,-1.31945,0.90
113,0,12.400,-107.8614,227.0419,2.3023,2.5611,6.8772,2.5157,-0.0099,-0.1889,-1.31944,0.90
113,0,12.500,-107.8640,227.0239,2.3019,2.5611,6.8772,2.5157,-0.0394,-0.1720,-1.31944,0.90
113,0,12.600,-107.8693,227.0074,2.3017,2.5611,6.8772,2.5157,-0.0708,-0.1627,-1.31943,0.90
113,0,12.700,-107.8781,226.9914,2.3015,2.5611,6.8772,2.5157,-0.1060,-0.1587,-1.31941,0.90
113,0,12.800,-107.8905,226.9757,2.3014,2.5611,6.8772,2.5157,-0.1420,-0.1533,-1.31941,0.90
113,0,12.900,-107.9066,226.9607,2.3014,2.5611,6.8772,2.5157,-0.1774,-0.1452,-1.31940,0.90
113,0,13.000,-107.9259,226.9467,2.3015,2.5611,6.8772,2.5157,-0.2088,-0.1345,-1.31940,0.90
113,0,13.100,-107.9482,226.9338,2.3017,2.5611,6.8772,2.5157,-0.2354,-0.1232,-1.31939,0.90
113,0,13.200,-107.9731,226.9220,2.3019,2.5611,6.8772,2.5157,-0.2589,-0.1136,-1.31940,0.90
113,0,13.300,-108.0000,226.9111,2.3022,2.5611,6.8772,2.5157,-0.2742,-0.1049,-1.31941,0.90
113,0,13.400,-108.0279,226.9011,2.3025,2.5611,6.8772,2.5157,-0.2801,-0.0965,-1.31943,0.90
113,0,13.500,-108.0561,226.8918,2.3028,2.5611,6.8772,2.5157,-0.2812,-0.0895,-1.31948,0.90
113,0,13.600,-108.0842,226.8831,2.3031,2.5611,6.8772,2.5157,-0.2771,-0.0828,-1.31950,0.90
113,0,13.700,-108.1114,226.8753,2.3034,2.5611,6.8772,2.5157,-0.2643,-0.0745,-1.31948,0.90
113,0,13.800,-108.1370,226.8683,2.3037,2.5611,6.8772,2.5157,-0.2439,-0.0657,-1.31946,0.90
113,0,13.900,-108.1603,226.8621,2.3040,2.5611,6.8772,2.5157,-0.2210,-0.0566,-1.31946,0.90
113,0,14.000,-108.1811,226.8569,2.3042,2.5611,6.8772,2.5157,-0.1953,-0.0460,-1.31946,0.90
113,0,14.100,-108.1993,226.8529,2.3045,2.5611,6.8772,2.5157,-0.1683,-0.0362,-1.31946,0.90
113,0,14.200,-108.2149,226.8497,2.3047,2.5611,6.8772,2.5157,-0.1413,-0.0310,-1.31946,0.90
113,0,14.300,-108.2276,226.8467,2.3048,2.5611,6.8772,2.5157,-0.1137,-0.0330,-1.31946,0.90
113,0,14.400,-108.2376,226.8431,2.3049,2.5611,6.8772,2.5157,-0.0854,-0.0406,-1.31946,0.90
113,0,14.500,-108.2447,226.8386,2.3049,2.5611,6.8772,2.5157,-0.0573,-0.0500,-1.31946,0.90
113,0,14.600,-108.2491,226.8331,2.3049,2.5611,6.8772,2.5157,-0.0311,-0.0610,-1.31946,0.90
113,0,14.700,-108.2509,226.8264,2.3047,2.5611,6.8772,2.5157,-0.0067,-0.0727,-1.31946,0.90
113,0,14.800,-108.2504,226.8186,2.3045,2.5611,6.8772,2.5157,0.0146,-0.0820,-1.31947,0.90
113,0,14.900,-108.2480,226.8100,2.3043,2.5611,6.8772,2.5157,0.0318,-0.0897,-1.31947,0.90
113,0,15.000,-108.2440,226.8007,2.3040,2.5611,6.8772,2.5157,0.0447,-0.0950,-1.31947,0.90
113,0,15.100,-108.2390,226.7910,2.3037,2.5611,6.8772,2.5157,0.0533,-0.0975,-1.31947,0.90
113,0,15.200,-108.2333,226.7811,2.3033,2.5611,6.8772,2.5157,0.0590,-0.0993,-1.31947,0.90
113,0,15.300,-108.2272,226.7711,2.3030,2.5611,6.8772,2.5157,0.0626,-0.1012,-1.31947,0.90
113,0,15.400,-108.2208,226.7609,2.3026,2.5611,6.8772,2.5157,0.0646,-0.1027,-1.31948,0.90
113,0,15.500,-108.2143,226.7506,2.3023,2.5611,6.8772,2.5157,0.0656,-0.1028,-1.31948,0.90
113,0,15.600,-108.2077,226.7403,2.3019,2.5611,6.8772,2.5157,0.0660,-0.1025,-1.31948,0.90
114,0,0.000,8.3583,-25.7229,-0.0672,1.7606,4.0300,2.0459,0.0276,-0.0106,-1.15576,0.90
114,0,0.100,8.3610,-25.7240,-0.0672,1.7606,4.0300,2.0459,0.0278,-0.0105,-1.15577,0.90
114,0,0.200,8.3638,-25.7250,-0.0672,1.7606,4.0300,2.0459,0.0285,-0.0100,-1.15577,0.90
114,0,0.300,8.3667,-25.7260,-0.0673,1.7606,4.0300,2.0459,0.0296,-0.0089,-1.15576,0.90
114,0,0.400,8.3698,-25.7268,-0.0673,1.7606,4.0300,2.0459,0.0313,-0.0077,-1.15581,0.90
114,0,0.500,8.3730,-25.7275,-0.0673,1.7606,4.0300,2.0459,0.0332,-0.0062,-1.15574,0.90
114,0,0.600,8.3764,-25.7280,-0.0673,1.7606,4.0300,2.0459,0.0355,-0.0043,-1.15576,0.90
114,0,0.700,8.3801,-25.7284,-0.0674,1.7606,4.0300,2.0459,0.0384,-0.0022,-1.15573,0.90
114,0,0.800,8.3841,-25.7285,-0.0674,1.7606,4.0300,2.0459,0.0419,0.0001,-1.15577,0.90
114,0,0.900,8.3885,-25.7283,-0.0674,1.7606,4.0300,2.0459,0.0451,0.0024,-1.15576,0.90
114,0,1.000,8.3931,-25.7280,-0.0674,1.7606,4.0300,2.0459,0.0476,0.0047,-1.15581,0.90
114,0,1.100,8.3980,-25.7274,-0.0675,1.7606,4.0300,2.0459,0.0495,0.0070,-1.15585,0.90
114,0,1.200,8.4030,-25.7266,-0.0675,1.7606,4.0300,2.0459,0.0500,0.0090,-1.15585,0.90
114,0,1.300,8.4080,-25.7256,-0.0675,1.7606,4.0300,2.0459,0.0491,0.0104,-1.15587,0.90
114,0,1.400,8.4128,-25.7245,-0.0676,1.7606,4.0300,2.0459,0.0474,0.0113,-1.15586,0.90
114,0,1.500,8.4175,-25.7234,-0.0676,1.7606,4.0300,2.0459,0.0451,0.0115,-1.15594,0.90
114,0,1.600,8.4218,-25.7222,-0.0677,1.7606,4.0300,2.0459,0.0420,0.0109,-1.15597,0.90
114,0,1.700,8.4259,-25.7212,-0.0677,1.7606,4.0300,2.0459,0.0380,0.0093,-1.15597,0.90
114,0,1.800,8.4294,-25.7203,-0.0678,1.7606,4.0300,2.0459,0.0333,0.0069,-1.15601,0.90
114,0,1.900,8.4325,-25.7198,-0.0678,1.7606,4.0300,2.0459,0.0284,0.0043,-1.15595,0.90
114,0,2.000,8.4351,-25.7195,-0.0679,1.7606,4.0300,2.0459,0.0235,0.0016,-1.15584,0.90
114,0,2.100,8.4372,-25.7195,-0.0679,1.7606,4.0300,2.0459,0.0187,-0.0011,-1.15574,0.90
114,0,2.200,8.4389,-25.7197,-0.0680,1.7606,4.0300,2.0459,0.0134,-0.0037,-1.15566,0.90
114,0,2.300,8.4399,-25.7202,-0.0680,1.7606,4.0300,2.0459,0.0074,-0.0060,-1.15548,0.90
114,0,2.400,8.4403,-25.7209,-0.0680,1.7606,4.0300,2.0459,0.0014,-0.0080,-1.15540,0.90
114,0,2.500,8.4402,-25.7218,-0.0681,1.7606,4.0300,2.0459,-0.0049,-0.0099,-1.15537,0.90
114,0,2.600,8.4394,-25.7229,-0.0681,1.7606,4.0300,2.0459,-0.0116,-0.0113,-1.15530,0.90
114,0,2.700,8.4379,-25.7241,-0.0681,1.7606,4.0300,2.0459,-0.0181,-0.0116,-1.15532,0.90
114,0,2.800,8.4357,-25.7252,-0.0681,1.7606,4.0300,2.0459,-0.0242,-0.0109,-1.15533,0.90
114,0,2.900,8.4330,-25.7262,-0.0681,1.7606,4.0300,2.0459,-0.0297,-0.0092,-1.15537,0.90
114,0,3.000,8.4298,-25.7270,-0.0681,1.7606,4.0300,2.0459,-0.0346,-0.0066,-1.15537,0.90
114,0,3.100,8.4261,-25.7276,-0.0680,1.7606,4.0300,2.0459,-0.0391,-0.0036,-1.15540,0.90
114,0,3.200,8.4220,-25.7278,-0.0680,1.7606,4.0300,2.0459,-0.0427,-0.0005,-1.15539,0.90
114,0,3.300,8.4176,-25.7277,-0.0679,1.7606,4.0300,2.0459,-0.0448,0.0019,-1.15534,0.90
114,0,3.400,8.4130,-25.7274,-0.0679,1.7606,4.0300,2.0459,-0.0461,0.0035,-1.15537,0.90
114,0,3.500,8.4084,-25.7270,-0.0678,1.7606,4.0300,2.0459,-0.0457,0.0036,-1.15536,0.90
114,0,3.600,8.4039,-25.7266,-0.0678,1.7606,4.0300,2.0459,-0.0434,0.0025,-1.15532,0.90
114,0,3.700,8.3997,-25.7265,-0.0678,1.7606,4.0300,2.0459,-0.0401,0.0006,-1.15526,0.90
114,0,3.800,8.3958,-25.7265,-0.0677,1.7606,4.0300,2.0459,-0.0368,-0.0018,-1.15521,0.90
114,0,3.900,8.3923,-25.7268,-0.0677,1.7606,4.0300,2.0459,-0.0332,-0.0049,-1.15519,0.90
114,0,4.000,8.3892,-25.7275,-0.0678,1.7606,4.0300,2.0459,-0.0282,-0.0089,-1.15516,0.90
114,0,4.100,8.3867,-25.7286,-0.0678,1.7606,4.0300,2.0459,-0.0214,-0.0139,-1.15517,0.90
114,0,4.200,8.3849,-25.7303,-0.0679,1.7606,4.0300,2.0459,-0.0122,-0.0202,-1.15522,0.90
114,0,4.300,8.3842,-25.7327,-0.0679,1.7606,4.0300,2.0459,-0.0013,-0.0279,-1.15524,0.90
114,0,4.400,8.3847,-25.7359,-0.0681,1.7606,4.0300,2.0459,0.0091,-0.0351,-1.15527,0.90
114,0,4.500,8.3860,-25.7397,-0.0682,1.7606,4.0300,2.0459,0.0179,-0.0398,-1.15529,0.90
114,0,4.600,8.3882,-25.7438,-0.0684,1.7606,4.0300,2.0459,0.0247,-0.0423,-1.15530,0.90
114,0,4.700,8.3910,-25.7481,-0.0685,1.7606,4.0300,2.0459,0.0296,-0.0433,-1.15529,0.90
114,0,4.800,8.3942,-25.7525,-0.0687,1.7606,4.0300,2.0459,0.0340,-0.0430,-1.15530,0.90
114,0,4.900,8.3978,-25.7567,-0.0689,1.7606,4.0300,2.0459,0.0385,-0.0418,-1.15529,0.90
114,0,5.000,8.4018,-25.7608,-0.0691,1.7606,4.0300,2.0459,0.0425,-0.0403,-1.15530,0.90
114,0,5.100,8.4063,-25.7648,-0.0693,1.7606,4.0300,2.0459,0.0465,-0.0390,-1.15529,0.90
114,0,5.200,8.4111,-25.7686,-0.0695,1.7606,4.0300,2.0459,0.0502,-0.0377,-1.15529,0.90
114,0,5.300,8.4163,-25.7723,-0.0697,1.7606,4.0300,2.0459,0.0532,-0.0369,-1.15527,0.90
114,0,5.400,8.4218,-25.7760,-0.0700,1.7606,4.0300,2.0459,0.0545,-0.0369,-1.15523,0.90
114,0,5.503,8.4274,-25.7798,-0.0702,1.7606,4.0300,2.0459,0.0572,-0.0388,-1.15520,0.90
114,0,5.600,8.4332,-25.7838,-0.0705,1.7606,4.0300,2.0459,0.0603,-0.0409,-1.15515,0.90
114,0,5.700,8.4393,-25.7879,-0.0708,1.7606,4.0300,2.0459,0.0614,-0.0419,-1.15513,0.90
114,0,5.800,8.4455,-25.7922,-0.0711,1.7606,4.0300,2.0459,0.0638,-0.0433,-1.15515,0.90
114,0,5.900,8.4520,-25.7966,-0.0714,1.7606,4.0300,2.0459,0.0663,-0.0435,-1.15514,0.90
114,0,6.000,8.4588,-25.8009,-0.0717,1.7606,4.0300,2.0459,0.0694,-0.0422,-1.15514,0.90
114,0,6.100,8.4659,-25.8050,-0.0720,1.7606,4.0300,2.0459,0.0736,-0.0397,-1.15520,0.90
114,0,6.200,8.4735,-25.8088,-0.0723,1.7606,4.0300,2.0459,0.0789,-0.0359,-1.15539,0.90
114,0,6.300,8.4817,-25.8122,-0.0726,1.7606,4.0300,2.0459,0.0848,-0.0307,-1.15547,0.90
114,0,6.400,8.4904,-25.8150,-0.0729,1.7606,4.0300,2.0459,0.0912,-0.0241,-1.15530,0.90
114,0,6.500,8.4999,-25.8170,-0.0732,1.7606,4.0300,2.0459,0.0970,-0.0166,-1.15532,0.90
114,0,6.603,8.5102,-25.8183,-0.0735,1.7606,4.0300,2.0459,0.1059,-0.0093,-1.15536,0.90
114,0,6.700,8.5211,-25.8189,-0.0738,1.7606,4.0300,2.0459,0.1146,-0.0016,-1.15541,0.90
114,0,6.800,8.5327,-25.8186,-0.0740,1.7606,4.0300,2.0459,0.1199,0.0065,-1.15542,0.90
114,0,6.900,8.5450,-25.8176,-0.0742,1.7606,4.0300,2.0459,0.1248,0.0140,-1.15547,0.90
114,0,7.000,8.5577,-25.8159,-0.0744,1.7606,4.0300,2.0459,0.1259,0.0201,-1.15544,0.90
114,0,7.100,8.5703,-25.8136,-0.0746,1.7606,4.0300,2.0459,0.1240,0.0249,-1.15545,0.90
114,0,7.200,8.5825,-25.8109,-0.0747,1.7606,4.0300,2.0459,0.1192,0.0283,-1.15554,0.90
114,0,7.300,8.5941,-25.8079,-0.0748,1.7606,4.0300,2.0459,0.1119,0.0306,-1.15552,0.90
114,0,7.400,8.6049,-25.8048,-0.0749,1.7606,4.0300,2.0459,0.1032,0.0321,-1.15554,0.90
114,0,7.500,8.6148,-25.8015,-0.0749,1.7606,4.0300,2.0459,0.0943,0.0331,-1.15556,0.90
114,0,7.600,8.6238,-25.7981,-0.0750,1.7606,4.0300,2.0459,0.0851,0.0334,-1.15600,0.90
114,0,7.700,8.6318,-25.7948,-0.0750,1.7606,4.0300,2.0459,0.0749,0.0329,-1.15623,0.90
114,0,7.800,8.6387,-25.7916,-0.0750,1.7606,4.0300,2.0459,0.0638,0.0316,-1.15594,0.90
114,0,7.900,8.6446,-25.7885,-0.0749,1.7606,4.0300,2.0459,0.0525,0.0299,-1.15558,0.90
114,0,8.000,8.6492,-25.7856,-0.0749,1.7606,4.0300,2.0459,0.0409,0.0277,-1.15485,0.90
114,0,8.100,8.6527,-25.7829,-0.0748,1.7606,4.0300,2.0459,0.0296,0.0255,-1.15405,0.90
114,0,8.200,8.6551,-25.7805,-0.0747,1.7606,4.0300,2.0459,0.0190,0.0235,-1.15429,0.90
114,0,8.300,8.6565,-25.7782,-0.0746,1.7606,4.0300,2.0459,0.0088,0.0216,-1.15522,0.90
114,0,8.400,8.6569,-25.7762,-0.0745,1.7606,4.0300,2.0459,-0.0010,0.0198,-1.15706,0.90
114,0,8.500,8.6563,-25.7743,-0.0744,1.7606,4.0300,2.0459,-0.0104,0.0180,-1.15728,0.90
114,0,8.600,8.6548,-25.7726,-0.0743,1.7606,4.0300,2.0459,-0.0194,0.0163,-1.15794,0.90
114,0,8.700,8.6524,-25.7710,-0.0742,1.7606,4.0300,2.0459,-0.0280,0.0147,-1.15875,0.90
114,0,8.800,8.6492,-25.7696,-0.0740,1.7606,4.0300,2.0459,-0.0361,0.0131,-1.15949,0.90
114,0,8.900,8.6452,-25.7684,-0.0739,1.7606,4.0300,2.0459,-0.0441,0.0117,-1.16018,0.90
114,0,9.000,8.6404,-25.7673,-0.0737,1.7606,4.0300,2.0459,-0.0516,0.0103,-1.16111,0.90
114,0,9.100,8.6349,-25.7663,-0.0735,1.7606,4.0300,2.0459,-0.0586,0.0089,-1.16190,0.90
114,0,9.200,8.6287,-25.7655,-0.0733,1.7606,4.0300,2.0459,-0.0656,0.0076,-1.16230,0.90
114,0,9.300,8.6218,-25.7648,-0.0731,1.7606,4.0300,2.0459,-0.0721,0.0064,-1.16256,0.90
114,0,9.400,8.6143,-25.7642,-0.0729,1.7606,4.0300,2.0459,-0.0781,0.0052,-1.16287,0.90
114,0,9.500,8.6062,-25.7638,-0.0727,1.7606,4.0300,2.0459,-0.0840,0.0041,-1.16302,0.90
114,0,9.600,8.5974,-25.7634,-0.0725,1.7606,4.0300,2.0459,-0.0899,0.0031,-1.16299,0.90
114,0,9.700,8.5882,-25.7631,-0.0723,1.7606,4.0300,2.0459,-0.0953,0.0021,-1.16276,0.90
114,0,9.800,8.5784,-25.7630,-0.0721,1.7606,4.0300,2.0459,-0.1001,0.0011,-1.16253,0.90
114,0,9.900,8.5681,-25.7629,-0.0718,1.7606,4.0300,2.0459,-0.1052,0.0002,-1.16234,0.90
114,0,10.000,8.5574,-25.7629,-0.0716,1.7606,4.0300,2.0459,-0.1098,-0.0006,-1.16223,0.90
114,0,10.100,8.5462,-25.7630,-0.0713,1.7606,4.0300,2.0459,-0.1137,-0.0015,-1.16208,0.90
114,0,10.200,8.5346,-25.7632,-0.0711,1.7606,4.0300,2.0459,-0.1182,-0.0022,-1.16186,0.90
114,0,10.300,8.5226,-25.7635,-0.0708,1.7606,4.0300,2.0459,-0.1220,-0.0030,-1.16161,0.90
114,0,10.400,8.5102,-25.7638,-0.0706,1.7606,4.0300,2.0459,-0.1252,-0.0036,-1.16134,0.90
114,0,10.500,8.4975,-25.7642,-0.0703,1.7606,4.0300,2.0459,-0.1286,-0.0043,-1.16093,0.90
114,0,10.600,8.4845,-25.7647,-0.0700,1.7606,4.0300,2.0459,-0.1321,-0.0049,-1.16056,0.90
114,0,10.700,8.4711,-25.7652,-0.0698,1.7606,4.0300,2.0459,-0.1351,-0.0054,-1.16027,0.90
114,0,10.800,8.4575,-25.7658,-0.0695,1.7606,4.0300,2.0459,-0.1374,-0.0059,-1.15991,0.90
114,0,10.900,8.4436,-25.7664,-0.0692,1.7606,4.0300,2.0459,-0.1404,-0.0064,-1.15933,0.90
114,0,11.000,8.4295,-25.7670,-0.0689,1.7606,4.0300,2.0459,-0.1427,-0.0068,-1.15892,0.90
114,0,11.100,8.4151,-25.7677,-0.0686,1.7606,4.0300,2.0459,-0.1443,-0.0072,-1.15862,0.90
114,0,11.200,8.4005,-25.7685,-0.0683,1.7606,4.0300,2.0459,-0.1467,-0.0076,-1.15809,0.90
114,0,11.300,8.3858,-25.7693,-0.0681,1.7606,4.0300,2.0459,-0.1485,-0.0079,-1.15763,0.90
114,0,11.400,8.3709,-25.7701,-0.0678,1.7606,4.0300,2.0459,-0.1495,-0.0082,-1.15720,0.90
114,0,11.500,8.3558,-25.7709,-0.0675,1.7606,4.0300,2.0459,-0.1509,-0.0085,-1.15676,0.90
114,0,11.600,8.3406,-25.7718,-0.0672,1.7606,4.0300,2.0459,-0.1526,-0.0087,-1.15630,0.90
114,0,11.700,8.3254,-25.7726,-0.0669,1.7606,4.0300,2.0459,-0.1536,-0.0089,-1.15606,0.90
114,0,11.800,8.3100,-25.7735,-0.0666,1.7606,4.0300,2.0459,-0.1539,-0.0090,-1.15574,0.90
114,0,11.900,8.2945,-25.7744,-0.0663,1.7606,4.0300,2.0459,-0.1550,-0.0092,-1.15533,0.90
114,0,12.000,8.2790,-25.7754,-0.0660,1.7606,4.0300,2.0459,-0.1554,-0.0092,-1.15516,0.90
114,0,12.100,8.2635,-25.7763,-0.0657,1.7606,4.0300,2.0459,-0.1552,-0.0093,-1.15505,0.90
114,0,12.200,8.2479,-25.7772,-0.0654,1.7606,4.0300,2.0459,-0.1553,-0.0093,-1.15496,0.90
115,0,0.000,5.3452,-19.9767,-0.1831,1.7400,4.0300,1.4489,0.0236,-0.1406,-1.14862,0.90
115,0,0.100,5.3476,-19.9908,-0.1834,1.7400,4.0300,1.4489,0.0243,-0.1406,-1.14864,0.90
115,0,0.200,5.3501,-20.0047,-0.1837,1.7400,4.0300,1.4489,0.0259,-0.1392,-1.14864,0.90
115,0,0.300,5.3528,-20.0186,-0.1840,1.7400,4.0300,1.4489,0.0279,-0.1365,-1.14863,0.90
115,0,0.400,5.3557,-20.0321,-0.1843,1.7400,4.0300,1.4489,0.0301,-0.1337,-1.14867,0.90
115,0,0.500,5.3588,-20.0453,-0.1846,1.7400,4.0300,1.4489,0.0318,-0.1292,-1.14861,0.90
115,0,0.600,5.3620,-20.0579,-0.1848,1.7400,4.0300,1.4489,0.0329,-0.1228,-1.14862,0.90
115,0,0.700,5.3653,-20.0699,-0.1851,1.7400,4.0300,1.4489,0.0332,-0.1153,-1.14860,0.90
115,0,0.800,5.3687,-20.0810,-0.1854,1.7400,4.0300,1.4489,0.0326,-0.1065,-1.14864,0.90
115,0,0.900,5.3719,-20.0911,-0.1856,1.7400,4.0300,1.4489,0.0307,-0.0953,-1.14863,0.90
115,0,1.000,5.3748,-20.1001,-0.1858,1.7400,4.0300,1.4489,0.0275,-0.0818,-1.14867,0.90
115,0,1.100,5.3774,-20.1075,-0.1860,1.7400,4.0300,1.4489,0.0230,-0.0665,-1.14871,0.90
115,0,1.200,5.3794,-20.1133,-0.1861,1.7400,4.0300,1.4489,0.0172,-0.0488,-1.14872,0.90
115,0,1.300,5.3808,-20.1173,-0.1862,1.7400,4.0300,1.4489,0.0101,-0.0290,-1.14874,0.90
115,0,1.400,5.3814,-20.1192,-0.1862,1.7400,4.0300,1.4489,0.0019,-0.0078,-1.14873,0.90
115,0,1.500,5.3812,-20.1188,-0.1862,1.7400,4.0300,1.4489,-0.0073,0.0149,-1.14880,0.90
115,0,1.600,5.3800,-20.1162,-0.1862,1.7400,4.0300,1.4489,-0.0168,0.0385,-1.14883,0.90
115,0,1.700,5.3778,-20.1111,-0.1860,1.7400,4.0300,1.4489,-0.0262,0.0623,-1.14884,0.90
115,0,1.800,5.3747,-20.1037,-0.1858,1.7400,4.0300,1.4489,-0.0351,0.0853,-1.14887,0.90
115,0,1.900,5.3708,-20.0941,-0.1856,1.7400,4.0300,1.4489,-0.0428,0.1051,-1.14866,0.90
115,0,2.000,5.3662,-20.0827,-0.1853,1.7400,4.0300,1.4489,-0.0489,0.1207,-1.14846,0.90
115,0,2.100,5.3610,-20.0699,-0.1850,1.7400,4.0300,1.4489,-0.0539,0.1335,-1.14860,0.90
115,0,2.200,5.3554,-20.0560,-0.1847,1.7400,4.0300,1.4489,-0.0567,0.1411,-1.14852,0.90
115,0,2.300,5.3497,-20.0417,-0.1843,1.7400,4.0300,1.4489,-0.0575,0.1443,-1.14837,0.90
115,0,2.400,5.3439,-20.0271,-0.1840,1.7400,4.0300,1.4489,-0.0579,0.1455,-1.14827,0.90
116,0,4.900,11.2817,-38.7586,-0.8683,1.7400,4.0300,1.4100,0.1351,-0.0826,-1.11038,0.90
116,0,5.000,11.2952,-38.7669,-0.8687,1.7400,4.0300,1.4100,0.1354,-0.0831,-1.11038,0.90
116,0,5.100,11.3088,-38.7752,-0.8692,1.7400,4.0300,1.4100,0.1367,-0.0850,-1.11038,0.90
116,0,5.200,11.3225,-38.7838,-0.8697,1.7400,4.0300,1.4100,0.1382,-0.0875,-1.11160,0.90
116,0,5.300,11.3364,-38.7927,-0.8702,1.7400,4.0300,1.4100,0.1398,-0.0908,-1.11182,0.90
116,0,5.400,11.3505,-38.8020,-0.8707,1.7400,4.0300,1.4100,0.1404,-0.0941,-1.11032,0.90
116,0,5.503,11.3650,-38.8118,-0.8712,1.7400,4.0300,1.4100,0.1462,-0.1014,-1.11029,0.90
116,0,5.600,11.3797,-38.8223,-0.8718,1.7400,4.0300,1.4100,0.1522,-0.1097,-1.11025,0.90
116,0,5.700,11.3949,-38.8334,-0.8723,1.7400,4.0300,1.4100,0.1539,-0.1155,-1.11023,0.90
116,0,5.800,11.4106,-38.8454,-0.8730,1.7400,4.0300,1.4100,0.1595,-0.1247,-1.11024,0.90
116,0,5.900,11.4268,-38.8583,-0.8736,1.7400,4.0300,1.4100,0.1652,-0.1347,-1.11024,0.90
116,0,6.000,11.4436,-38.8723,-0.8744,1.7400,4.0300,1.4100,0.1710,-0.1452,-1.11024,0.90
116,0,6.100,11.4611,-38.8874,-0.8751,1.7400,4.0300,1.4100,0.1779,-0.1573,-1.11029,0.90
116,0,6.200,11.4792,-38.9038,-0.8760,1.7400,4.0300,1.4100,0.1861,-0.1711,-1.11030,0.90
116,0,6.300,11.4982,-38.9216,-0.8768,1.7400,4.0300,1.4100,0.1944,-0.1856,-1.11034,0.90
116,0,6.400,11.5181,-38.9409,-0.8778,1.7400,4.0300,1.4100,0.2027,-0.2006,-1.11038,0.90
116,0,6.500,11.5389,-38.9618,-0.8788,1.7400,4.0300,1.4100,0.2086,-0.2151,-1.11042,0.90
116,0,6.603,11.5605,-38.9846,-0.8799,1.7400,4.0300,1.4100,0.2205,-0.2394,-1.11044,0.90
116,0,6.700,11.5829,-39.0096,-0.8811,1.7400,4.0300,1.4100,0.2317,-0.2657,-1.11047,0.90
116,0,6.800,11.6061,-39.0369,-0.8824,1.7400,4.0300,1.4100,0.2357,-0.2857,-1.11048,0.90
116,0,6.900,11.6300,-39.0667,-0.8838,1.7400,4.0300,1.4100,0.2425,-0.3108,-1.11048,0.90
116,0,7.000,11.6545,-39.0990,-0.8852,1.7400,4.0300,1.4100,0.2481,-0.3361,-1.11050,0.90
116,0,7.100,11.6797,-39.1341,-0.8867,1.7400,4.0300,1.4100,0.2539,-0.3639,-1.11051,0.90
116,0,7.200,11.7054,-39.1719,-0.8883,1.7400,4.0300,1.4100,0.2602,-0.3943,-1.11058,0.90
116,0,7.300,11.7317,-39.2128,-0.8900,1.7400,4.0300,1.4100,0.2651,-0.4250,-1.11060,0.90
116,0,7.400,11.7584,-39.2568,-0.8918,1.7400,4.0300,1.4100,0.2687,-0.4556,-1.11059,0.90
116,0,7.500,11.7855,-39.3041,-0.8937,1.7400,4.0300,1.4100,0.2733,-0.4882,-1.11061,0.90
116,0,7.600,11.8131,-39.3547,-0.8956,1.7400,4.0300,1.4100,0.2787,-0.5214,-1.11057,0.90
116,0,7.700,11.8412,-39.4083,-0.8976,1.7400,4.0300,1.4100,0.2825,-0.5511,-1.11064,0.90
116,0,7.800,11.8696,-39.4647,-0.8996,1.7400,4.0300,1.4100,0.2843,-0.5759,-1.11068,0.90
116,0,7.900,11.8982,-39.5237,-0.9018,1.7400,4.0300,1.4100,0.2860,-0.5994,-1.11065,0.90
116,0,8.000,11.9267,-39.5844,-0.9039,1.7400,4.0300,1.4100,0.2842,-0.6137,-1.11072,0.90
116,0,8.100,11.9549,-39.6462,-0.9060,1.7400,4.0300,1.4100,0.2787,-0.6173,-1.11064,0.90
116,0,8.200,11.9826,-39.7081,-0.9081,1.7400,4.0300,1.4100,0.2716,-0.6143,-1.11044,0.90
116,0,8.300,12.0093,-39.7693,-0.9102,1.7400,4.0300,1.4100,0.2626,-0.6046,-1.11031,0.90
116,0,8.400,12.0350,-39.8289,-0.9122,1.7400,4.0300,1.4100,0.2500,-0.5842,-1.11024,0.90
116,0,8.500,12.0593,-39.8860,-0.9140,1.7400,4.0300,1.4100,0.2339,-0.5533,-1.11030,0.90
116,0,8.600,12.0819,-39.9398,-0.9157,1.7400,4.0300,1.4100,0.2168,-0.5177,-1.11028,0.90
116,0,8.700,12.1026,-39.9894,-0.9173,1.7400,4.0300,1.4100,0.1963,-0.4738,-1.11018,0.90
116,0,8.800,12.1211,-40.0344,-0.9187,1.7400,4.0300,1.4100,0.1722,-0.4231,-1.11013,0.90
116,0,8.900,12.1371,-40.0742,-0.9198,1.7400,4.0300,1.4100,0.1476,-0.3723,-1.11017,0.90
116,0,9.000,12.1505,-40.1088,-0.9208,1.7400,4.0300,1.4100,0.1236,-0.3235,-1.11021,0.90
116,0,9.100,12.1618,-40.1388,-0.9216,1.7400,4.0300,1.4100,0.1039,-0.2838,-1.11024,0.90
116,0,9.200,12.1714,-40.1656,-0.9223,1.7400,4.0300,1.4100,0.0945,-0.2641,-1.11027,0.90
116,0,9.300,12.1806,-40.1916,-0.9229,1.7400,4.0300,1.4100,0.0936,-0.2604,-1.11031,0.90
116,0,9.400,12.1901,-40.2177,-0.9235,1.7400,4.0300,1.4100,0.0948,-0.2612,-1.11064,0.90
116,0,9.500,12.1996,-40.2439,-0.9242,1.7400,4.0300,1.4100,0.0959,-0.2624,-1.11081,0.90
116,0,9.600,12.2093,-40.2702,-0.9249,1.7400,4.0300,1.4100,0.0970,-0.2642,-1.11081,0.90
116,0,9.700,12.2190,-40.2967,-0.9255,1.7400,4.0300,1.4100,0.0975,-0.2647,-1.11042,0.90
116,0,9.800,12.2288,-40.3231,-0.9262,1.7400,4.0300,1.4100,0.0973,-0.2640,-1.11041,0.90
117,0,4.600,-76.2309,163.7858,2.6417,1.7400,4.0300,2.2091,0.0059,-0.0799,2.03689,0.90
117,0,4.700,-76.2303,163.7778,2.6421,1.7400,4.0300,2.2091,0.0061,-0.0796,2.03690,0.90
117,0,4.800,-76.2296,163.7699,2.6425,1.7400,4.0300,2.2091,0.0070,-0.0785,2.03689,0.90
117,0,4.900,-76.2289,163.7622,2.6430,1.7400,4.0300,2.2091,0.0086,-0.0762,2.03690,0.90
117,0,5.000,-76.2279,163.7547,2.6434,1.7400,4.0300,2.2091,0.0109,-0.0731,2.03689,0.90
117,0,5.100,-76.2267,163.7475,2.6438,1.7400,4.0300,2.2091,0.0136,-0.0698,2.03689,0.90
117,0,5.200,-76.2252,163.7407,2.6442,1.7400,4.0300,2.2091,0.0158,-0.0661,2.03690,0.90
117,0,5.300,-76.2235,163.7343,2.6446,1.7400,4.0300,2.2091,0.0171,-0.0618,2.03692,0.90
117,0,5.400,-76.2218,163.7283,2.6450,1.7400,4.0300,2.2091,0.0175,-0.0566,2.03698,0.90
117,0,5.503,-76.2200,163.7228,2.6454,1.7400,4.0300,2.2091,0.0176,-0.0532,2.03701,0.90
117,0,5.600,-76.2183,163.7177,2.6458,1.7400,4.0300,2.2091,0.0160,-0.0496,2.03706,0.90
117,0,5.700,-76.2168,163.7130,2.6462,1.7400,4.0300,2.2091,0.0123,-0.0444,2.03708,0.90
117,0,5.800,-76.2158,163.7088,2.6466,1.7400,4.0300,2.2091,0.0072,-0.0404,2.03707,0.90
117,0,5.900,-76.2154,163.7050,2.6471,1.7400,4.0300,2.2091,0.0005,-0.0367,2.03708,0.90
117,0,6.000,-76.2157,163.7015,2.6475,1.7400,4.0300,2.2091,-0.0077,-0.0333,2.03708,0.90
117,0,6.100,-76.2169,163.6983,2.6480,1.7400,4.0300,2.2091,-0.0179,-0.0302,2.03701,0.90
117,0,6.200,-76.2193,163.6954,2.6485,1.7400,4.0300,2.2091,-0.0298,-0.0274,2.03699,0.90
117,0,6.300,-76.2229,163.6928,2.6489,1.7400,4.0300,2.2091,-0.0427,-0.0238,2.03694,0.90
117,0,6.400,-76.2278,163.6907,2.6494,1.7400,4.0300,2.2091,-0.0556,-0.0190,2.03688,0.90
117,0,6.500,-76.2340,163.6890,2.6498,1.7400,4.0300,2.2091,-0.0664,-0.0125,2.03682,0.90
117,0,6.603,-76.2413,163.6881,2.6502,1.7400,4.0300,2.2091,-0.0770,-0.0059,2.03679,0.90
117,0,6.700,-76.2494,163.6879,2.6505,1.7400,4.0300,2.2091,-0.0857,-0.0008,2.03674,0.90
117,0,6.800,-76.2582,163.6880,2.6507,1.7400,4.0300,2.2091,-0.0900,0.0024,2.03673,0.90
117,0,6.900,-76.2674,163.6883,2.6508,1.7400,4.0300,2.2091,-0.0941,0.0043,2.03673,0.90
117,0,7.000,-76.2770,163.6888,2.6509,1.7400,4.0300,2.2091,-0.0970,0.0047,2.03669,0.90
117,0,7.100,-76.2868,163.6893,2.6509,1.7400,4.0300,2.2091,-0.0999,0.0041,2.03666,0.90
117,0,7.200,-76.2970,163.6897,2.6507,1.7400,4.0300,2.2091,-0.1026,0.0030,2.03650,0.90
117,0,7.300,-76.3073,163.6899,2.6505,1.7400,4.0300,2.2091,-0.1036,0.0016,2.03657,0.90
117,0,7.400,-76.3177,163.6900,2.6501,1.7400,4.0300,2.2091,-0.1028,0.0003,2.03655,0.90
117,0,7.500,-76.3279,163.6899,2.6497,1.7400,4.0300,2.2091,-0.1006,-0.0007,2.03664,0.90
117,0,7.600,-76.3378,163.6898,2.6491,1.7400,4.0300,2.2091,-0.0970,-0.0012,2.03659,0.90
117,0,7.700,-76.3473,163.6897,2.6485,1.7400,4.0300,2.2091,-0.0913,-0.0015,2.03652,0.90
117,0,7.800,-76.3561,163.6895,2.6478,1.7400,4.0300,2.2091,-0.0848,-0.0021,2.03649,0.90
117,0,7.900,-76.3643,163.6893,2.6470,1.7400,4.0300,2.2091,-0.0793,-0.0032,2.03655,0.90
117,0,8.000,-76.3719,163.6889,2.6462,1.7400,4.0300,2.2091,-0.0749,-0.0053,2.03649,0.90
117,0,8.100,-76.3792,163.6882,2.6454,1.7400,4.0300,2.2091,-0.0719,-0.0088,2.03661,0.90
117,0,8.200,-76.3863,163.6871,2.6446,1.7400,4.0300,2.2091,-0.0699,-0.0132,2.03687,0.90
117,0,8.300,-76.3933,163.6856,2.6438,1.7400,4.0300,2.2091,-0.0683,-0.0183,2.03699,0.90
117,0,8.400,-76.4000,163.6835,2.6431,1.7400,4.0300,2.2091,-0.0655,-0.0237,2.03706,0.90
117,0,8.500,-76.4063,163.6808,2.6423,1.7400,4.0300,2.2091,-0.0607,-0.0293,2.03702,0.90
117,0,8.600,-76.4121,163.6776,2.6417,1.7400,4.0300,2.2091,-0.0551,-0.0358,2.03709,0.90
117,0,8.700,-76.4174,163.6737,2.6411,1.7400,4.0300,2.2091,-0.0489,-0.0422,2.03725,0.90
117,0,8.800,-76.4219,163.6692,2.6406,1.7400,4.0300,2.2091,-0.0419,-0.0476,2.03731,0.90
117,0,8.900,-76.4258,163.6641,2.6401,1.7400,4.0300,2.2091,-0.0347,-0.0526,2.03726,0.90
117,0,9.000,-76.4288,163.6587,2.6397,1.7400,4.0300,2.2091,-0.0283,-0.0571,2.03721,0.90
117,0,9.100,-76.4314,163.6527,2.6394,1.7400,4.0300,2.2091,-0.0225,-0.0615,2.03717,0.90
117,0,9.200,-76.4334,163.6463,2.6392,1.7400,4.0300,2.2091,-0.0174,-0.0657,2.03713,0.90
117,0,9.300,-76.4349,163.6396,2.6390,1.7400,4.0300,2.2091,-0.0144,-0.0700,2.03708,0.90
117,0,9.400,-76.4362,163.6324,2.6389,1.7400,4.0300,2.2091,-0.0137,-0.0745,2.03703,0.90
117,0,9.500,-76.4376,163.6247,2.6389,1.7400,4.0300,2.2091,-0.0150,-0.0792,2.03698,0.90
117,0,9.600,-76.4392,163.6165,2.6389,1.7400,4.0300,2.2091,-0.0180,-0.0834,2.03695,0.90
117,0,9.700,-76.4412,163.6080,2.6389,1.7400,4.0300,2.2091,-0.0226,-0.0864,2.03693,0.90
117,0,9.800,-76.4438,163.5992,2.6390,1.7400,4.0300,2.2091,-0.0292,-0.0882,2.03694,0.90
117,0,9.900,-76.4471,163.5903,2.6391,1.7400,4.0300,2.2091,-0.0376,-0.0892,2.03696,0.90
117,0,10.000,-76.4513,163.5814,2.6393,1.7400,4.0300,2.2091,-0.0468,-0.0883,2.03693,0.90
117,0,10.100,-76.4564,163.5727,2.6394,1.7400,4.0300,2.2091,-0.0556,-0.0847,2.03691,0.90
117,0,10.200,-76.4624,163.5644,2.6396,1.7400,4.0300,2.2091,-0.0634,-0.0783,2.03688,0.90
117,0,10.300,-76.4691,163.5571,2.6397,1.7400,4.0300,2.2091,-0.0678,-0.0697,2.03689,0.90
117,0,10.400,-76.4760,163.5505,2.6399,1.7400,4.0300,2.2091,-0.0685,-0.0611,2.03690,0.90
117,0,10.500,-76.4828,163.5448,2.6400,1.7400,4.0300,2.2091,-0.0667,-0.0527,2.03691,0.90
117,0,10.600,-76.4893,163.5400,2.6401,1.7400,4.0300,2.2091,-0.0629,-0.0445,2.03691,0.90
117,0,10.700,-76.4954,163.5359,2.6402,1.7400,4.0300,2.2091,-0.0572,-0.0364,2.03691,0.90
117,0,10.800,-76.5007,163.5327,2.6402,1.7400,4.0300,2.2091,-0.0495,-0.0288,2.03689,0.90
117,0,10.900,-76.5053,163.5302,2.6403,1.7400,4.0300,2.2091,-0.0413,-0.0223,2.03691,0.90
117,0,11.000,-76.5090,163.5282,2.6403,1.7400,4.0300,2.2091,-0.0324,-0.0173,2.03695,0.90
117,0,11.100,-76.5117,163.5267,2.6403,1.7400,4.0300,2.2091,-0.0226,-0.0139,2.03698,0.90
117,0,11.200,-76.5135,163.5255,2.6403,1.7400,4.0300,2.2091,-0.0124,-0.0118,2.03706,0.90
117,0,11.300,-76.5142,163.5244,2.6403,1.7400,4.0300,2.2091,-0.0023,-0.0106,2.03712,0.90
117,0,11.400,-76.5140,163.5233,2.6403,1.7400,4.0300,2.2091,0.0071,-0.0103,2.03716,0.90
117,0,11.500,-76.5128,163.5223,2.6403,1.7400,4.0300,2.2091,0.0155,-0.0104,2.03717,0.90
117,0,11.600,-76.5109,163.5212,2.6403,1.7400,4.0300,2.2091,0.0223,-0.0112,2.03719,0.90
117,0,11.700,-76.5084,163.5201,2.6403,1.7400,4.0300,2.2091,0.0270,-0.0118,2.03721,0.90
117,0,11.800,-76.5055,163.5189,2.6403,1.7400,4.0300,2.2091,0.0295,-0.0117,2.03724,0.90
117,0,11.900,-76.5024,163.5177,2.6403,1.7400,4.0300,2.2091,0.0311,-0.0110,2.03729,0.90
117,0,12.000,-76.4993,163.5167,2.6403,1.7400,4.0300,2.2091,0.0314,-0.0099,2.03733,0.90
117,0,12.100,-76.4962,163.5157,2.6403,1.7400,4.0300,2.2091,0.0305,-0.0087,2.03735,0.90
117,0,12.200,-76.4932,163.5150,2.6402,1.7400,4.0300,2.2091,0.0288,-0.0069,2.03736,0.90
117,0,12.300,-76.4904,163.5144,2.6402,1.7400,4.0300,2.2091,0.0264,-0.0049,2.03738,0.90
117,0,12.400,-76.4879,163.5140,2.6402,1.7400,4.0300,2.2091,0.0233,-0.0026,2.03739,0.90
117,0,12.500,-76.4857,163.5138,2.6402,1.7400,4.0300,2.2091,0.0194,0.0002,2.03739,0.90
117,0,12.600,-76.4840,163.5140,2.6402,1.7400,4.0300,2.2091,0.0154,0.0033,2.03740,0.90
117,0,12.700,-76.4827,163.5145,2.6401,1.7400,4.0300,2.2091,0.0106,0.0059,2.03741,0.90
117,0,12.800,-76.4819,163.5152,2.6401,1.7400,4.0300,2.2091,0.0049,0.0078,2.03742,0.90
117,0,12.900,-76.4817,163.5161,2.6401,1.7400,4.0300,2.2091,-0.0012,0.0098,2.03743,0.90
117,0,13.000,-76.4821,163.5172,2.6400,1.7400,4.0300,2.2091,-0.0073,0.0121,2.03743,0.90
117,0,13.100,-76.4831,163.5185,2.6400,1.7400,4.0300,2.2091,-0.0128,0.0144,2.03743,0.90
117,0,13.200,-76.4847,163.5200,2.6399,1.7400,4.0300,2.2091,-0.0178,0.0168,2.03743,0.90
117,0,13.300,-76.4867,163.5218,2.6399,1.7400,4.0300,2.2091,-0.0224,0.0186,2.03742,0.90
117,0,13.400,-76.4892,163.5237,2.6399,1.7400,4.0300,2.2091,-0.0258,0.0194,2.03739,0.90
117,0,13.500,-76.4919,163.5257,2.6398,1.7400,4.0300,2.2091,-0.0277,0.0199,2.03735,0.90
117,0,13.600,-76.4947,163.5277,2.6398,1.7400,4.0300,2.2091,-0.0284,0.0203,2.03733,0.90
117,0,13.700,-76.4976,163.5298,2.6398,1.7400,4.0300,2.2091,-0.0280,0.0207,2.03734,0.90
117,0,13.800,-76.5003,163.5319,2.6397,1.7400,4.0300,2.2091,-0.0268,0.0209,2.03736,0.90
117,0,13.900,-76.5029,163.5340,2.6397,1.7400,4.0300,2.2091,-0.0256,0.0211,2.03736,0.90
117,0,14.000,-76.5054,163.5361,2.6397,1.7400,4.0300,2.2091,-0.0237,0.0211,2.03736,0.90
117,0,14.100,-76.5077,163.5382,2.6397,1.7400,4.0300,2.2091,-0.0212,0.0209,2.03737,0.90
117,0,14.200,-76.5097,163.5403,2.6397,1.7400,4.0300,2.2091,-0.0188,0.0203,2.03736,0.90
117,0,14.300,-76.5114,163.5423,2.6397,1.7400,4.0300,2.2091,-0.0171,0.0192,2.03736,0.90
117,0,14.400,-76.5131,163.5441,2.6397,1.7400,4.0300,2.2091,-0.0154,0.0178,2.03737,0.90
117,0,14.500,-76.5145,163.5458,2.6397,1.7400,4.0300,2.2091,-0.0132,0.0166,2.03736,0.90
117,0,14.600,-76.5157,163.5474,2.6397,1.7400,4.0300,2.2091,-0.0114,0.0154,2.03736,0.90
117,0,14.700,-76.5168,163.5489,2.6397,1.7400,4.0300,2.2091,-0.0098,0.0141,2.03736,0.90
117,0,14.800,-76.5177,163.5503,2.6397,1.7400,4.0300,2.2091,-0.0081,0.0130,2.03736,0.90
117,0,14.900,-76.5184,163.5515,2.6397,1.7400,4.0300,2.2091,-0.0069,0.0120,2.03736,0.90
117,0,15.000,-76.5191,163.5527,2.6397,1.7400,4.0300,2.2091,-0.0061,0.0110,2.03736,0.90
117,0,15.100,-76.5196,163.5537,2.6397,1.7400,4.0300,2.2091,-0.0052,0.0103,2.03736,0.90
117,0,15.200,-76.5201,163.5547,2.6397,1.7400,4.0300,2.2091,-0.0046,0.0099,2.03735,0.90
117,0,15.300,-76.5206,163.5557,2.6397,1.7400,4.0300,2.2091,-0.0049,0.0095,2.03735,0.90
117,0,15.400,-76.5211,163.5566,2.6397,1.7400,4.0300,2.2091,-0.0054,0.0092,2.03735,0.90
117,0,15.500,-76.5216,163.5575,2.6397,1.7400,4.0300,2.2091,-0.0055,0.0092,2.03735,0.90
117,0,15.600,-76.5222,163.5585,2.6397,1.7400,4.0300,2.2091,-0.0053,0.0093,2.03735,0.90
118,0,3.800,-95.0350,184.4242,2.2992,1.7400,4.0300,2.5157,0.0163,0.0579,-1.14576,0.90
118,0,3.900,-95.0334,184.4300,2.2988,1.7400,4.0300,2.5157,0.0162,0.0578,-1.14574,0.90
118,0,4.000,-95.0318,184.4358,2.2983,1.7400,4.0300,2.5157,0.0160,0.0580,-1.14570,0.90
118,0,4.100,-95.0302,184.4416,2.2979,1.7400,4.0300,2.5157,0.0158,0.0587,-1.14570,0.90
118,0,4.200,-95.0286,184.4475,2.2975,1.7400,4.0300,2.5157,0.0155,0.0594,-1.14577,0.90
118,0,4.300,-95.0271,184.4535,2.2971,1.7400,4.0300,2.5157,0.0150,0.0602,-1.14580,0.90
118,0,4.400,-95.0256,184.4596,2.2967,1.7400,4.0300,2.5157,0.0146,0.0605,-1.14582,0.90
118,0,4.500,-95.0242,184.4656,2.2963,1.7400,4.0300,2.5157,0.0140,0.0590,-1.14585,0.90
118,0,4.600,-95.0228,184.4713,2.2960,1.7400,4.0300,2.5157,0.0134,0.0555,-1.14586,0.90
118,0,4.700,-95.0215,184.4767,2.2957,1.7400,4.0300,2.5157,0.0127,0.0505,-1.14585,0.90
118,0,4.800,-95.0202,184.4815,2.2954,1.7400,4.0300,2.5157,0.0120,0.0439,-1.14585,0.90
118,0,4.900,-95.0191,184.4855,2.2952,1.7400,4.0300,2.5157,0.0112,0.0353,-1.14585,0.90
118,0,5.000,-95.0180,184.4885,2.2951,1.7400,4.0300,2.5157,0.0112,0.0241,-1.14586,0.90
118,0,5.100,-95.0168,184.4903,2.2950,1.7400,4.0300,2.5157,0.0134,0.0088,-1.14586,0.90
118,0,5.200,-95.0153,184.4903,2.2950,1.7400,4.0300,2.5157,0.0172,-0.0097,-1.14584,0.90
118,0,5.300,-95.0134,184.4883,2.2952,1.7400,4.0300,2.5157,0.0220,-0.0299,-1.14582,0.90
118,0,5.400,-95.0109,184.4843,2.2954,1.7400,4.0300,2.5157,0.0280,-0.0522,-1.14577,0.90
118,0,5.503,-95.0077,184.4777,2.2957,1.7400,4.0300,2.5157,0.0363,-0.0793,-1.14574,0.90
118,0,5.600,-95.0037,184.4684,2.2962,1.7400,4.0300,2.5157,0.0440,-0.1042,-1.14568,0.90
118,0,5.700,-94.9990,184.4572,2.2967,1.7400,4.0300,2.5157,0.0481,-0.1182,-1.14566,0.90
118,0,5.800,-94.9940,184.4447,2.2973,1.7400,4.0300,2.5157,0.0519,-0.1278,-1.14567,0.90
118,0,5.900,-94.9887,184.4317,2.2980,1.7400,4.0300,2.5157,0.0539,-0.1318,-1.14566,0.90
118,0,6.000,-94.9832,184.4184,2.2987,1.7400,4.0300,2.5157,0.0539,-0.1315,-1.14567,0.90
118,0,6.100,-94.9779,184.4053,2.2994,1.7400,4.0300,2.5157,0.0522,-0.1287,-1.14574,0.90
118,0,6.200,-94.9728,184.3926,2.3002,1.7400,4.0300,2.5157,0.0491,-0.1245,-1.14576,0.90
118,0,6.300,-94.9681,184.3805,2.3010,1.7400,4.0300,2.5157,0.0447,-0.1186,-1.14597,0.90
118,0,6.400,-94.9639,184.3690,2.3017,1.7400,4.0300,2.5157,0.0391,-0.1106,-1.14586,0.90
118,0,6.500,-94.9602,184.3583,2.3025,1.7400,4.0300,2.5157,0.0319,-0.1010,-1.14592,0.90
118,0,6.603,-94.9574,184.3484,2.3032,1.7400,4.0300,2.5157,0.0246,-0.0956,-1.14599,0.90
118,0,6.700,-94.9553,184.3392,2.3039,1.7400,4.0300,2.5157,0.0156,-0.0914,-1.14601,0.90
118,0,6.800,-94.9543,184.3304,2.3046,1.7400,4.0300,2.5157,0.0050,-0.0862,-1.14602,0.90
118,0,6.900,-94.9543,184.3220,2.3052,1.7400,4.0300,2.5157,-0.0060,-0.0844,-1.14601,0.90
118,0,7.000,-94.9555,184.3136,2.3058,1.7400,4.0300,2.5157,-0.0168,-0.0845,-1.14606,0.90
118,0,7.100,-94.9577,184.3050,2.3064,1.7400,4.0300,2.5157,-0.0259,-0.0855,-1.14608,0.90
118,0,7.200,-94.9607,184.2964,2.3069,1.7400,4.0300,2.5157,-0.0336,-0.0869,-1.14619,0.90
118,0,7.300,-94.9644,184.2877,2.3072,1.7400,4.0300,2.5157,-0.0403,-0.0892,-1.14618,0.90
118,0,7.400,-94.9687,184.2786,2.3075,1.7400,4.0300,2.5157,-0.0460,-0.0928,-1.14620,0.90
118,0,7.500,-94.9736,184.2691,2.3077,1.7400,4.0300,2.5157,-0.0514,-0.0975,-1.14621,0.90
118,0,7.600,-94.9790,184.2591,2.3078,1.7400,4.0300,2.5157,-0.0576,-0.1026,-1.14616,0.90
118,0,7.700,-94.9851,184.2486,2.3079,1.7400,4.0300,2.5157,-0.0639,-0.1076,-1.14623,0.90
118,0,7.800,-94.9918,184.2376,2.3079,1.7400,4.0300,2.5157,-0.0694,-0.1124,-1.14625,0.90
118,0,7.900,-94.9990,184.2261,2.3078,1.7400,4.0300,2.5157,-0.0739,-0.1175,-1.14619,0.90
118,0,8.000,-95.0066,184.2141,2.3077,1.7400,4.0300,2.5157,-0.0765,-0.1219,-1.14625,0.90
118,0,8.100,-95.0143,184.2017,2.3076,1.7400,4.0300,2.5157,-0.0771,-0.1255,-1.14555,0.90
118,0,8.200,-95.0220,184.1889,2.3075,1.7400,4.0300,2.5157,-0.0763,-0.1292,-1.14588,0.90
118,0,8.300,-95.0296,184.1758,2.3074,1.7400,4.0300,2.5157,-0.0748,-0.1335,-1.14575,0.90
118,0,8.400,-95.0370,184.1623,2.3072,1.7400,4.0300,2.5157,-0.0721,-0.1368,-1.14568,0.90
118,0,8.500,-95.0440,184.1485,2.3070,1.7400,4.0300,2.5157,-0.0672,-0.1375,-1.14573,0.90
118,0,8.600,-95.0504,184.1347,2.3068,1.7400,4.0300,2.5157,-0.0601,-0.1360,-1.14565,0.90
118,0,8.700,-95.0560,184.1213,2.3066,1.7400,4.0300,2.5157,-0.0498,-0.1306,-1.14549,0.90
118,0,8.800,-95.0604,184.1086,2.3062,1.7400,4.0300,2.5157,-0.0364,-0.1216,-1.14543,0.90
118,0,8.900,-95.0633,184.0970,2.3057,1.7400,4.0300,2.5157,-0.0201,-0.1107,-1.14548,0.90
118,0,9.000,-95.0644,184.0865,2.3052,1.7400,4.0300,2.5157,-0.0003,-0.0971,-1.14554,0.90
118,0,9.100,-95.0634,184.0776,2.3044,1.7400,4.0300,2.5157,0.0229,-0.0811,-1.14558,0.90
118,0,9.200,-95.0598,184.0703,2.3035,1.7400,4.0300,2.5157,0.0498,-0.0637,-1.14562,0.90
118,0,9.300,-95.0534,184.0648,2.3023,1.7400,4.0300,2.5157,0.0799,-0.0443,-1.14567,0.90
118,0,9.400,-95.0439,184.0614,2.3009,1.7400,4.0300,2.5157,0.1124,-0.0236,-1.14571,0.90
118,0,9.500,-95.0309,184.0601,2.2992,1.7400,4.0300,2.5157,0.1473,-0.0023,-1.14577,0.90
118,0,9.600,-95.0144,184.0610,2.2972,1.7400,4.0300,2.5157,0.1841,0.0196,-1.14580,0.90
118,0,9.700,-94.9941,184.0640,2.2949,1.7400,4.0300,2.5157,0.2215,0.0416,-1.14581,0.90
118,0,9.800,-94.9701,184.0693,2.2923,1.7400,4.0300,2.5157,0.2581,0.0633,-1.14580,0.90
118,0,9.900,-94.9424,184.0767,2.2895,1.7400,4.0300,2.5157,0.2949,0.0849,-1.14579,0.90
118,0,10.000,-94.9112,184.0862,2.2863,1.7400,4.0300,2.5157,0.3277,0.1057,-1.14581,0.90
118,0,10.100,-94.8769,184.0978,2.2830,1.7400,4.0300,2.5157,0.3547,0.1247,-1.14584,0.90
118,0,10.200,-94.8401,184.1112,2.2794,1.7400,4.0300,2.5157,0.3810,0.1439,-1.14587,0.90
118,0,10.300,-94.8008,184.1266,2.2757,1.7400,4.0300,2.5157,0.4054,0.1626,-1.14585,0.90
118,0,10.400,-94.7592,184.1437,2.2719,1.7400,4.0300,2.5157,0.4250,0.1788,-1.14584,0.90
118,0,10.500,-94.7157,184.1624,2.2679,1.7400,4.0300,2.5157,0.4398,0.1919,-1.14583,0.90
118,0,10.600,-94.6711,184.1822,2.2638,1.7400,4.0300,2.5157,0.4462,0.2006,-1.14583,0.90
118,0,10.700,-94.6265,184.2025,2.2599,1.7400,4.0300,2.5157,0.4376,0.2012,-1.14584,0.90
118,0,10.800,-94.5837,184.2224,2.2561,1.7400,4.0300,2.5157,0.4145,0.1936,-1.14585,0.90
118,0,10.900,-94.5435,184.2412,2.2527,1.7400,4.0300,2.5157,0.3860,0.1814,-1.14584,0.90
118,0,11.000,-94.5066,184.2586,2.2496,1.7400,4.0300,2.5157,0.3516,0.1641,-1.14580,0.90
118,0,11.100,-94.4732,184.2740,2.2469,1.7400,4.0300,2.5157,0.3146,0.1429,-1.14576,0.90
118,0,11.200,-94.4435,184.2872,2.2446,1.7400,4.0300,2.5157,0.2810,0.1200,-1.14569,0.90
118,0,11.300,-94.4171,184.2980,2.2427,1.7400,4.0300,2.5157,0.2471,0.0968,-1.14563,0.90
118,0,11.400,-94.3942,184.3066,2.2411,1.7400,4.0300,2.5157,0.2126,0.0762,-1.14559,0.90
118,0,11.500,-94.3745,184.3133,2.2398,1.7400,4.0300,2.5157,0.1765,0.0573,-1.14558,0.90
118,0,11.600,-94.3588,184.3181,2.2389,1.7400,4.0300,2.5157,0.1360,0.0384,-1.14555,0.90
118,0,11.700,-94.3474,184.3209,2.2383,1.7400,4.0300,2.5157,0.0922,0.0192,-1.14554,0.90
118,0,11.800,-94.3404,184.3219,2.2382,1.7400,4.0300,2.5157,0.0483,0.0006,-1.14551,0.90
118,0,11.900,-94.3377,184.3210,2.2385,1.7400,4.0300,2.5157,0.0074,-0.0167,-1.14546,0.90
118,0,12.000,-94.3389,184.3185,2.2390,1.7400,4.0300,2.5157,-0.0301,-0.0329,-1.14542,0.90
118,0,12.100,-94.3437,184.3145,2.2399,1.7400,4.0300,2.5157,-0.0632,-0.0475,-1.14540,0.90
118,0,12.200,-94.3516,184.3090,2.2410,1.7400,4.0300,2.5157,-0.0910,-0.0602,-1.14539,0.90
118,0,12.300,-94.3619,184.3024,2.2423,1.7400,4.0300,2.5157,-0.1130,-0.0702,-1.14536,0.90
118,0,12.400,-94.3741,184.2950,2.2438,1.7400,4.0300,2.5157,-0.1283,-0.0772,-1.14536,0.90
118,0,12.500,-94.3876,184.2870,2.2454,1.7400,4.0300,2.5157,-0.1372,-0.0812,-1.14536,0.90
118,0,12.600,-94.4016,184.2787,2.2470,1.7400,4.0300,2.5157,-0.1403,-0.0825,-1.14535,0.90
119,0,6.700,-102.6788,200.9626,2.4626,2.6396,9.5000,3.6567,2.1403,-0.8871,0.21851,0.90
119,0,6.800,-102.4644,200.8737,2.4629,2.6396,9.5000,3.6567,2.1307,-0.8954,0.17811,0.90
119,0,6.900,-102.2533,200.7838,2.4631,2.6396,9.5000,3.6567,2.0941,-0.9098,0.13774,0.90
119,0,7.000,-102.0461,200.6920,2.4633,2.6396,9.5000,3.6567,2.0577,-0.9273,0.09730,0.90
119,0,7.100,-101.8409,200.5979,2.4635,2.6396,9.5000,3.6567,2.0386,-0.9542,0.05689,0.90
119,0,7.200,-101.6376,200.5008,2.4638,2.6396,9.5000,3.6567,2.0356,-0.9927,0.01640,0.90
119,0,7.300,-101.4343,200.3997,2.4640,2.6396,9.5000,3.6567,2.0361,-1.0369,-0.02398,0.90
119,0,7.400,-101.2309,200.2937,2.4644,2.6396,9.5000,3.6567,2.0255,-1.0875,-0.06438,0.90
119,0,7.500,-101.0285,200.1817,2.4648,2.6396,9.5000,3.6567,2.0152,-1.1525,-0.10478,0.90
119,0,7.600,-100.8271,200.0627,2.4653,2.6396,9.5000,3.6567,2.0148,-1.2340,-0.14510,0.90
119,0,7.700,-100.6260,199.9353,2.4661,2.6396,9.5000,3.6567,2.0211,-1.3294,-0.18555,0.90
119,0,7.800,-100.4234,199.7972,2.4671,2.6396,9.5000,3.6567,2.0442,-1.4464,-0.22595,0.90
119,0,7.900,-100.2164,199.6454,2.4685,2.6396,9.5000,3.6567,2.1063,-1.6014,-0.26625,0.90
119,0,8.000,-100.0027,199.4773,2.4704,2.6396,9.5000,3.6567,2.1794,-1.7773,-0.30669,0.90
119,0,8.100,-99.7811,199.2904,2.4729,2.6396,9.5000,3.6567,2.2557,-1.9687,-0.36839,0.90
119,0,8.200,-99.5507,199.0828,2.4760,2.6396,9.5000,3.6567,2.3436,-2.1837,-0.42995,0.90
119,0,8.300,-99.3115,198.8528,2.4797,2.6396,9.5000,3.6567,2.4386,-2.4202,-0.49166,0.90
119,0,8.400,-99.0637,198.5994,2.4842,2.6396,9.5000,3.6567,2.5198,-2.6582,-0.55342,0.90
119,0,8.500,-98.8082,198.3219,2.4893,2.6396,9.5000,3.6567,2.5817,-2.8899,-0.61529,0.90
119,0,8.600,-98.5463,198.0203,2.4951,2.6396,9.5000,3.6567,2.6458,-3.1394,-0.67703,0.90
119,0,8.700,-98.2797,197.6949,2.5015,2.6396,9.5000,3.6567,2.6820,-3.3727,-0.73869,0.90
119,0,8.800,-98.0106,197.3466,2.5085,2.6396,9.5000,3.6567,2.6871,-3.5812,-0.80045,0.90
119,0,8.900,-97.7413,196.9772,2.5160,2.6396,9.5000,3.6567,2.6858,-3.7941,-0.86234,0.90
119,0,9.000,-97.4742,196.5889,2.5239,2.6396,9.5000,3.6567,2.6566,-3.9763,-0.92423,0.90
119,0,9.100,-97.2107,196.1830,2.5322,2.6396,9.5000,3.6567,2.6029,-4.1260,-0.98611,0.90
119,0,9.200,-96.9526,195.7621,2.5407,2.6396,9.5000,3.6567,2.5520,-4.2844,-1.04799,0.90
119,0,9.300,-96.7010,195.3273,2.5495,2.6396,9.5000,3.6567,2.4855,-4.4196,-1.05958,0.90
119,0,9.400,-96.4561,194.8793,2.5584,2.6396,9.5000,3.6567,2.4067,-4.5296,-1.07118,0.90
119,0,9.500,-96.2187,194.4196,2.5674,2.6396,9.5000,3.6567,2.3345,-4.6428,-1.08278,0.90
119,0,9.600,-95.9883,193.9489,2.5765,2.6396,9.5000,3.6567,2.2750,-4.7676,-1.09436,0.90
119,0,9.700,-95.7643,193.4674,2.5856,2.6396,9.5000,3.6567,2.2147,-4.8711,-1.10591,0.90
119,0,9.800,-95.5460,192.9760,2.5948,2.6396,9.5000,3.6567,2.1549,-4.9518,-1.11744,0.90
119,0,9.900,-95.3325,192.4751,2.6040,2.6396,9.5000,3.6567,2.1174,-5.0591,-1.12897,0.90
119,0,10.000,-95.1231,191.9656,2.6132,2.6396,9.5000,3.6567,2.0806,-5.1432,-1.13157,0.90
119,0,10.100,-94.9169,191.4478,2.6225,2.6396,9.5000,3.6567,2.0493,-5.2112,-1.13416,0.90
119,0,10.200,-94.7124,190.9213,2.6319,2.6396,9.5000,3.6567,2.0481,-5.3237,-1.13677,0.90
119,0,10.300,-94.5078,190.3845,2.6414,2.6396,9.5000,3.6567,2.0599,-5.4378,-1.13932,0.90
119,0,10.400,-94.3010,189.8352,2.6512,2.6396,9.5000,3.6567,2.0842,-5.5528,-1.14188,0.90
119,0,10.500,-94.0902,189.2718,2.6612,2.6396,9.5000,3.6567,2.1297,-5.6966,-1.14443,0.90
119,0,10.600,-93.8742,188.6936,2.6716,2.6396,9.5000,3.6567,2.1956,-5.8705,-1.14700,0.90
119,0,10.700,-93.6516,188.0992,2.6825,2.6396,9.5000,3.6567,2.2666,-6.0362,-1.14958,0.90
119,0,10.800,-93.4215,187.4880,2.6937,2.6396,9.5000,3.6567,2.3369,-6.1825,-1.15217,0.90
119,0,10.900,-93.1833,186.8603,2.7055,2.6396,9.5000,3.6567,2.4250,-6.3606,-1.15030,0.90
119,0,11.000,-92.9371,186.2176,2.7178,2.6396,9.5000,3.6567,2.5026,-6.4991,-1.14841,0.90
119,0,11.100,-92.6835,185.5623,2.7306,2.6396,9.5000,3.6567,2.5637,-6.5867,-1.14652,0.90
119,0,11.200,-92.4234,184.8977,2.7439,2.6396,9.5000,3.6567,2.6285,-6.6790,-1.14459,0.90
119,0,11.300,-92.1585,184.2283,2.7576,2.6396,9.5000,3.6567,2.6703,-6.7099,-1.14268,0.90
119,0,11.400,-91.8901,183.5575,2.7716,2.6396,9.5000,3.6567,2.6924,-6.6884,-1.14079,0.90
119,0,11.500,-91.6190,182.8880,2.7861,2.6396,9.5000,3.6567,2.7157,-6.6677,-1.13893,0.90
119,0,11.600,-91.3458,182.2213,2.8008,2.6396,9.5000,3.6567,2.7432,-6.6555,-1.13706,0.90
119,0,11.700,-91.0711,181.5586,2.8160,2.6396,9.5000,3.6567,2.7598,-6.6159,-1.13520,0.90
119,0,11.800,-90.7946,180.8999,2.8316,2.6396,9.5000,3.6567,2.7684,-6.5574,-1.13332,0.90
119,0,11.900,-90.5163,180.2446,2.8477,2.6396,9.5000,3.6567,2.7997,-6.5530,-1.13141,0.90
119,0,12.000,-90.2354,179.5911,2.8645,2.6396,9.5000,3.6567,2.8299,-6.5455,-1.12952,0.90
119,0,12.100,-89.9511,178.9372,2.8820,2.6396,9.5000,3.6567,2.8620,-6.5428,-1.12765,0.90
119,0,12.200,-89.6619,178.2800,2.9002,2.6396,9.5000,3.6567,2.9183,-6.5958,-1.12579,0.90
119,0,12.300,-89.3663,177.6155,2.9194,2.6396,9.5000,3.6567,2.9990,-6.7051,-1.12392,0.90
119,0,12.400,-89.0629,176.9408,2.9395,2.6396,9.5000,3.6567,3.0802,-6.8181,-1.12207,0.90
119,0,12.500,-88.7511,176.2537,2.9606,2.6396,9.5000,3.6567,3.1575,-6.9254,-1.12022,0.90
119,0,12.600,-88.4302,175.5530,2.9825,2.6396,9.5000,3.6567,3.2586,-7.0876,-1.11836,0.90
119,0,12.700,-88.1002,174.8381,3.0053,2.6396,9.5000,3.6567,3.3484,-7.2285,-1.11834,0.90
119,0,12.800,-87.7614,174.1092,3.0289,2.6396,9.5000,3.6567,3.4226,-7.3400,-1.11834,0.90
119,0,12.900,-87.4143,173.3672,3.0531,2.6396,9.5000,3.6567,3.5116,-7.4879,-1.11833,0.90
119,0,13.000,-87.0600,172.6136,3.0779,2.6396,9.5000,3.6567,3.5780,-7.5922,-1.11832,0.90
119,0,13.100,-86.6997,171.8508,3.1030,2.6396,9.5000,3.6567,3.6176,-7.6450,-1.11832,0.90
119,0,13.200,-86.3351,171.0816,3.1282,2.6396,9.5000,3.6567,3.6626,-7.7151,-1.11833,0.90
119,0,13.300,-85.9682,170.3099,3.1535,2.6396,9.5000,3.6567,3.6743,-7.7187,-1.11834,0.90
119,0,13.400,-85.6012,169.5400,3.1785,2.6396,9.5000,3.6567,3.6498,-7.6481,-1.11836,0.90
119,0,13.500,-85.2368,168.7773,3.2032,2.6396,9.5000,3.6567,3.6145,-7.5543,-1.11842,0.90
119,0,13.600,-84.8769,168.0262,3.2272,2.6396,9.5000,3.6567,3.5730,-7.4441,-1.11844,0.90
119,0,13.700,-84.5231,167.2904,3.2504,2.6396,9.5000,3.6567,3.5058,-7.2761,-1.11842,0.90
119,0,13.800,-84.1767,166.5729,3.2728,2.6396,9.5000,3.6567,3.4166,-7.0605,-1.11840,0.90
119,0,13.900,-83.8385,165.8756,3.2943,2.6396,9.5000,3.6567,3.3422,-6.8758,-1.11840,0.90
119,0,14.000,-83.5091,165.1996,3.3147,2.6396,9.5000,3.6567,3.2529,-6.6607,-1.11840,0.90
119,0,14.100,-83.1888,164.5452,3.3341,2.6396,9.5000,3.6567,3.1539,-6.4256,-1.11839,0.90
119,0,14.200,-82.8771,163.9119,3.3526,2.6396,9.5000,3.6567,3.0698,-6.2231,-1.11840,0.90
119,0,14.300,-82.5736,163.2982,3.3700,2.6396,9.5000,3.6567,3.0037,-6.0607,-1.11840,0.90
119,0,14.400,-82.2772,162.7014,3.3864,2.6396,9.5000,3.6567,2.9395,-5.9071,-1.11839,0.90
119,0,14.500,-81.9865,162.1183,3.4021,2.6396,9.5000,3.6567,2.8776,-5.7657,-1.11840,0.90
119,0,14.600,-81.7005,161.5460,3.4170,2.6396,9.5000,3.6567,2.8420,-5.6879,-1.11840,0.90
119,0,14.700,-81.4189,160.9823,3.4312,2.6396,9.5000,3.6567,2.8009,-5.6114,-1.11840,0.90
119,0,14.800,-81.1411,160.4252,3.4448,2.6396,9.5000,3.6567,2.7542,-5.5327,-1.11840,0.90
119,0,14.900,-80.8669,159.8736,3.4579,2.6396,9.5000,3.6567,2.7293,-5.5029,-1.11840,0.90
119,0,15.000,-80.5960,159.3262,3.4705,2.6396,9.5000,3.6567,2.6994,-5.4640,-1.11840,0.90
119,0,15.100,-80.3278,158.7822,3.4828,2.6396,9.5000,3.6567,2.6643,-5.4141,-1.11841,0.90
119,0,15.200,-80.0621,158.2412,3.4947,2.6396,9.5000,3.6567,2.6419,-5.3881,-1.11841,0.90
119,0,15.300,-79.7984,157.7025,3.5065,2.6396,9.5000,3.6567,2.6328,-5.3853,-1.11841,0.90
119,0,15.400,-79.5362,157.1656,3.5180,2.6396,9.5000,3.6567,2.6203,-5.3694,-1.11841,0.90
119,0,15.500,-79.2750,156.6301,3.5295,2.6396,9.5000,3.6567,2.6041,-5.3418,-1.11842,0.90
119,0,15.600,-79.0144,156.0952,3.5409,2.6396,9.5000,3.6567,2.6015,-5.3385,-1.11842,0.90
120,0,0.000,29.3414,-73.0499,-1.6900,2.0433,4.7543,1.6633,0.5407,4.2547,0.96802,0.90
120,0,0.100,29.3956,-72.6236,-1.6917,2.0433,4.7543,1.6633,0.5418,4.2735,1.04750,0.90
120,0,0.200,29.4496,-72.1964,-1.6934,2.0433,4.7543,1.6633,0.5381,4.2871,1.12700,0.90
120,0,0.300,29.5031,-71.7673,-1.6951,2.0433,4.7543,1.6633,0.5247,4.2960,1.20652,0.90
120,0,0.400,29.5548,-71.3355,-1.6967,2.0433,4.7543,1.6633,0.5012,4.3446,1.28597,0.90
120,0,0.500,29.6032,-70.8996,-1.6983,2.0433,4.7543,1.6633,0.4591,4.3902,1.36553,0.90
120,0,0.600,29.6465,-70.4586,-1.6996,2.0433,4.7543,1.6633,0.3954,4.4315,1.44502,0.90
120,0,0.700,29.6824,-70.0115,-1.7008,2.0433,4.7543,1.6633,0.3107,4.5008,1.52455,0.90
120,0,0.800,29.7087,-69.5567,-1.7015,2.0433,4.7543,1.6633,0.2057,4.6013,1.60401,0.90
120,0,0.900,29.7235,-69.0925,-1.7018,2.0433,4.7543,1.6633,0.0829,4.7015,1.62875,0.90
120,0,1.000,29.7253,-68.6177,-1.7016,2.0433,4.7543,1.6633,-0.0518,4.7985,1.65344,0.90
120,0,1.100,29.7131,-68.1309,-1.7007,2.0433,4.7543,1.6633,-0.1949,4.9378,1.67813,0.90
120,0,1.200,29.6863,-67.6314,-1.6990,2.0433,4.7543,1.6633,-0.3432,5.0693,1.70286,0.90
120,0,1.300,29.6446,-67.1184,-1.6965,2.0433,4.7543,1.6633,-0.4940,5.1919,1.72758,0.90
120,0,1.400,29.5874,-66.5910,-1.6931,2.0433,4.7543,1.6633,-0.6513,5.3573,1.75231,0.90
120,0,1.500,29.5145,-66.0484,-1.6886,2.0433,4.7543,1.6633,-0.8082,5.5110,1.77697,0.90
120,0,1.600,29.4259,-65.4903,-1.6831,2.0433,4.7543,1.6633,-0.9622,5.6503,1.80168,0.90
120,0,1.700,29.3217,-64.9161,-1.6764,2.0433,4.7543,1.6633,-1.1193,5.8127,1.82641,0.90
120,0,1.800,29.2016,-64.3254,-1.6685,2.0433,4.7543,1.6633,-1.2799,5.9972,1.85111,0.90
120,0,1.900,29.0660,-63.7183,-1.6595,2.0433,4.7543,1.6633,-1.4328,6.1589,1.86723,0.90
120,0,2.000,28.9155,-63.0953,-1.6493,2.0433,4.7543,1.6633,-1.5745,6.2934,1.88340,0.90
120,0,2.100,28.7505,-62.4572,-1.6379,2.0433,4.7543,1.6633,-1.7211,6.4639,1.89957,0.90
120,0,2.200,28.5717,-61.8043,-1.6256,2.0433,4.7543,1.6633,-1.8570,6.6077,1.91571,0.90
120,0,2.300,28.3796,-61.1374,-1.6122,2.0433,4.7543,1.6633,-1.9811,6.7237,1.93195,0.90
120,0,2.400,28.1747,-60.4569,-1.5978,2.0433,4.7543,1.6633,-2.1063,6.8563,1.86613,0.90
120,0,2.500,27.9575,-59.7635,-1.5824,2.0433,4.7543,1.6633,-2.2341,7.0071,1.86852,0.90
120,0,2.600,27.7285,-59.0574,-1.5661,2.0433,4.7543,1.6633,-2.3503,7.1301,1.95837,0.90
120,0,2.700,27.4881,-58.3394,-1.5490,2.0433,4.7543,1.6633,-2.4538,7.2245,1.87234,0.90
120,0,2.800,27.2367,-57.6097,-1.5310,2.0433,4.7543,1.6633,-2.5695,7.3625,1.97583,0.90
120,0,2.900,26.9749,-56.8689,-1.5122,2.0433,4.7543,1.6633,-2.6728,7.4721,1.87612,0.90
120,0,3.000,26.7029,-56.1173,-1.4927,2.0433,4.7543,1.6633,-2.7629,7.5524,1.87782,0.90
120,0,3.100,26.4212,-55.3554,-1.4723,2.0433,4.7543,1.6633,-2.8675,7.6788,1.87908,0.90
120,0,3.200,26.1302,-54.5836,-1.4513,2.0433,4.7543,1.6633,-2.9594,7.7764,1.88016,0.90
120,0,3.300,25.8301,-53.8022,-1.4295,2.0433,4.7543,1.6633,-3.0376,7.8442,1.88091,0.90
120,0,3.400,25.5215,-53.0117,-1.4071,2.0433,4.7543,1.6633,-3.1326,7.9606,1.88156,0.90
120,0,3.500,25.2045,-52.2123,-1.3841,2.0433,4.7543,1.6633,-3.2142,8.0474,1.88233,0.90
120,0,3.600,24.8795,-51.4044,-1.3604,2.0433,4.7543,1.6633,-3.2817,8.1039,1.88299,0.90
120,0,3.700,24.5468,-50.5883,-1.3361,2.0433,4.7543,1.6633,-3.3569,8.1841,1.88356,0.90
120,0,3.800,24.2068,-49.7643,-1.3113,2.0433,4.7543,1.6633,-3.4407,8.2889,1.88381,0.90
120,0,3.900,23.8596,-48.9327,-1.2859,2.0433,4.7543,1.6633,-3.5105,8.3634,1.88406,0.90
120,0,4.000,23.5056,-48.0939,-1.2600,2.0433,4.7543,1.6633,-3.5657,8.4072,1.88435,0.90
120,0,4.100,23.1451,-47.2480,-1.2335,2.0433,4.7543,1.6633,-3.6420,8.5041,1.88487,0.90
120,0,4.200,22.7782,-46.3953,-1.2066,2.0433,4.7543,1.6633,-3.7041,8.5706,1.88538,0.90
120,0,4.300,22.4053,-45.5362,-1.1792,2.0433,4.7543,1.6633,-3.7512,8.6059,1.88603,0.90
120,0,4.400,22.0265,-44.6708,-1.1513,2.0433,4.7543,1.6633,-3.8210,8.6961,1.88645,0.90
120,0,4.500,21.6421,-43.7993,-1.1230,2.0433,4.7543,1.6633,-3.8761,8.7553,1.88700,0.90
120,0,4.600,21.2523,-42.9221,-1.0943,2.0433,4.7543,1.6633,-3.9160,8.7830,1.88738,0.90
120,0,4.700,20.8574,-42.0392,-1.0652,2.0433,4.7543,1.6633,-3.9668,8.8378,1.88780,0.90
120,0,4.800,20.4574,-41.1510,-1.0357,2.0433,4.7543,1.6633,-4.0290,8.9203,1.88825,0.90
120,0,4.900,20.0527,-40.2576,-1.0058,2.0433,4.7543,1.6633,-4.0760,8.9713,1.88886,0.90
120,0,5.000,19.6433,-39.3592,-0.9756,2.0433,4.7543,1.6633,-4.1076,8.9905,1.88944,0.90
120,0,5.100,19.2295,-38.4560,-0.9450,2.0433,4.7543,1.6633,-4.1648,9.0678,1.89022,0.90
120,0,5.200,18.8115,-37.5481,-0.9140,2.0433,4.7543,1.6633,-4.2066,9.1134,1.89112,0.90
120,0,5.300,18.3893,-36.6358,-0.8828,2.0433,4.7543,1.6633,-4.2327,9.1270,1.89206,0.90
120,0,5.400,17.9632,-35.7191,-0.8512,2.0433,4.7543,1.6633,-4.2107,9.0393,1.89309,0.90
120,0,5.503,17.5334,-34.7983,-0.8193,2.0433,4.7543,1.6633,-4.3226,9.2406,1.89419,0.90
120,0,5.600,17.0999,-33.8735,-0.7872,2.0433,4.7543,1.6633,-4.4220,9.4156,1.89537,0.90
120,0,5.700,16.6629,-32.9448,-0.7547,2.0433,4.7543,1.6633,-4.3780,9.2869,1.89657,0.90
120,0,5.800,16.2226,-32.0124,-0.7220,2.0433,4.7543,1.6633,-4.4256,9.3547,1.89787,0.90
120,0,5.900,15.7790,-31.0764,-0.6891,2.0433,4.7543,1.6633,-4.4573,9.3901,1.89911,0.90
120,0,6.000,15.3323,-30.1369,-0.6558,2.0433,4.7543,1.6633,-4.4729,9.3930,1.90040,0.90
120,0,6.100,14.8827,-29.1941,-0.6224,2.0433,4.7543,1.6633,-4.5020,9.4259,1.90182,0.90
120,0,6.200,14.4301,-28.2481,-0.5887,2.0433,4.7543,1.6633,-4.5451,9.4892,1.90326,0.90
120,0,6.300,13.9749,-27.2989,-0.5548,2.0433,4.7543,1.6633,-4.5721,9.5200,1.90464,0.90
120,0,6.400,13.5170,-26.3466,-0.5207,2.0433,4.7543,1.6633,-4.5829,9.5181,1.90628,0.90
120,0,6.500,13.0565,-25.3915,-0.4863,2.0433,4.7543,1.6633,-4.5425,9.4116,1.90824,0.90
120,0,6.603,12.5936,-24.4335,-0.4518,2.0433,4.7543,1.6633,-4.6468,9.6061,1.91018,0.90
120,0,6.700,12.1284,-23.4728,-0.4170,2.0433,4.7543,1.6633,-4.7382,9.7740,1.91211,0.90
120,0,6.800,11.6609,-22.5095,-0.3821,2.0433,4.7543,1.6633,-4.6921,9.6595,1.91417,0.90
120,0,6.900,11.1912,-21.5435,-0.3470,2.0433,4.7543,1.6633,-4.7133,9.6848,1.91607,0.90
120,0,7.000,10.7195,-20.5751,-0.3117,2.0433,4.7543,1.6633,-4.7180,9.6772,1.91796,0.90
120,0,7.100,10.2458,-19.6043,-0.2763,2.0433,4.7543,1.6633,-4.7375,9.7009,1.92001,0.90
120,0,7.200,9.7701,-18.6311,-0.2406,2.0433,4.7543,1.6633,-4.7720,9.7562,1.92190,0.90
120,0,7.300,9.2926,-17.6557,-0.2049,2.0433,4.7543,1.6633,-4.7901,9.7787,1.92403,0.90
120,0,7.400,8.8134,-16.6780,-0.1689,2.0433,4.7543,1.6633,-4.7915,9.7681,1.92604,0.90
120,0,7.500,8.3325,-15.6983,-0.1328,2.0433,4.7543,1.6633,-4.8080,9.7891,1.92819,0.90
120,0,7.600,7.8499,-14.7164,-0.0966,2.0433,4.7543,1.6633,-4.8398,9.8421,1.93018,0.90
120,0,7.700,7.3658,-13.7325,-0.0602,2.0433,4.7543,1.6633,-4.8552,9.8623,1.93214,0.90
120,0,7.800,6.8802,-12.7466,-0.0237,2.0433,4.7543,1.6633,-4.8538,9.8494,1.93464,0.90
120,0,7.900,6.3931,-11.7587,0.0130,2.0433,4.7543,1.6633,-4.8840,9.9012,1.93719,0.90
120,0,8.000,5.9047,-10.7690,0.0497,2.0433,4.7543,1.6633,-4.8974,9.9199,1.93948,0.90
120,0,8.100,5.4149,-9.7774,0.0867,2.0433,4.7543,1.6633,-4.8941,9.9053,1.94184,0.90
120,0,8.200,4.9239,-8.7840,0.1237,2.0433,4.7543,1.6633,-4.9064,9.9231,1.94316,0.90
120,0,8.300,4.4317,-7.7889,0.1608,2.0433,4.7543,1.6633,-4.9346,9.9737,1.94304,0.90
120,0,8.400,3.9384,-6.7920,0.1981,2.0433,4.7543,1.6633,-4.9459,9.9909,1.94351,0.90
120,0,8.500,3.4439,-5.7934,0.2355,2.0433,4.7543,1.6633,-4.9404,9.9746,1.94485,0.90
120,0,8.600,2.9483,-4.7932,0.2730,2.0433,4.7543,1.6633,-4.9670,10.0241,1.94575,0.90
120,0,8.700,2.4518,-3.7913,0.3106,2.0433,4.7543,1.6633,-4.9770,10.0405,1.94650,0.90
120,0,8.800,1.9543,-2.7877,0.3483,2.0433,4.7543,1.6633,-4.9701,10.0237,1.94731,0.90
120,0,8.900,1.4558,-1.7826,0.3862,2.0433,4.7543,1.6633,-4.9957,10.0729,1.94818,0.90
120,0,9.000,0.9565,-0.7759,0.4241,2.0433,4.7543,1.6633,-5.0043,10.0886,1.94880,0.90
120,0,9.100,0.4563,0.2324,0.4621,2.0433,4.7543,1.6633,-4.9960,10.0708,1.99304,0.90
120,0,9.200,-0.0447,1.2422,0.5003,2.0433,4.7543,1.6633,-5.0205,10.1198,1.95073,0.90
120,0,9.300,-0.5464,2.2536,0.5385,2.0433,4.7543,1.6633,-5.0280,10.1352,1.95202,0.90
120,0,9.400,-1.0489,3.2665,0.5769,2.0433,4.7543,1.6633,-5.0185,10.1168,1.99169,0.90
120,0,9.500,-1.5521,4.2809,0.6153,2.0433,4.7543,1.6633,-5.0253,10.1320,1.95467,0.90
120,0,9.600,-2.0560,5.2969,0.6539,2.0433,4.7543,1.6633,-5.0484,10.1807,1.95625,0.90
120,0,9.700,-2.5604,6.3144,0.6925,2.0433,4.7543,1.6633,-5.0545,10.1959,1.99038,0.90
120,0,9.800,-3.0655,7.3333,0.7312,2.0433,4.7543,1.6633,-5.0436,10.1775,1.95982,0.90
120,0,9.900,-3.5711,8.3539,0.7701,2.0433,4.7543,1.6633,-5.0659,10.2265,1.98958,0.90
120,0,10.000,-4.0773,9.3759,0.8090,2.0433,4.7543,1.6633,-5.0711,10.2418,1.98914,0.90
120,0,10.100,-4.5840,10.3994,0.8480,2.0433,4.7543,1.6633,-5.0591,10.2232,1.98871,0.90
120,0,10.200,-5.0911,11.4245,0.8871,2.0433,4.7543,1.6633,-5.0806,10.2727,1.96670,0.90
120,0,10.300,-5.5987,12.4512,0.9263,2.0433,4.7543,1.6633,-5.0849,10.2883,1.98787,0.90
120,0,10.400,-6.1067,13.4794,0.9656,2.0433,4.7543,1.6633,-5.0721,10.2699,1.97032,0.90
120,0,10.500,-6.6151,14.5092,1.0050,2.0433,4.7543,1.6633,-5.0759,10.2858,1.97228,0.90
120,0,10.600,-7.1239,15.5406,1.0446,2.0433,4.7543,1.6633,-5.0961,10.3358,1.97420,0.90
120,0,10.700,-7.6330,16.5736,1.0842,2.0433,4.7543,1.6633,-5.0994,10.3521,1.97604,0.90
120,0,10.800,-8.1424,17.6083,1.1239,2.0433,4.7543,1.6633,-5.0857,10.3347,1.97795,0.90
120,0,10.900,-8.6521,18.6446,1.1637,2.0433,4.7543,1.6633,-5.1053,10.3859,1.98007,0.90
120,0,11.000,-9.1621,19.6827,1.2036,2.0433,4.7543,1.6633,-5.1079,10.4031,1.98504,0.90
120,0,11.100,-9.6723,20.7224,1.2436,2.0433,4.7543,1.6633,-5.0933,10.3862,1.98652,0.90
120,0,11.200,-10.1828,21.7640,1.2837,2.0433,4.7543,1.6633,-5.1122,10.4385,1.98803,0.90
120,0,11.300,-10.6934,22.8073,1.3239,2.0433,4.7543,1.6633,-5.1141,10.4568,1.98796,0.90
120,0,11.400,-11.2042,23.8525,1.3642,2.0433,4.7543,1.6633,-5.0987,10.4407,1.99100,0.90
120,0,11.500,-11.7151,24.8995,1.4047,2.0433,4.7543,1.6633,-5.1001,10.4597,1.99246,0.90
120,0,11.600,-12.2262,25.9485,1.4452,2.0433,4.7543,1.6633,-5.1181,10.5138,1.99393,0.90
120,0,11.700,-12.7374,26.9995,1.4859,2.0433,4.7543,1.6633,-5.1185,10.5328,1.99539,0.90
120,0,11.800,-13.2486,28.0523,1.5267,2.0433,4.7543,1.6633,-5.1008,10.5154,1.99686,0.90
120,0,11.900,-13.7596,29.1067,1.5676,2.0433,4.7543,1.6633,-5.1143,10.5657,1.99835,0.90
120,0,12.000,-14.2700,30.1626,1.6087,2.0433,4.7543,1.6633,-5.1075,10.5775,1.99983,0.90
120,0,12.100,-14.7797,31.2194,1.6499,2.0433,4.7543,1.6633,-5.0806,10.5488,2.00129,0.90
120,0,12.200,-15.2881,32.2765,1.6914,2.0433,4.7543,1.6633,-5.0692,10.5525,2.00276,0.90
120,0,12.300,-15.7955,33.3340,1.7330,2.0433,4.7543,1.6633,-5.0744,10.5916,2.00422,0.90
120,0,12.400,-16.3017,34.3919,1.7747,2.0433,4.7543,1.6633,-5.0623,10.5952,2.00567,0.90
120,0,12.500,-16.8066,35.4502,1.8166,2.0433,4.7543,1.6633,-5.0335,10.5619,2.00712,0.90
120,0,12.600,-17.3103,36.5084,1.8586,2.0433,4.7543,1.6633,-5.0382,10.5959,2.00858,0.90
120,0,12.700,-17.8129,37.5665,1.9006,2.0433,4.7543,1.6633,-5.0260,10.5920,2.01004,0.90
120,0,12.800,-18.3142,38.6240,1.9425,2.0433,4.7543,1.6633,-4.9969,10.5503,2.01149,0.90
120,0,12.900,-18.8142,39.6807,1.9843,2.0433,4.7543,1.6633,-5.0003,10.5750,2.01295,0.90
120,0,13.000,-19.3129,40.7362,2.0260,2.0433,4.7543,1.6633,-4.9866,10.5610,2.01440,0.90
120,0,13.100,-19.8102,41.7900,2.0676,2.0433,4.7543,1.6633,-4.9561,10.5080,2.01585,0.90
120,0,13.200,-20.3061,42.8419,2.1091,2.0433,4.7543,1.6633,-4.9579,10.5198,2.01729,0.90
120,0,13.300,-20.8004,43.8912,2.1504,2.0433,4.7543,1.6633,-4.9420,10.4915,2.01873,0.90
120,0,13.400,-21.2931,44.9373,2.1915,2.0433,4.7543,1.6633,-4.9082,10.4239,2.02016,0.90
120,0,13.500,-21.7840,45.9800,2.2324,2.0433,4.7543,1.6633,-4.8891,10.3874,2.02157,0.90
120,0,13.600,-22.2729,47.0189,2.2730,2.0433,4.7543,1.6633,-4.8841,10.3806,2.02300,0.90
120,0,13.700,-22.7595,48.0534,2.3132,2.0433,4.7543,1.6633,-4.8611,10.3344,2.02446,0.90
120,0,13.800,-23.2438,49.0830,2.3529,2.0433,4.7543,1.6633,-4.8215,10.2504,2.02592,0.90
120,0,13.900,-23.7257,50.1075,2.3920,2.0433,4.7543,1.6633,-4.8136,10.2308,2.02737,0.90
120,0,14.000,-24.2052,51.1264,2.4306,2.0433,4.7543,1.6633,-4.7896,10.1741,2.02882,0.90
120,0,14.100,-24.6824,52.1395,2.4684,2.0433,4.7543,1.6633,-4.7493,10.0817,2.02883,0.90
120,0,14.200,-25.1570,53.1467,2.5057,2.0433,4.7543,1.6633,-4.7245,10.0218,2.02882,0.90
120,0,14.300,-25.6291,54.1479,2.5422,2.0433,4.7543,1.6633,-4.7152,9.9942,2.02882,0.90
120,0,14.400,-26.0987,55.1429,2.5780,2.0433,4.7543,1.6633,-4.6898,9.9329,2.02882,0.90
120,0,14.500,-26.5658,56.1317,2.6132,2.0433,4.7543,1.6633,-4.6482,9.8394,2.02882,0.90
120,0,14.600,-27.0302,57.1146,2.6478,2.0433,4.7543,1.6633,-4.6367,9.8117,2.02882,0.90
120,0,14.700,-27.4919,58.0915,2.6818,2.0433,4.7543,1.6633,-4.6090,9.7521,2.02882,0.90
120,0,14.800,-27.9508,59.0624,2.7154,2.0433,4.7543,1.6633,-4.5657,9.6611,2.02882,0.90
120,0,14.900,-28.4068,60.0275,2.7485,2.0433,4.7543,1.6633,-4.5530,9.6356,2.02882,0.90
120,0,15.000,-28.8601,60.9869,2.7812,2.0433,4.7543,1.6633,-4.5262,9.5806,2.02882,0.90
120,0,15.100,-29.3108,61.9410,2.8137,2.0433,4.7543,1.6633,-4.4861,9.4982,2.02882,0.90
120,0,15.200,-29.7591,62.8903,2.8459,2.0433,4.7543,1.6633,-4.4634,9.4530,2.02881,0.90
120,0,15.300,-30.2053,63.8353,2.8780,2.0433,4.7543,1.6633,-4.4591,9.4463,2.02881,0.90
120,0,15.400,-30.6497,64.7770,2.9099,2.0433,4.7543,1.6633,-4.4442,9.4171,2.02881,0.90
120,0,15.500,-31.0929,65.7162,2.9417,2.0433,4.7543,1.6633,-4.4199,9.3673,2.02881,0.90
120,0,15.600,-31.5355,66.6541,2.9734,2.0433,4.7543,1.6633,-4.4166,9.3608,2.02881,0.90
121,0,0.000,-38.1878,39.2946,2.4617,1.7400,4.0300,1.4100,0.0017,-0.0396,-1.17579,0.90
121,0,0.100,-38.1876,39.2906,2.4617,1.7400,4.0300,1.4100,0.0018,-0.0397,-1.17581,0.90
121,0,0.200,-38.1874,39.2867,2.4616,1.7400,4.0300,1.4100,0.0023,-0.0395,-1.17581,0.90
121,0,0.300,-38.1872,39.2827,2.4616,1.7400,4.0300,1.4100,0.0029,-0.0390,-1.17580,0.90
121,0,0.400,-38.1868,39.2789,2.4616,1.7400,4.0300,1.4100,0.0035,-0.0384,-1.17584,0.90
121,0,0.500,-38.1865,39.2751,2.4616,1.7400,4.0300,1.4100,0.0038,-0.0373,-1.17578,0.90
121,0,0.600,-38.1861,39.2714,2.4616,1.7400,4.0300,1.4100,0.0037,-0.0355,-1.17579,0.90
121,0,0.700,-38.1857,39.2679,2.4615,1.7400,4.0300,1.4100,0.0034,-0.0333,-1.17577,0.90
121,0,0.800,-38.1854,39.2647,2.4615,1.7400,4.0300,1.4100,0.0030,-0.0310,-1.17580,0.90
121,0,0.900,-38.1851,39.2618,2.4614,1.7400,4.0300,1.4100,0.0026,-0.0284,-1.17580,0.90
121,0,1.000,-38.1849,39.2591,2.4613,1.7400,4.0300,1.4100,0.0022,-0.0255,-1.17584,0.90
121,0,1.100,-38.1847,39.2566,2.4613,1.7400,4.0300,1.4100,0.0020,-0.0225,-1.17588,0.90
121,0,1.200,-38.1845,39.2546,2.4612,1.7400,4.0300,1.4100,0.0019,-0.0194,-1.17588,0.90
121,0,1.300,-38.1843,39.2528,2.4612,1.7400,4.0300,1.4100,0.0015,-0.0162,-1.17590,0.90
121,0,1.400,-38.1842,39.2513,2.4611,1.7400,4.0300,1.4100,0.0010,-0.0131,-1.17590,0.90
121,0,1.500,-38.1841,39.2502,2.4611,1.7400,4.0300,1.4100,0.0003,-0.0100,-1.17597,0.90
121,0,1.600,-38.1841,39.2493,2.4610,1.7400,4.0300,1.4100,-0.0006,-0.0073,-1.17600,0.90
121,0,1.700,-38.1842,39.2487,2.4610,1.7400,4.0300,1.4100,-0.0015,-0.0052,-1.17600,0.90
121,0,1.800,-38.1844,39.2483,2.4609,1.7400,4.0300,1.4100,-0.0026,-0.0037,-1.17604,0.90
121,0,1.900,-38.1847,39.2480,2.4609,1.7400,4.0300,1.4100,-0.0039,-0.0029,-1.17599,0.90
121,0,2.000,-38.1852,39.2477,2.4608,1.7400,4.0300,1.4100,-0.0052,-0.0027,-1.17588,0.90
121,0,2.100,-38.1858,39.2474,2.4608,1.7400,4.0300,1.4100,-0.0067,-0.0030,-1.17577,0.90
121,0,2.200,-38.1865,39.2471,2.4607,1.7400,4.0300,1.4100,-0.0082,-0.0036,-1.17569,0.90
121,0,2.300,-38.1874,39.2467,2.4607,1.7400,4.0300,1.4100,-0.0097,-0.0043,-1.17552,0.90
121,0,2.400,-38.1885,39.2462,2.4606,1.7400,4.0300,1.4100,-0.0112,-0.0053,-1.17544,0.90
121,0,2.500,-38.1896,39.2456,2.4605,1.7400,4.0300,1.4100,-0.0124,-0.0068,-1.17541,0.90
121,0,2.600,-38.1909,39.2449,2.4605,1.7400,4.0300,1.4100,-0.0133,-0.0082,-1.17534,0.90
121,0,2.700,-38.1923,39.2440,2.4604,1.7400,4.0300,1.4100,-0.0142,-0.0090,-1.17535,0.90
121,0,2.800,-38.1938,39.2431,2.4603,1.7400,4.0300,1.4100,-0.0152,-0.0091,-1.17537,0.90
121,0,2.900,-38.1953,39.2422,2.4603,1.7400,4.0300,1.4100,-0.0161,-0.0081,-1.17540,0.90
121,0,3.000,-38.1970,39.2414,2.4603,1.7400,4.0300,1.4100,-0.0171,-0.0060,-1.17541,0.90
121,0,3.100,-38.1988,39.2410,2.4603,1.7400,4.0300,1.4100,-0.0183,-0.0027,-1.17544,0.90
121,0,3.200,-38.2006,39.2409,2.4603,1.7400,4.0300,1.4100,-0.0196,0.0019,-1.17542,0.90
121,0,3.300,-38.2027,39.2414,2.4603,1.7400,4.0300,1.4100,-0.0212,0.0079,-1.17537,0.90
121,0,3.400,-38.2049,39.2425,2.4604,1.7400,4.0300,1.4100,-0.0232,0.0149,-1.17540,0.90
121,0,3.500,-38.2073,39.2444,2.4605,1.7400,4.0300,1.4100,-0.0255,0.0230,-1.17539,0.90
121,0,3.600,-38.2100,39.2471,2.4607,1.7400,4.0300,1.4100,-0.0278,0.0316,-1.17536,0.90
121,0,3.700,-38.2129,39.2507,2.4609,1.7400,4.0300,1.4100,-0.0300,0.0407,-1.17530,0.90
121,0,3.800,-38.2160,39.2552,2.4611,1.7400,4.0300,1.4100,-0.0322,0.0499,-1.17525,0.90
121,0,3.900,-38.2193,39.2607,2.4614,1.7400,4.0300,1.4100,-0.0339,0.0587,-1.17523,0.90
121,0,4.000,-38.2228,39.2669,2.4617,1.7400,4.0300,1.4100,-0.0349,0.0667,-1.17520,0.90
121,0,4.100,-38.2263,39.2740,2.4621,1.7400,4.0300,1.4100,-0.0357,0.0741,-1.17520,0.90
121,0,4.200,-38.2299,39.2817,2.4625,1.7400,4.0300,1.4100,-0.0356,0.0800,-1.17525,0.90
121,0,4.300,-38.2334,39.2900,2.4630,1.7400,4.0300,1.4100,-0.0347,0.0841,-1.17528,0.90
121,0,4.400,-38.2368,39.2986,2.4635,1.7400,4.0300,1.4100,-0.0333,0.0870,-1.17530,0.90
121,0,4.500,-38.2401,39.3074,2.4640,1.7400,4.0300,1.4100,-0.0308,0.0876,-1.17533,0.90
121,0,4.600,-38.2430,39.3161,2.4645,1.7400,4.0300,1.4100,-0.0274,0.0857,-1.17533,0.90
121,0,4.700,-38.2456,39.3245,2.4649,1.7400,4.0300,1.4100,-0.0233,0.0819,-1.17533,0.90
121,0,4.800,-38.2477,39.3325,2.4654,1.7400,4.0300,1.4100,-0.0185,0.0761,-1.17533,0.90
121,0,4.900,-38.2492,39.3397,2.4658,1.7400,4.0300,1.4100,-0.0130,0.0682,-1.17533,0.90
121,0,5.000,-38.2503,39.3461,2.4662,1.7400,4.0300,1.4100,-0.0071,0.0588,-1.17533,0.90
121,0,5.100,-38.2507,39.3515,2.4665,1.7400,4.0300,1.4100,-0.0011,0.0490,-1.17533,0.90
121,0,5.200,-38.2505,39.3559,2.4668,1.7400,4.0300,1.4100,0.0048,0.0387,-1.17532,0.90
121,0,5.300,-38.2497,39.3593,2.4670,1.7400,4.0300,1.4100,0.0105,0.0283,-1.17531,0.90
121,0,5.400,-38.2484,39.3616,2.4672,1.7400,4.0300,1.4100,0.0157,0.0181,-1.17526,0.90
121,0,5.503,-38.2465,39.3629,2.4673,1.7400,4.0300,1.4100,0.0211,0.0092,-1.17523,0.90
121,0,5.600,-38.2442,39.3634,2.4674,1.7400,4.0300,1.4100,0.0261,0.0010,-1.17519,0.90
121,0,5.700,-38.2414,39.3632,2.4674,1.7400,4.0300,1.4100,0.0297,-0.0058,-1.17517,0.90
121,0,5.800,-38.2382,39.3623,2.4675,1.7400,4.0300,1.4100,0.0330,-0.0104,-1.17518,0.90
121,0,5.900,-38.2348,39.3611,2.4675,1.7400,4.0300,1.4100,0.0349,-0.0118,-1.17517,0.90
121,0,6.000,-38.2312,39.3599,2.4675,1.7400,4.0300,1.4100,0.0352,-0.0095,-1.17517,0.90
121,0,6.100,-38.2277,39.3592,2.4675,1.7400,4.0300,1.4100,0.0340,-0.0027,-1.17523,0.90
121,0,6.200,-38.2244,39.3594,2.4677,1.7400,4.0300,1.4100,0.0309,0.0093,-1.17525,0.90
121,0,6.300,-38.2215,39.3610,2.4679,1.7400,4.0300,1.4100,0.0265,0.0241,-1.17529,0.90
121,0,6.400,-38.2191,39.3642,2.4682,1.7400,4.0300,1.4100,0.0221,0.0367,-1.17533,0.90
121,0,6.500,-38.2171,39.3684,2.4685,1.7400,4.0300,1.4100,0.0181,0.0452,-1.17538,0.90
121,0,6.603,-38.2155,39.3734,2.4689,1.7400,4.0300,1.4100,0.0145,0.0538,-1.17540,0.90
121,0,6.700,-38.2142,39.3791,2.4693,1.7400,4.0300,1.4100,0.0101,0.0617,-1.17544,0.90
121,0,6.800,-38.2135,39.3855,2.4698,1.7400,4.0300,1.4100,0.0044,0.0680,-1.17545,0.90
121,0,6.900,-38.2133,39.3927,2.4703,1.7400,4.0300,1.4100,-0.0024,0.0763,-1.17545,0.90
121,0,7.000,-38.2140,39.4008,2.4708,1.7400,4.0300,1.4100,-0.0105,0.0851,-1.17548,0.90
121,0,7.100,-38.2155,39.4098,2.4715,1.7400,4.0300,1.4100,-0.0194,0.0945,-1.17548,0.90
121,0,7.200,-38.2179,39.4197,2.4722,1.7400,4.0300,1.4100,-0.0290,0.1041,-1.17557,0.90
121,0,7.300,-38.2212,39.4306,2.4730,1.7400,4.0300,1.4100,-0.0391,0.1134,-1.17556,0.90
121,0,7.400,-38.2257,39.4423,2.4739,1.7400,4.0300,1.4100,-0.0493,0.1222,-1.17558,0.90
121,0,7.500,-38.2311,39.4550,2.4748,1.7400,4.0300,1.4100,-0.0597,0.1312,-1.17559,0.90
121,0,7.600,-38.2376,39.4686,2.4758,1.7400,4.0300,1.4100,-0.0701,0.1400,-1.17555,0.90
121,0,7.700,-38.2451,39.4830,2.4769,1.7400,4.0300,1.4100,-0.0798,0.1475,-1.17562,0.90
121,0,7.800,-38.2536,39.4981,2.4781,1.7400,4.0300,1.4100,-0.0883,0.1531,-1.17566,0.90
121,0,7.900,-38.2628,39.5137,2.4793,1.7400,4.0300,1.4100,-0.0965,0.1588,-1.17562,0.90
121,0,8.000,-38.2729,39.5298,2.4805,1.7400,4.0300,1.4100,-0.1036,0.1637,-1.17568,0.90
121,0,8.100,-38.2835,39.5464,2.4818,1.7400,4.0300,1.4100,-0.1088,0.1667,-1.17501,0.90
121,0,8.200,-38.2946,39.5632,2.4831,1.7400,4.0300,1.4100,-0.1123,0.1685,-1.17538,0.90
121,0,8.300,-38.3060,39.5801,2.4844,1.7400,4.0300,1.4100,-0.1141,0.1687,-1.17525,0.90
121,0,8.400,-38.3174,39.5969,2.4857,1.7400,4.0300,1.4100,-0.1132,0.1660,-1.17518,0.90
121,0,8.500,-38.3286,39.6133,2.4870,1.7400,4.0300,1.4100,-0.1092,0.1598,-1.17524,0.90
121,0,8.600,-38.3393,39.6289,2.4882,1.7400,4.0300,1.4100,-0.1028,0.1522,-1.17512,0.90
121,0,8.700,-38.3492,39.6437,2.4894,1.7400,4.0300,1.4100,-0.0932,0.1428,-1.17508,0.90
121,0,8.800,-38.3579,39.6575,2.4905,1.7400,4.0300,1.4100,-0.0802,0.1313,-1.17503,0.90
121,0,8.900,-38.3652,39.6700,2.4916,1.7400,4.0300,1.4100,-0.0656,0.1195,-1.17495,0.90
121,0,9.000,-38.3710,39.6813,2.4925,1.7400,4.0300,1.4100,-0.0499,0.1071,-1.17511,0.90
121,0,9.100,-38.3752,39.6914,2.4934,1.7400,4.0300,1.4100,-0.0341,0.0948,-1.17545,0.90
121,0,9.200,-38.3778,39.7003,2.4943,1.7400,4.0300,1.4100,-0.0195,0.0838,-1.17518,0.90
121,0,9.300,-38.3791,39.7081,2.4950,1.7400,4.0300,1.4100,-0.0059,0.0730,-1.17522,0.90
121,0,9.400,-38.3790,39.7149,2.4957,1.7400,4.0300,1.4100,0.0057,0.0640,-1.17526,0.90
121,0,9.500,-38.3780,39.7209,2.4963,1.7400,4.0300,1.4100,0.0139,0.0583,-1.17531,0.90
121,0,9.600,-38.3762,39.7266,2.4969,1.7400,4.0300,1.4100,0.0196,0.0551,-1.17533,0.90
121,0,9.700,-38.3740,39.7320,2.4974,1.7400,4.0300,1.4100,0.0233,0.0533,-1.17535,0.90
121,0,9.800,-38.3716,39.7372,2.4979,1.7400,4.0300,1.4100,0.0254,0.0528,-1.17533,0.90
121,0,9.900,-38.3689,39.7425,2.4984,1.7400,4.0300,1.4100,0.0266,0.0538,-1.17532,0.90
121,0,10.000,-38.3663,39.7480,2.4989,1.7400,4.0300,1.4100,0.0272,0.0555,-1.17535,0.90
121,0,10.100,-38.3635,39.7536,2.4993,1.7400,4.0300,1.4100,0.0277,0.0571,-1.17537,0.90
121,0,10.200,-38.3607,39.7594,2.4998,1.7400,4.0300,1.4100,0.0284,0.0590,-1.17547,0.90
121,0,10.300,-38.3578,39.7654,2.5003,1.7400,4.0300,1.4100,0.0290,0.0608,-1.17543,0.90
121,0,10.400,-38.3549,39.7716,2.5008,1.7400,4.0300,1.4100,0.0295,0.0624,-1.17537,0.90
121,0,10.500,-38.3519,39.7779,2.5013,1.7400,4.0300,1.4100,0.0301,0.0640,-1.17532,0.90
121,0,10.600,-38.3489,39.7844,2.5018,1.7400,4.0300,1.4100,0.0306,0.0654,-1.17530,0.90
121,0,10.700,-38.3458,39.7910,2.5023,1.7400,4.0300,1.4100,0.0308,0.0661,-1.17538,0.90
121,0,10.800,-38.3427,39.7976,2.5028,1.7400,4.0300,1.4100,0.0308,0.0661,-1.17538,0.90
122,0,0.000,-46.7436,101.8863,3.8324,2.1090,4.0300,1.6029,-1.3034,2.8020,2.01549,0.90
122,0,0.100,-46.8742,102.1671,3.8294,2.1090,4.0300,1.6029,-1.3075,2.8123,2.01548,0.90
122,0,0.200,-47.0047,102.4480,3.8263,2.1090,4.0300,1.6029,-1.3055,2.8147,2.01548,0.90
122,0,0.300,-47.1350,102.7293,3.8233,2.1090,4.0300,1.6029,-1.2977,2.8063,2.01549,0.90
122,0,0.400,-47.2648,103.0104,3.8201,2.1090,4.0300,1.6029,-1.2975,2.8121,2.01544,0.90
122,0,0.500,-47.3941,103.2909,3.8169,2.1090,4.0300,1.6029,-1.2909,2.8033,2.01551,0.90
122,0,0.600,-47.5226,103.5703,3.8136,2.1090,4.0300,1.6029,-1.2776,2.7794,2.01550,0.90
122,0,0.700,-47.6501,103.8479,3.8103,2.1090,4.0300,1.6029,-1.2666,2.7588,2.01552,0.90
122,0,0.800,-47.7764,104.1231,3.8068,2.1090,4.0300,1.6029,-1.2589,2.7410,2.01548,0.90
122,0,0.900,-47.9016,104.3954,3.8031,2.1090,4.0300,1.6029,-1.2459,2.7080,2.01549,0.90
122,0,1.000,-48.0253,104.6640,3.7994,2.1090,4.0300,1.6029,-1.2259,2.6614,2.01544,0.90
122,0,1.100,-48.1472,104.9287,3.7955,2.1090,4.0300,1.6029,-1.2120,2.6276,2.01541,0.90
122,0,1.200,-48.2674,105.1888,3.7915,2.1090,4.0300,1.6029,-1.1927,2.5793,2.01540,0.90
122,0,1.300,-48.3854,105.4438,3.7874,2.1090,4.0300,1.6029,-1.1690,2.5165,2.01538,0.90
122,0,1.400,-48.5016,105.6931,3.7831,2.1090,4.0300,1.6029,-1.1536,2.4637,2.01539,0.90
122,0,1.500,-48.6159,105.9359,3.7786,2.1090,4.0300,1.6029,-1.1339,2.3971,2.01531,0.90
122,0,1.600,-48.7281,106.1719,3.7740,2.1090,4.0300,1.6029,-1.1087,2.3184,2.01528,0.90
122,0,1.700,-48.8380,106.4005,3.7692,2.1090,4.0300,1.6029,-1.0846,2.2440,2.01528,0.90
122,0,1.800,-48.9454,106.6216,3.7643,2.1090,4.0300,1.6029,-1.0617,2.1737,2.01524,0.90
122,0,1.900,-49.0501,106.8347,3.7592,2.1090,4.0300,1.6029,-1.0319,2.0938,2.01530,0.90
122,0,2.000,-49.1516,107.0398,3.7539,2.1090,4.0300,1.6029,-0.9956,2.0061,2.01541,0.90
122,0,2.100,-49.2496,107.2367,3.7485,2.1090,4.0300,1.6029,-0.9641,1.9308,2.01551,0.90
122,0,2.200,-49.3441,107.4254,3.7429,2.1090,4.0300,1.6029,-0.9288,1.8479,2.01559,0.90
122,0,2.300,-49.4351,107.6058,3.7372,2.1090,4.0300,1.6029,-0.8898,1.7592,2.01577,0.90
122,0,2.400,-49.5224,107.7779,3.7315,2.1090,4.0300,1.6029,-0.8514,1.6789,2.01585,0.90
122,0,2.500,-49.6057,107.9422,3.7257,2.1090,4.0300,1.6029,-0.8128,1.6070,2.01588,0.90
122,0,2.600,-49.6848,108.0989,3.7199,2.1090,4.0300,1.6029,-0.7704,1.5324,2.01595,0.90
122,0,2.700,-49.7596,108.2483,3.7141,2.1090,4.0300,1.6029,-0.7260,1.4554,2.01593,0.90
122,0,2.800,-49.8302,108.3905,3.7084,2.1090,4.0300,1.6029,-0.6868,1.3908,2.01592,0.90
122,0,2.900,-49.8968,108.5260,3.7027,2.1090,4.0300,1.6029,-0.6462,1.3240,2.01588,0.90
122,0,3.000,-49.9593,108.6550,3.6971,2.1090,4.0300,1.6029,-0.6058,1.2553,2.01588,0.90
122,0,3.100,-50.0182,108.7776,3.6915,2.1090,4.0300,1.6029,-0.5718,1.1966,2.01585,0.90
122,0,3.200,-50.0735,108.8940,3.6861,2.1090,4.0300,1.6029,-0.5378,1.1354,2.01586,0.90
122,0,3.300,-50.1256,109.0044,3.6808,2.1090,4.0300,1.6029,-0.5045,1.0725,2.01591,0.90
122,0,3.400,-50.1746,109.1089,3.6756,2.1090,4.0300,1.6029,-0.4781,1.0180,2.01588,0.90
122,0,3.500,-50.2211,109.2077,3.6706,2.1090,4.0300,1.6029,-0.4540,0.9608,2.01590,0.90
122,0,3.600,-50.2653,109.3008,3.6657,2.1090,4.0300,1.6029,-0.4316,0.9018,2.01593,0.90
122,0,3.700,-50.3076,109.3884,3.6610,2.1090,4.0300,1.6029,-0.4135,0.8467,2.01599,0.90
122,0,3.800,-50.3482,109.4705,3.6565,2.1090,4.0300,1.6029,-0.3990,0.7948,2.01604,0.90
122,0,3.900,-50.3873,109.5471,3.6522,2.1090,4.0300,1.6029,-0.3838,0.7414,2.01606,0.90
122,0,4.000,-50.4248,109.6186,3.6481,2.1090,4.0300,1.6029,-0.3668,0.6876,2.01609,0.90
122,0,4.100,-50.4608,109.6849,3.6442,2.1090,4.0300,1.6029,-0.3507,0.6407,2.01608,0.90
122,0,4.200,-50.4949,109.7465,3.6406,2.1090,4.0300,1.6029,-0.3323,0.5938,2.01603,0.90
122,0,4.300,-50.5271,109.8035,3.6371,2.1090,4.0300,1.6029,-0.3120,0.5468,2.01601,0.90
122,0,4.400,-50.5574,109.8561,3.6339,2.1090,4.0300,1.6029,-0.2914,0.5059,2.01598,0.90
122,0,4.500,-50.5853,109.9046,3.6309,2.1090,4.0300,1.6029,-0.2671,0.4656,2.01596,0.90
122,0,4.600,-50.6108,109.9491,3.6281,2.1090,4.0300,1.6029,-0.2413,0.4256,2.01595,0.90
122,0,4.700,-50.6337,109.9899,3.6256,2.1090,4.0300,1.6029,-0.2178,0.3878,2.01596,0.90
122,0,4.800,-50.6544,110.0268,3.6232,2.1090,4.0300,1.6029,-0.1973,0.3512,2.01595,0.90
122,0,4.900,-50.6731,110.0600,3.6211,2.1090,4.0300,1.6029,-0.1780,0.3141,2.01596,0.90
122,0,5.000,-50.6900,110.0896,3.6192,2.1090,4.0300,1.6029,-0.1596,0.2777,2.01595,0.90
122,0,5.100,-50.7051,110.1156,3.6175,2.1090,4.0300,1.6029,-0.1432,0.2454,2.01596,0.90
122,0,5.200,-50.7186,110.1386,3.6161,2.1090,4.0300,1.6029,-0.1278,0.2150,2.01596,0.90
122,0,5.300,-50.7306,110.1586,3.6148,2.1090,4.0300,1.6029,-0.1142,0.1871,2.01598,0.90
122,0,5.400,-50.7415,110.1761,3.6137,2.1090,4.0300,1.6029,-0.1024,0.1612,2.01602,0.90
122,0,5.503,-50.7514,110.1914,3.6128,2.1090,4.0300,1.6029,-0.0976,0.1443,2.01605,0.90
122,0,5.600,-50.7609,110.2049,3.6119,2.1090,4.0300,1.6029,-0.0947,0.1287,2.01610,0.90
122,0,5.700,-50.7701,110.2167,3.6112,2.1090,4.0300,1.6029,-0.0885,0.1099,2.01612,0.90
122,0,5.800,-50.7787,110.2269,3.6106,2.1090,4.0300,1.6029,-0.0825,0.0951,2.01611,0.90
122,0,5.900,-50.7865,110.2357,3.6101,2.1090,4.0300,1.6029,-0.0740,0.0811,2.01611,0.90
122,0,6.000,-50.7935,110.2431,3.6097,2.1090,4.0300,1.6029,-0.0643,0.0677,2.01611,0.90
122,0,6.100,-50.7994,110.2492,3.6094,2.1090,4.0300,1.6029,-0.0544,0.0554,2.01606,0.90
122,0,6.200,-50.8044,110.2542,3.6092,2.1090,4.0300,1.6029,-0.0448,0.0442,2.01604,0.90
122,0,6.300,-50.8084,110.2581,3.6091,2.1090,4.0300,1.6029,-0.0360,0.0339,2.01600,0.90
122,0,6.400,-50.8116,110.2610,3.6091,2.1090,4.0300,1.6029,-0.0286,0.0249,2.01595,0.90
122,0,6.500,-50.8141,110.2630,3.6091,2.1090,4.0300,1.6029,-0.0224,0.0173,2.01591,0.90
122,0,6.603,-50.8161,110.2645,3.6092,2.1090,4.0300,1.6029,-0.0181,0.0123,2.01589,0.90
122,0,6.700,-50.8177,110.2655,3.6093,2.1090,4.0300,1.6029,-0.0150,0.0086,2.01585,0.90
122,0,6.800,-50.8191,110.2662,3.6095,2.1090,4.0300,1.6029,-0.0126,0.0053,2.01583,0.90
122,0,6.900,-50.8202,110.2666,3.6096,2.1090,4.0300,1.6029,-0.0113,0.0021,2.01584,0.90
122,0,7.000,-50.8213,110.2666,3.6097,2.1090,4.0300,1.6029,-0.0108,-0.0016,2.01581,0.90
122,0,7.100,-50.8224,110.2662,3.6099,2.1090,4.0300,1.6029,-0.0101,-0.0051,2.01580,0.90
122,0,7.200,-50.8233,110.2656,3.6100,2.1090,4.0300,1.6029,-0.0089,-0.0078,2.01571,0.90
122,0,7.300,-50.8242,110.2647,3.6100,2.1090,4.0300,1.6029,-0.0068,-0.0095,2.01573,0.90
122,0,7.400,-50.8247,110.2637,3.6100,2.1090,4.0300,1.6029,-0.0037,-0.0094,2.01571,0.90
122,0,7.500,-50.8249,110.2628,3.6099,2.1090,4.0300,1.6029,-0.0002,-0.0076,2.01569,0.90
122,0,7.600,-50.8247,110.2622,3.6097,2.1090,4.0300,1.6029,0.0047,-0.0040,2.01573,0.90
122,0,7.700,-50.8240,110.2620,3.6094,2.1090,4.0300,1.6029,0.0121,0.0008,2.01567,0.90
122,0,7.800,-50.8223,110.2623,3.6091,2.1090,4.0300,1.6029,0.0216,0.0062,2.01563,0.90
122,0,7.900,-50.8196,110.2633,3.6087,2.1090,4.0300,1.6029,0.0330,0.0120,2.01567,0.90
122,0,8.000,-50.8157,110.2647,3.6082,2.1090,4.0300,1.6029,0.0457,0.0175,2.01560,0.90
122,0,8.100,-50.8105,110.2667,3.6077,2.1090,4.0300,1.6029,0.0587,0.0226,2.01569,0.90
122,0,8.200,-50.8040,110.2693,3.6072,2.1090,4.0300,1.6029,0.0714,0.0276,2.01591,0.90
122,0,8.300,-50.7962,110.2723,3.6066,2.1090,4.0300,1.6029,0.0829,0.0325,2.01604,0.90
122,0,8.400,-50.7874,110.2758,3.6061,2.1090,4.0300,1.6029,0.0916,0.0368,2.01611,0.90
122,0,8.500,-50.7779,110.2796,3.6056,2.1090,4.0300,1.6029,0.0981,0.0401,2.01605,0.90
122,0,8.600,-50.7677,110.2838,3.6051,2.1090,4.0300,1.6029,0.1045,0.0430,2.01609,0.90
122,0,8.700,-50.7570,110.2882,3.6046,2.1090,4.0300,1.6029,0.1099,0.0452,2.01621,0.90
122,0,8.800,-50.7458,110.2928,3.6041,2.1090,4.0300,1.6029,0.1131,0.0460,2.01626,0.90
122,0,8.900,-50.7343,110.2974,3.6037,2.1090,4.0300,1.6029,0.1143,0.0451,2.01622,0.90
122,0,9.000,-50.7230,110.3018,3.6034,2.1090,4.0300,1.6029,0.1122,0.0416,2.01617,0.90
122,0,9.100,-50.7119,110.3057,3.6030,2.1090,4.0300,1.6029,0.1072,0.0363,2.01614,0.90
122,0,9.200,-50.7015,110.3091,3.6028,2.1090,4.0300,1.6029,0.1008,0.0299,2.01610,0.90
122,0,9.300,-50.6918,110.3117,3.6025,2.1090,4.0300,1.6029,0.0930,0.0225,2.01606,0.90
122,0,9.400,-50.6829,110.3136,3.6024,2.1090,4.0300,1.6029,0.0840,0.0147,2.01602,0.90
122,0,9.500,-50.6750,110.3147,3.6023,2.1090,4.0300,1.6029,0.0750,0.0073,2.01598,0.90
122,0,9.600,-50.6679,110.3150,3.6022,2.1090,4.0300,1.6029,0.0659,0.0005,2.01595,0.90
122,0,9.700,-50.6618,110.3148,3.6022,2.1090,4.0300,1.6029,0.0569,-0.0057,2.01594,0.90
122,0,9.800,-50.6566,110.3139,3.6023,2.1090,4.0300,1.6029,0.0483,-0.0117,2.01595,0.90
122,0,9.900,-50.6521,110.3124,3.6024,2.1090,4.0300,1.6029,0.0408,-0.0174,2.01596,0.90
122,0,10.000,-50.6484,110.3104,3.6025,2.1090,4.0300,1.6029,0.0339,-0.0224,2.01594,0.90
122,0,10.100,-50.6454,110.3080,3.6026,2.1090,4.0300,1.6029,0.0275,-0.0265,2.01592,0.90
122,0,10.200,-50.6429,110.3051,3.6028,2.1090,4.0300,1.6029,0.0216,-0.0293,2.01589,0.90
122,0,10.300,-50.6410,110.3021,3.6029,2.1090,4.0300,1.6029,0.0160,-0.0308,2.01591,0.90
122,0,10.400,-50.6397,110.2990,3.6031,2.1090,4.0300,1.6029,0.0110,-0.0311,2.01592,0.90
122,0,10.500,-50.6388,110.2959,3.6033,2.1090,4.0300,1.6029,0.0066,-0.0305,2.01593,0.90
122,0,10.600,-50.6384,110.2929,3.6035,2.1090,4.0300,1.6029,0.0029,-0.0290,2.01593,0.90
122,0,10.700,-50.6383,110.2901,3.6036,2.1090,4.0300,1.6029,-0.0004,-0.0259,2.01592,0.90
122,0,10.800,-50.6385,110.2877,3.6038,2.1090,4.0300,1.6029,-0.0031,-0.0216,2.01591,0.90
122,0,10.900,-50.6389,110.2858,3.6039,2.1090,4.0300,1.6029,-0.0051,-0.0170,2.01592,0.90
122,0,11.000,-50.6395,110.2843,3.6041,2.1090,4.0300,1.6029,-0.0067,-0.0118,2.01595,0.90
122,0,11.100,-50.6402,110.2834,3.6042,2.1090,4.0300,1.6029,-0.0084,-0.0055,2.01598,0.90
122,0,11.200,-50.6412,110.2832,3.6042,2.1090,4.0300,1.6029,-0.0106,0.0019,2.01605,0.90
122,0,11.300,-50.6423,110.2838,3.6043,2.1090,4.0300,1.6029,-0.0132,0.0104,2.01610,0.90
122,0,11.400,-50.6438,110.2853,3.6043,2.1090,4.0300,1.6029,-0.0158,0.0191,2.01613,0.90
122,0,11.500,-50.6455,110.2876,3.6042,2.1090,4.0300,1.6029,-0.0183,0.0277,2.01614,0.90
122,0,11.600,-50.6475,110.2908,3.6041,2.1090,4.0300,1.6029,-0.0202,0.0354,2.01616,0.90
122,0,11.700,-50.6496,110.2947,3.6039,2.1090,4.0300,1.6029,-0.0216,0.0421,2.01617,0.90
122,0,11.800,-50.6518,110.2992,3.6038,2.1090,4.0300,1.6029,-0.0223,0.0480,2.01619,0.90
122,0,11.900,-50.6540,110.3043,3.6036,2.1090,4.0300,1.6029,-0.0230,0.0536,2.01623,0.90
122,0,12.000,-50.6564,110.3099,3.6033,2.1090,4.0300,1.6029,-0.0235,0.0586,2.01627,0.90
122,0,12.100,-50.6587,110.3160,3.6031,2.1090,4.0300,1.6029,-0.0238,0.0632,2.01628,0.90
122,0,12.200,-50.6611,110.3226,3.6028,2.1090,4.0300,1.6029,-0.0243,0.0678,2.01630,0.90
122,0,12.300,-50.6636,110.3296,3.6025,2.1090,4.0300,1.6029,-0.0248,0.0725,2.01631,0.90
122,0,12.400,-50.6661,110.3371,3.6022,2.1090,4.0300,1.6029,-0.0253,0.0767,2.01631,0.90
122,0,12.500,-50.6686,110.3449,3.6018,2.1090,4.0300,1.6029,-0.0256,0.0800,2.01632,0.90
122,0,12.600,-50.6712,110.3531,3.6014,2.1090,4.0300,1.6029,-0.0258,0.0827,2.01632,0.90
122,0,12.700,-50.6738,110.3615,3.6010,2.1090,4.0300,1.6029,-0.0256,0.0841,2.01634,0.90
122,0,12.800,-50.6763,110.3699,3.6006,2.1090,4.0300,1.6029,-0.0249,0.0838,2.01634,0.90
122,0,12.900,-50.6788,110.3783,3.6001,2.1090,4.0300,1.6029,-0.0238,0.0827,2.01635,0.90
122,0,13.000,-50.6811,110.3864,3.5996,2.1090,4.0300,1.6029,-0.0223,0.0800,2.01635,0.90
122,0,13.100,-50.6832,110.3942,3.5991,2.1090,4.0300,1.6029,-0.0202,0.0759,2.01635,0.90
122,0,13.200,-50.6851,110.4016,3.5986,2.1090,4.0300,1.6029,-0.0178,0.0711,2.01635,0.90
122,0,13.300,-50.6868,110.4084,3.5981,2.1090,4.0300,1.6029,-0.0148,0.0649,2.01634,0.90
122,0,13.400,-50.6881,110.4146,3.5976,2.1090,4.0300,1.6029,-0.0111,0.0575,2.01632,0.90
122,0,13.500,-50.6890,110.4200,3.5971,2.1090,4.0300,1.6029,-0.0070,0.0493,2.01628,0.90
122,0,13.600,-50.6895,110.4245,3.5966,2.1090,4.0300,1.6029,-0.0023,0.0403,2.01626,0.90
122,0,13.700,-50.6895,110.4280,3.5962,2.1090,4.0300,1.6029,0.0026,0.0303,2.01628,0.90
122,0,13.800,-50.6890,110.4305,3.5959,2.1090,4.0300,1.6029,0.0078,0.0192,2.01629,0.90
122,0,13.900,-50.6879,110.4319,3.5956,2.1090,4.0300,1.6029,0.0133,0.0075,2.01629,0.90
122,0,14.000,-50.6863,110.4320,3.5954,2.1090,4.0300,1.6029,0.0190,-0.0052,2.01630,0.90
122,0,14.100,-50.6841,110.4308,3.5953,2.1090,4.0300,1.6029,0.0249,-0.0188,2.01630,0.90
122,0,14.200,-50.6813,110.4282,3.5953,2.1090,4.0300,1.6029,0.0312,-0.0332,2.01629,0.90
122,0,14.300,-50.6779,110.4242,3.5954,2.1090,4.0300,1.6029,0.0380,-0.0488,2.01629,0.90
122,0,14.400,-50.6737,110.4185,3.5957,2.1090,4.0300,1.6029,0.0451,-0.0651,2.01630,0.90
122,0,14.500,-50.6689,110.4112,3.5960,2.1090,4.0300,1.6029,0.0522,-0.0819,2.01630,0.90
122,0,14.600,-50.6633,110.4021,3.5966,2.1090,4.0300,1.6029,0.0600,-0.0998,2.01630,0.90
122,0,14.700,-50.6569,110.3912,3.5972,2.1090,4.0300,1.6029,0.0680,-0.1180,2.01629,0.90
122,0,14.800,-50.6497,110.3785,3.5980,2.1090,4.0300,1.6029,0.0757,-0.1358,2.01629,0.90
122,0,14.900,-50.6417,110.3640,3.5989,2.1090,4.0300,1.6029,0.0839,-0.1544,2.01629,0.90
122,0,15.000,-50.6329,110.3477,3.6000,2.1090,4.0300,1.6029,0.0916,-0.1717,2.01629,0.90
122,0,15.100,-50.6234,110.3297,3.6012,2.1090,4.0300,1.6029,0.0984,-0.1870,2.01629,0.90
122,0,15.200,-50.6132,110.3102,3.6025,2.1090,4.0300,1.6029,0.1045,-0.2009,2.01629,0.90
122,0,15.300,-50.6025,110.2895,3.6038,2.1090,4.0300,1.6029,0.1097,-0.2124,2.01628,0.90
122,0,15.400,-50.5913,110.2678,3.6053,2.1090,4.0300,1.6029,0.1127,-0.2192,2.01628,0.90
122,0,15.500,-50.5799,110.2457,3.6067,2.1090,4.0300,1.6029,0.1137,-0.2214,2.01628,0.90
122,0,15.600,-50.5685,110.2234,3.6082,2.1090,4.0300,1.6029,0.1140,-0.2221,2.01628,0.90
123,0,0.000,46.5034,-113.7275,-1.2398,1.8056,4.0300,1.4100,0.1430,0.1546,-1.14210,0.90
123,0,0.100,46.5178,-113.7121,-1.2399,1.8056,4.0300,1.4100,0.1437,0.1551,-1.14212,0.90
123,0,0.200,46.5321,-113.6966,-1.2400,1.8056,4.0300,1.4100,0.1440,0.1548,-1.14212,0.90
123,0,0.300,46.5465,-113.6811,-1.2401,1.8056,4.0300,1.4100,0.1432,0.1534,-1.14211,0.90
123,0,0.400,46.5608,-113.6658,-1.2402,1.8056,4.0300,1.4100,0.1427,0.1523,-1.14215,0.90
123,0,0.500,46.5750,-113.6507,-1.2403,1.8056,4.0300,1.4100,0.1413,0.1500,-1.14209,0.90
123,0,0.600,46.5890,-113.6359,-1.2404,1.8056,4.0300,1.4100,0.1388,0.1465,-1.14210,0.90
123,0,0.700,46.6028,-113.6214,-1.2404,1.8056,4.0300,1.4100,0.1362,0.1428,-1.14208,0.90
123,0,0.800,46.6163,-113.6072,-1.2405,1.8056,4.0300,1.4100,0.1335,0.1390,-1.14212,0.90
123,0,0.900,46.6295,-113.5936,-1.2406,1.8056,4.0300,1.4100,0.1289,0.1335,-1.14211,0.90
123,0,1.000,46.6421,-113.5806,-1.2406,1.8056,4.0300,1.4100,0.1216,0.1258,-1.14215,0.90
123,0,1.100,46.6539,-113.5684,-1.2407,1.8056,4.0300,1.4100,0.1128,0.1173,-1.14219,0.90
123,0,1.200,46.6646,-113.5572,-1.2407,1.8056,4.0300,1.4100,0.1012,0.1066,-1.14220,0.90
123,0,1.300,46.6741,-113.5471,-1.2407,1.8056,4.0300,1.4100,0.0871,0.0939,-1.14222,0.90
123,0,1.400,46.6821,-113.5384,-1.2408,1.8056,4.0300,1.4100,0.0711,0.0801,-1.14221,0.90
123,0,1.500,46.6883,-113.5311,-1.2408,1.8056,4.0300,1.4100,0.0524,0.0641,-1.14228,0.90
123,0,1.600,46.6925,-113.5256,-1.2408,1.8056,4.0300,1.4100,0.0328,0.0466,-1.14231,0.90
123,0,1.700,46.6949,-113.5218,-1.2408,1.8056,4.0300,1.4100,0.0151,0.0289,-1.14232,0.90
123,0,1.800,46.6956,-113.5198,-1.2407,1.8056,4.0300,1.4100,-0.0000,0.0113,-1.14235,0.90
123,0,1.900,46.6949,-113.5195,-1.2407,1.8056,4.0300,1.4100,-0.0126,-0.0065,-1.14230,0.90
123,0,2.000,46.6930,-113.5211,-1.2407,1.8056,4.0300,1.4100,-0.0245,-0.0240,-1.14219,0.90
123,0,2.100,46.6899,-113.5243,-1.2406,1.8056,4.0300,1.4100,-0.0377,-0.0409,-1.14208,0.90
123,0,2.200,46.6855,-113.5292,-1.2405,1.8056,4.0300,1.4100,-0.0500,-0.0562,-1.14200,0.90
123,0,2.300,46.6800,-113.5356,-1.2405,1.8056,4.0300,1.4100,-0.0590,-0.0690,-1.14183,0.90
123,0,2.400,46.6737,-113.5431,-1.2404,1.8056,4.0300,1.4100,-0.0653,-0.0797,-1.14175,0.90
123,0,2.500,46.6669,-113.5515,-1.2403,1.8056,4.0300,1.4100,-0.0688,-0.0884,-1.14172,0.90
123,0,2.600,46.6599,-113.5607,-1.2402,1.8056,4.0300,1.4100,-0.0705,-0.0950,-1.14165,0.90
123,0,2.700,46.6528,-113.5705,-1.2401,1.8056,4.0300,1.4100,-0.0717,-0.0997,-1.14167,0.90
123,0,2.800,46.6455,-113.5807,-1.2401,1.8056,4.0300,1.4100,-0.0733,-0.1036,-1.14168,0.90
123,0,2.900,46.6382,-113.5912,-1.2400,1.8056,4.0300,1.4100,-0.0741,-0.1057,-1.14171,0.90
123,0,3.000,46.6307,-113.6018,-1.2399,1.8056,4.0300,1.4100,-0.0739,-0.1060,-1.14059,0.90
123,0,3.100,46.6233,-113.6124,-1.2398,1.8056,4.0300,1.4100,-0.0736,-0.1056,-1.14175,0.90
123,0,3.200,46.6161,-113.6229,-1.2398,1.8056,4.0300,1.4100,-0.0722,-0.1035,-1.14174,0.90
123,0,3.300,46.6089,-113.6331,-1.2397,1.8056,4.0300,1.4100,-0.0700,-0.0995,-1.14168,0.90
123,0,3.400,46.6020,-113.6428,-1.2396,1.8056,4.0300,1.4100,-0.0674,-0.0948,-1.14172,0.90
123,0,3.500,46.5955,-113.6520,-1.2396,1.8056,4.0300,1.4100,-0.0636,-0.0887,-1.14170,0.90
123,0,3.600,46.5893,-113.6606,-1.2396,1.8056,4.0300,1.4100,-0.0589,-0.0823,-1.14167,0.90
123,0,3.700,46.5837,-113.6685,-1.2395,1.8056,4.0300,1.4100,-0.0542,-0.0764,-1.14161,0.90
123,0,3.800,46.5785,-113.6759,-1.2395,1.8056,4.0300,1.4100,-0.0503,-0.0712,-1.14156,0.90
123,0,3.900,46.5736,-113.6827,-1.2395,1.8056,4.0300,1.4100,-0.0474,-0.0660,-1.14154,0.90
123,0,4.000,46.5690,-113.6891,-1.2395,1.8056,4.0300,1.4100,-0.0452,-0.0612,-1.14151,0.90
123,0,4.100,46.5645,-113.6950,-1.2395,1.8056,4.0300,1.4100,-0.0442,-0.0575,-1.14151,0.90
123,0,4.200,46.5602,-113.7005,-1.2395,1.8056,4.0300,1.4100,-0.0432,-0.0539,-1.14156,0.90
123,0,4.300,46.5559,-113.7058,-1.2396,1.8056,4.0300,1.4100,-0.0416,-0.0508,-1.14159,0.90
123,0,4.400,46.5518,-113.7107,-1.2396,1.8056,4.0300,1.4100,-0.0398,-0.0483,-1.14161,0.90
123,0,4.500,46.5480,-113.7154,-1.2397,1.8056,4.0300,1.4100,-0.0380,-0.0455,-1.14164,0.90
123,0,4.600,46.5442,-113.7198,-1.2397,1.8056,4.0300,1.4100,-0.0362,-0.0424,-1.14172,0.90
123,0,4.700,46.5407,-113.7239,-1.2398,1.8056,4.0300,1.4100,-0.0344,-0.0393,-1.14180,0.90
123,0,4.800,46.5373,-113.7277,-1.2399,1.8056,4.0300,1.4100,-0.0329,-0.0361,-1.14184,0.90
123,0,4.900,46.5341,-113.7311,-1.2399,1.8056,4.0300,1.4100,-0.0312,-0.0325,-1.14164,0.90
123,0,5.000,46.5311,-113.7342,-1.2400,1.8056,4.0300,1.4100,-0.0295,-0.0287,-1.14165,0.90
123,0,5.100,46.5282,-113.7369,-1.2401,1.8056,4.0300,1.4100,-0.0280,-0.0250,-1.14203,0.90
123,0,5.200,46.5255,-113.7392,-1.2402,1.8056,4.0300,1.4100,-0.0266,-0.0209,-1.14163,0.90
123,0,5.300,46.5229,-113.7410,-1.2404,1.8056,4.0300,1.4100,-0.0252,-0.0164,-1.14162,0.90
123,0,5.400,46.5205,-113.7425,-1.2405,1.8056,4.0300,1.4100,-0.0237,-0.0117,-1.14265,0.90
123,0,5.503,46.5181,-113.7434,-1.2406,1.8056,4.0300,1.4100,-0.0231,-0.0071,-1.14154,0.90
123,0,5.600,46.5158,-113.7439,-1.2408,1.8056,4.0300,1.4100,-0.0225,-0.0021,-1.14270,0.90
123,0,5.700,46.5137,-113.7438,-1.2409,1.8056,4.0300,1.4100,-0.0213,0.0032,-1.14267,0.90
123,0,5.800,46.5116,-113.7432,-1.2411,1.8056,4.0300,1.4100,-0.0207,0.0089,-1.14254,0.90
123,0,5.900,46.5095,-113.7421,-1.2412,1.8056,4.0300,1.4100,-0.0201,0.0147,-1.14246,0.90
123,0,6.000,46.5075,-113.7403,-1.2414,1.8056,4.0300,1.4100,-0.0196,0.0207,-1.14234,0.90
123,0,6.100,46.5056,-113.7379,-1.2415,1.8056,4.0300,1.4100,-0.0193,0.0271,-1.14209,0.90
123,0,6.200,46.5037,-113.7348,-1.2417,1.8056,4.0300,1.4100,-0.0191,0.0340,-1.14156,0.90
123,0,6.300,46.5018,-113.7311,-1.2419,1.8056,4.0300,1.4100,-0.0190,0.0410,-1.14160,0.90
123,0,6.400,46.4999,-113.7267,-1.2420,1.8056,4.0300,1.4100,-0.0187,0.0478,-1.14164,0.90
123,0,6.500,46.4980,-113.7215,-1.2422,1.8056,4.0300,1.4100,-0.0177,0.0534,-1.14199,0.90
123,0,6.603,46.4963,-113.7158,-1.2424,1.8056,4.0300,1.4100,-0.0168,0.0604,-1.14204,0.90
123,0,6.700,46.4947,-113.7095,-1.2425,1.8056,4.0300,1.4100,-0.0154,0.0670,-1.14210,0.90
123,0,6.800,46.4932,-113.7026,-1.2427,1.8056,4.0300,1.4100,-0.0131,0.0711,-1.14203,0.90
123,0,6.900,46.4920,-113.6953,-1.2428,1.8056,4.0300,1.4100,-0.0105,0.0758,-1.14176,0.90
123,0,7.000,46.4911,-113.6875,-1.2429,1.8056,4.0300,1.4100,-0.0075,0.0798,-1.14179,0.90
123,0,7.100,46.4905,-113.6793,-1.2430,1.8056,4.0300,1.4100,-0.0040,0.0836,-1.14179,0.90
123,0,7.200,46.4903,-113.6707,-1.2431,1.8056,4.0300,1.4100,-0.0001,0.0873,-1.14188,0.90
123,0,7.300,46.4905,-113.6618,-1.2431,1.8056,4.0300,1.4100,0.0044,0.0903,-1.14187,0.90
123,0,7.400,46.4912,-113.6527,-1.2431,1.8056,4.0300,1.4100,0.0093,0.0926,-1.14189,0.90
123,0,7.500,46.4924,-113.6433,-1.2430,1.8056,4.0300,1.4100,0.0147,0.0948,-1.14190,0.90
123,0,7.600,46.4942,-113.6337,-1.2429,1.8056,4.0300,1.4100,0.0202,0.0970,-1.14187,0.90
123,0,7.700,46.4964,-113.6239,-1.2428,1.8056,4.0300,1.4100,0.0249,0.0985,-1.14193,0.90
123,0,7.800,46.4991,-113.6140,-1.2426,1.8056,4.0300,1.4100,0.0290,0.0993,-1.14197,0.90
123,0,7.900,46.5022,-113.6040,-1.2424,1.8056,4.0300,1.4100,0.0326,0.1004,-1.14138,0.90
123,0,8.000,46.5057,-113.5939,-1.2422,1.8056,4.0300,1.4100,0.0356,0.1008,-1.14199,0.90
123,0,8.100,46.5094,-113.5839,-1.2420,1.8056,4.0300,1.4100,0.0379,0.1006,-1.14092,0.90
123,0,8.200,46.5133,-113.5738,-1.2417,1.8056,4.0300,1.4100,0.0397,0.1003,-1.14169,0.90
123,0,8.300,46.5173,-113.5638,-1.2415,1.8056,4.0300,1.4100,0.0404,0.1001,-1.14156,0.90
124,0,11.400,-90.8935,209.8492,1.3649,1.7400,4.0300,1.7051,-1.5390,-0.8761,-2.73293,0.90
124,0,11.500,-91.0477,209.7614,1.3673,1.7400,4.0300,1.7051,-1.5398,-0.8766,-2.72476,0.90
124,0,11.600,-91.2020,209.6736,1.3698,1.7400,4.0300,1.7051,-1.5467,-0.8809,-2.71658,0.90
124,0,11.700,-91.3566,209.5855,1.3722,1.7400,4.0300,1.7051,-1.5461,-0.8826,-2.70841,0.90
124,0,11.800,-91.5108,209.4973,1.3747,1.7400,4.0300,1.7051,-1.5323,-0.8792,-2.70023,0.90
124,0,11.900,-91.6637,209.4093,1.3771,1.7400,4.0300,1.7051,-1.5169,-0.8774,-2.69202,0.90
124,0,12.000,-91.8138,209.3220,1.3795,1.7400,4.0300,1.7051,-1.4847,-0.8683,-2.68382,0.90
124,0,12.100,-91.9602,209.2359,1.3818,1.7400,4.0300,1.7051,-1.4370,-0.8521,-2.67565,0.90
124,0,12.200,-92.1018,209.1513,1.3840,1.7400,4.0300,1.7051,-1.3846,-0.8352,-2.66748,0.90
124,0,12.300,-92.2377,209.0685,1.3861,1.7400,4.0300,1.7051,-1.3300,-0.8182,-2.65931,0.90
124,0,12.400,-92.3674,208.9879,1.3881,1.7400,4.0300,1.7051,-1.2685,-0.7974,-2.65115,0.90
124,0,12.500,-92.4910,208.9093,1.3900,1.7400,4.0300,1.7051,-1.2056,-0.7750,-2.64299,0.90
124,0,12.600,-92.6090,208.8326,1.3918,1.7400,4.0300,1.7051,-1.1567,-0.7600,-2.63483,0.90
124,0,12.700,-92.7221,208.7575,1.3935,1.7400,4.0300,1.7051,-1.1119,-0.7451,-2.63481,0.90
124,0,12.800,-92.8311,208.6837,1.3951,1.7400,4.0300,1.7051,-1.0729,-0.7310,-2.63480,0.90
124,0,12.900,-92.9371,208.6110,1.3967,1.7400,4.0300,1.7051,-1.0506,-0.7251,-2.63479,0.90
124,0,13.000,-93.0409,208.5389,1.3983,1.7400,4.0300,1.7051,-1.0340,-0.7194,-2.63479,0.90
124,0,13.100,-93.1436,208.4673,1.3998,1.7400,4.0300,1.7051,-1.0214,-0.7124,-2.63479,0.90
124,0,13.200,-93.2456,208.3961,1.4014,1.7400,4.0300,1.7051,-1.0204,-0.7118,-2.63480,0.90
124,0,13.300,-93.3474,208.3251,1.4029,1.7400,4.0300,1.7051,-1.0225,-0.7135,-2.63480,0.90
125,0,4.400,-72.3348,156.2291,2.6598,1.9305,4.0300,1.8500,0.0772,-0.1208,2.03471,0.90
125,0,4.500,-72.3271,156.2171,2.6604,1.9305,4.0300,1.8500,0.0770,-0.1202,2.03469,0.90
125,0,4.600,-72.3194,156.2051,2.6609,1.9305,4.0300,1.8500,0.0768,-0.1195,2.03468,0.90
125,0,4.700,-72.3117,156.1931,2.6615,1.9305,4.0300,1.8500,0.0768,-0.1191,2.03461,0.90
125,0,4.800,-72.3040,156.1812,2.6620,1.9305,4.0300,1.8500,0.0772,-0.1188,2.03457,0.90
125,0,4.900,-72.2963,156.1694,2.6626,1.9305,4.0300,1.8500,0.0773,-0.1179,2.03469,0.90
125,0,5.000,-72.2886,156.1577,2.6631,1.9305,4.0300,1.8500,0.0773,-0.1160,2.03468,0.90
125,0,5.100,-72.2808,156.1462,2.6637,1.9305,4.0300,1.8500,0.0781,-0.1141,2.03468,0.90
125,0,5.200,-72.2730,156.1349,2.6642,1.9305,4.0300,1.8500,0.0787,-0.1102,2.03470,0.90
125,0,5.300,-72.2651,156.1241,2.6648,1.9305,4.0300,1.8500,0.0785,-0.1044,2.03467,0.90
125,0,5.400,-72.2573,156.1140,2.6653,1.9305,4.0300,1.8500,0.0772,-0.0957,2.03478,0.90
125,0,5.503,-72.2494,156.1047,2.6658,1.9305,4.0300,1.8500,0.0777,-0.0878,2.03481,0.90
125,0,5.600,-72.2417,156.0965,2.6663,1.9305,4.0300,1.8500,0.0778,-0.0770,2.03486,0.90
125,0,5.700,-72.2341,156.0895,2.6668,1.9305,4.0300,1.8500,0.0750,-0.0626,2.03488,0.90
125,0,5.800,-72.2267,156.0839,2.6672,1.9305,4.0300,1.8500,0.0712,-0.0500,2.03487,0.90
125,0,5.900,-72.2199,156.0795,2.6677,1.9305,4.0300,1.8500,0.0612,-0.0392,2.03488,0.90
125,0,6.000,-72.2145,156.0761,2.6681,1.9305,4.0300,1.8500,0.0442,-0.0314,2.03488,0.90
125,0,6.100,-72.2110,156.0732,2.6686,1.9305,4.0300,1.8500,0.0229,-0.0273,2.03481,0.90
125,0,6.200,-72.2099,156.0706,2.6691,1.9305,4.0300,1.8500,-0.0017,-0.0267,2.03478,0.90
125,0,6.300,-72.2114,156.0679,2.6696,1.9305,4.0300,1.8500,-0.0280,-0.0282,2.03474,0.90
125,0,6.400,-72.2155,156.0650,2.6701,1.9305,4.0300,1.8500,-0.0552,-0.0312,2.03468,0.90
125,0,6.500,-72.2224,156.0617,2.6707,1.9305,4.0300,1.8500,-0.0826,-0.0357,2.03461,0.90
125,0,6.603,-72.2323,156.0577,2.6712,1.9305,4.0300,1.8500,-0.1142,-0.0430,2.03458,0.90
125,0,6.700,-72.2452,156.0531,2.6718,1.9305,4.0300,1.8500,-0.1467,-0.0517,2.03452,0.90
125,0,6.800,-72.2612,156.0476,2.6723,1.9305,4.0300,1.8500,-0.1744,-0.0600,2.03451,0.90
125,0,6.900,-72.2801,156.0411,2.6729,1.9305,4.0300,1.8500,-0.2040,-0.0695,2.03451,0.90
125,0,7.000,-72.3019,156.0337,2.6734,1.9305,4.0300,1.8500,-0.2330,-0.0787,2.03447,0.90
125,0,7.100,-72.3268,156.0253,2.6739,1.9305,4.0300,1.8500,-0.2618,-0.0876,2.03444,0.90
125,0,7.200,-72.3544,156.0161,2.6743,1.9305,4.0300,1.8500,-0.2876,-0.0968,2.03433,0.90
125,0,7.300,-72.3842,156.0060,2.6746,1.9305,4.0300,1.8500,-0.3060,-0.1054,2.03434,0.90
125,0,7.400,-72.4155,155.9951,2.6749,1.9305,4.0300,1.8500,-0.3156,-0.1122,2.03432,0.90
125,0,7.500,-72.4474,155.9835,2.6751,1.9305,4.0300,1.8500,-0.3186,-0.1182,2.03430,0.90
125,0,7.600,-72.4793,155.9714,2.6752,1.9305,4.0300,1.8500,-0.3151,-0.1232,2.03436,0.90
125,0,7.700,-72.5104,155.9589,2.6752,1.9305,4.0300,1.8500,-0.3018,-0.1254,2.03429,0.90
125,0,7.800,-72.5396,155.9464,2.6751,1.9305,4.0300,1.8500,-0.2811,-0.1246,2.03427,0.90
125,0,7.900,-72.5667,155.9339,2.6750,1.9305,4.0300,1.8500,-0.2576,-0.1221,2.03434,0.90
125,0,8.000,-72.5911,155.9220,2.6747,1.9305,4.0300,1.8500,-0.2253,-0.1151,2.03428,0.90
125,0,8.100,-72.6117,155.9109,2.6744,1.9305,4.0300,1.8500,-0.1847,-0.1039,2.03440,0.90
125,0,8.200,-72.6281,155.9012,2.6739,1.9305,4.0300,1.8500,-0.1407,-0.0900,2.03467,0.90
125,0,8.300,-72.6399,155.8929,2.6734,1.9305,4.0300,1.8500,-0.0963,-0.0743,2.03479,0.90
125,0,8.400,-72.6473,155.8863,2.6728,1.9305,4.0300,1.8500,-0.0527,-0.0571,2.03487,0.90
125,0,8.500,-72.6504,155.8815,2.6721,1.9305,4.0300,1.8500,-0.0124,-0.0397,2.03482,0.90
125,0,8.600,-72.6498,155.8783,2.6714,1.9305,4.0300,1.8500,0.0229,-0.0243,2.03491,0.90
125,0,8.700,-72.6459,155.8766,2.6707,1.9305,4.0300,1.8500,0.0526,-0.0113,2.03508,0.90
125,0,8.800,-72.6393,155.8761,2.6699,1.9305,4.0300,1.8500,0.0765,-0.0016,2.03514,0.90
125,0,8.900,-72.6305,155.8763,2.6692,1.9305,4.0300,1.8500,0.0960,0.0053,2.03509,0.90
125,0,9.000,-72.6201,155.8771,2.6685,1.9305,4.0300,1.8500,0.1108,0.0098,2.03503,0.90
125,0,9.100,-72.6084,155.8783,2.6678,1.9305,4.0300,1.8500,0.1201,0.0117,2.03499,0.90
125,0,9.200,-72.5960,155.8795,2.6672,1.9305,4.0300,1.8500,0.1248,0.0112,2.03494,0.90
125,0,9.300,-72.5835,155.8805,2.6667,1.9305,4.0300,1.8500,0.1241,0.0079,2.03489,0.90
125,0,9.400,-72.5712,155.8811,2.6663,1.9305,4.0300,1.8500,0.1183,0.0022,2.03484,0.90
125,0,9.500,-72.5598,155.8810,2.6659,1.9305,4.0300,1.8500,0.1084,-0.0057,2.03479,0.90
125,0,9.600,-72.5495,155.8799,2.6656,1.9305,4.0300,1.8500,0.0946,-0.0155,2.03475,0.90
125,0,9.700,-72.5409,155.8779,2.6655,1.9305,4.0300,1.8500,0.0771,-0.0262,2.03474,0.90
125,0,9.800,-72.5341,155.8747,2.6654,1.9305,4.0300,1.8500,0.0571,-0.0370,2.03475,0.90
125,0,9.900,-72.5294,155.8704,2.6654,1.9305,4.0300,1.8500,0.0363,-0.0477,2.03477,0.90
125,0,10.000,-72.5269,155.8652,2.6655,1.9305,4.0300,1.8500,0.0155,-0.0577,2.03474,0.90
125,0,10.100,-72.5263,155.8589,2.6656,1.9305,4.0300,1.8500,-0.0032,-0.0662,2.03471,0.90
125,0,10.200,-72.5275,155.8519,2.6658,1.9305,4.0300,1.8500,-0.0191,-0.0732,2.03468,0.90
125,0,10.300,-72.5301,155.8443,2.6661,1.9305,4.0300,1.8500,-0.0317,-0.0774,2.03470,0.90
125,0,10.400,-72.5338,155.8364,2.6664,1.9305,4.0300,1.8500,-0.0401,-0.0788,2.03471,0.90
125,0,10.500,-72.5382,155.8285,2.6667,1.9305,4.0300,1.8500,-0.0444,-0.0783,2.03472,0.90
125,0,10.600,-72.5427,155.8207,2.6670,1.9305,4.0300,1.8500,-0.0461,-0.0764,2.03472,0.90
125,0,10.700,-72.5474,155.8132,2.6673,1.9305,4.0300,1.8500,-0.0460,-0.0733,2.03472,0.90
125,0,10.800,-72.5519,155.8061,2.6677,1.9305,4.0300,1.8500,-0.0453,-0.0695,2.03470,0.90
125,0,10.900,-72.5564,155.7993,2.6680,1.9305,4.0300,1.8500,-0.0449,-0.0659,2.03471,0.90
125,0,11.000,-72.5609,155.7929,2.6683,1.9305,4.0300,1.8500,-0.0447,-0.0620,2.03476,0.90
125,0,11.100,-72.5654,155.7869,2.6685,1.9305,4.0300,1.8500,-0.0445,-0.0579,2.03480,0.90
125,0,11.200,-72.5698,155.7813,2.6688,1.9305,4.0300,1.8500,-0.0447,-0.0538,2.03487,0.90
125,0,11.300,-72.5743,155.7762,2.6690,1.9305,4.0300,1.8500,-0.0448,-0.0494,2.03494,0.90
125,0,11.400,-72.5788,155.7715,2.6693,1.9305,4.0300,1.8500,-0.0443,-0.0445,2.03498,0.90
125,0,11.500,-72.5832,155.7673,2.6695,1.9305,4.0300,1.8500,-0.0428,-0.0392,2.03499,0.90
125,0,11.600,-72.5874,155.7636,2.6696,1.9305,4.0300,1.8500,-0.0402,-0.0335,2.03501,0.90
125,0,11.700,-72.5912,155.7606,2.6698,1.9305,4.0300,1.8500,-0.0358,-0.0268,2.03503,0.90
125,0,11.800,-72.5945,155.7583,2.6699,1.9305,4.0300,1.8500,-0.0288,-0.0193,2.03506,0.90
125,0,11.900,-72.5970,155.7567,2.6699,1.9305,4.0300,1.8500,-0.0204,-0.0121,2.03511,0.90
125,0,12.000,-72.5986,155.7558,2.6700,1.9305,4.0300,1.8500,-0.0119,-0.0056,2.03516,0.90
125,0,12.100,-72.5994,155.7556,2.6700,1.9305,4.0300,1.8500,-0.0044,-0.0003,2.03517,0.90
125,0,12.200,-72.5995,155.7558,2.6699,1.9305,4.0300,1.8500,0.0014,0.0034,2.03519,0.90
125,0,12.300,-72.5991,155.7563,2.6699,1.9305,4.0300,1.8500,0.0052,0.0055,2.03521,0.90
125,0,12.400,-72.5984,155.7569,2.6698,1.9305,4.0300,1.8500,0.0070,0.0059,2.03521,0.90
125,0,12.500,-72.5977,155.7574,2.6698,1.9305,4.0300,1.8500,0.0074,0.0047,2.03522,0.90
125,0,12.600,-72.5970,155.7578,2.6697,1.9305,4.0300,1.8500,0.0070,0.0022,2.03523,0.90
125,0,12.700,-72.5963,155.7579,2.6697,1.9305,4.0300,1.8500,0.0057,-0.0016,2.03524,0.90
125,0,12.800,-72.5958,155.7575,2.6697,1.9305,4.0300,1.8500,0.0037,-0.0063,2.03525,0.90
125,0,12.900,-72.5955,155.7566,2.6697,1.9305,4.0300,1.8500,0.0013,-0.0118,2.03526,0.90
125,0,13.000,-72.5956,155.7552,2.6697,1.9305,4.0300,1.8500,-0.0015,-0.0174,2.03526,0.90
125,0,13.100,-72.5958,155.7531,2.6698,1.9305,4.0300,1.8500,-0.0042,-0.0228,2.03526,0.90
125,0,13.200,-72.5964,155.7506,2.6699,1.9305,4.0300,1.8500,-0.0065,-0.0274,2.03526,0.90
125,0,13.300,-72.5971,155.7477,2.6699,1.9305,4.0300,1.8500,-0.0076,-0.0305,2.03525,0.90
125,0,13.400,-72.5979,155.7445,2.6701,1.9305,4.0300,1.8500,-0.0072,-0.0321,2.03522,0.90
125,0,13.500,-72.5986,155.7412,2.6702,1.9305,4.0300,1.8500,-0.0056,-0.0325,2.03517,0.90
125,0,13.600,-72.5990,155.7380,2.6703,1.9305,4.0300,1.8500,-0.0029,-0.0321,2.03515,0.90
125,0,13.700,-72.5992,155.7348,2.6704,1.9305,4.0300,1.8500,0.0015,-0.0300,2.03517,0.90
125,0,13.800,-72.5987,155.7320,2.6705,1.9305,4.0300,1.8500,0.0075,-0.0261,2.03519,0.90
125,0,13.900,-72.5977,155.7296,2.6705,1.9305,4.0300,1.8500,0.0139,-0.0215,2.03519,0.90
125,0,14.000,-72.5960,155.7277,2.6706,1.9305,4.0300,1.8500,0.0200,-0.0163,2.03519,0.90
125,0,14.100,-72.5937,155.7263,2.6706,1.9305,4.0300,1.8500,0.0252,-0.0111,2.03519,0.90
125,0,14.200,-72.5909,155.7255,2.6706,1.9305,4.0300,1.8500,0.0290,-0.0062,2.03519,0.90
125,0,14.300,-72.5879,155.7251,2.6706,1.9305,4.0300,1.8500,0.0312,-0.0018,2.03519,0.90
125,0,14.400,-72.5847,155.7251,2.6705,1.9305,4.0300,1.8500,0.0317,0.0018,2.03519,0.90
125,0,14.500,-72.5815,155.7254,2.6705,1.9305,4.0300,1.8500,0.0306,0.0049,2.03519,0.90
125,0,14.600,-72.5785,155.7261,2.6704,1.9305,4.0300,1.8500,0.0287,0.0071,2.03519,0.90
125,0,14.700,-72.5758,155.7269,2.6703,1.9305,4.0300,1.8500,0.0252,0.0084,2.03519,0.90
125,0,14.800,-72.5735,155.7278,2.6703,1.9305,4.0300,1.8500,0.0208,0.0091,2.03519,0.90
125,0,14.900,-72.5716,155.7287,2.6702,1.9305,4.0300,1.8500,0.0161,0.0097,2.03518,0.90
125,0,15.000,-72.5703,155.7297,2.6701,1.9305,4.0300,1.8500,0.0113,0.0099,2.03519,0.90
125,0,15.100,-72.5694,155.7307,2.6700,1.9305,4.0300,1.8500,0.0070,0.0098,2.03518,0.90
125,0,15.200,-72.5689,155.7317,2.6699,1.9305,4.0300,1.8500,0.0038,0.0104,2.03518,0.90
125,0,15.300,-72.5686,155.7328,2.6697,1.9305,4.0300,1.8500,0.0017,0.0110,2.03518,0.90
125,0,15.400,-72.5685,155.7339,2.6696,1.9305,4.0300,1.8500,0.0004,0.0112,2.03518,0.90
125,0,15.500,-72.5685,155.7350,2.6695,1.9305,4.0300,1.8500,-0.0002,0.0112,2.03517,0.90
125,0,15.600,-72.5686,155.7361,2.6694,1.9305,4.0300,1.8500,-0.0003,0.0111,2.03517,0.90
126,0,0.000,2.5210,-13.1321,0.2020,1.8398,4.0300,1.8114,-0.0566,-0.0356,-1.18055,0.90
126,0,0.100,2.5154,-13.1357,0.2019,1.8398,4.0300,1.8114,-0.0568,-0.0357,-1.18056,0.90
126,0,0.200,2.5097,-13.1393,0.2018,1.8398,4.0300,1.8114,-0.0568,-0.0358,-1.18056,0.90
126,0,0.300,2.5040,-13.1428,0.2017,1.8398,4.0300,1.8114,-0.0569,-0.0358,-1.18055,0.90
126,0,0.400,2.4983,-13.1464,0.2016,1.8398,4.0300,1.8114,-0.0575,-0.0362,-1.18060,0.90
126,0,0.500,2.4925,-13.1501,0.2014,1.8398,4.0300,1.8114,-0.0583,-0.0366,-1.18053,0.90
126,0,0.600,2.4867,-13.1538,0.2013,1.8398,4.0300,1.8114,-0.0591,-0.0370,-1.18055,0.90
126,0,0.700,2.4807,-13.1575,0.2012,1.8398,4.0300,1.8114,-0.0603,-0.0375,-1.18052,0.90
126,0,0.800,2.4746,-13.1613,0.2011,1.8398,4.0300,1.8114,-0.0615,-0.0380,-1.18056,0.90
126,0,0.900,2.4684,-13.1651,0.2009,1.8398,4.0300,1.8114,-0.0622,-0.0382,-1.18055,0.90
126,0,1.000,2.4622,-13.1689,0.2008,1.8398,4.0300,1.8114,-0.0624,-0.0380,-1.18060,0.90
126,0,1.100,2.4559,-13.1727,0.2006,1.8398,4.0300,1.8114,-0.0627,-0.0378,-1.18063,0.90
126,0,1.200,2.4496,-13.1764,0.2005,1.8398,4.0300,1.8114,-0.0626,-0.0371,-1.18064,0.90
126,0,1.300,2.4434,-13.1801,0.2004,1.8398,4.0300,1.8114,-0.0619,-0.0359,-1.18066,0.90
126,0,1.400,2.4372,-13.1836,0.2002,1.8398,4.0300,1.8114,-0.0611,-0.0346,-1.18065,0.90
126,0,1.500,2.4312,-13.1870,0.2001,1.8398,4.0300,1.8114,-0.0596,-0.0327,-1.18073,0.90
126,0,1.600,2.4253,-13.1902,0.1999,1.8398,4.0300,1.8114,-0.0577,-0.0303,-1.18076,0.90
126,0,1.700,2.4196,-13.1931,0.1998,1.8398,4.0300,1.8114,-0.0554,-0.0278,-1.18076,0.90
126,0,1.800,2.4142,-13.1957,0.1997,1.8398,4.0300,1.8114,-0.0525,-0.0248,-1.18080,0.90
126,0,1.900,2.4092,-13.1980,0.1996,1.8398,4.0300,1.8114,-0.0479,-0.0211,-1.18074,0.90
126,0,2.000,2.4047,-13.1999,0.1995,1.8398,4.0300,1.8114,-0.0412,-0.0164,-1.18063,0.90
126,0,2.100,2.4009,-13.2013,0.1995,1.8398,4.0300,1.8114,-0.0331,-0.0110,-1.18053,0.90
126,0,2.200,2.3980,-13.2021,0.1994,1.8398,4.0300,1.8114,-0.0232,-0.0050,-1.18045,0.90
126,0,2.300,2.3963,-13.2023,0.1994,1.8398,4.0300,1.8114,-0.0120,0.0013,-1.18027,0.90
126,0,2.400,2.3956,-13.2019,0.1994,1.8398,4.0300,1.8114,0.0001,0.0077,-1.18019,0.90
126,0,2.500,2.3963,-13.2008,0.1994,1.8398,4.0300,1.8114,0.0135,0.0142,-1.18016,0.90
126,0,2.600,2.3983,-13.1990,0.1994,1.8398,4.0300,1.8114,0.0273,0.0205,-1.18009,0.90
126,0,2.700,2.4017,-13.1967,0.1995,1.8398,4.0300,1.8114,0.0408,0.0261,-1.18011,0.90
126,0,2.800,2.4065,-13.1938,0.1996,1.8398,4.0300,1.8114,0.0543,0.0311,-1.18012,0.90
126,0,2.900,2.4126,-13.1905,0.1996,1.8398,4.0300,1.8114,0.0675,0.0353,-1.18016,0.90
126,0,3.000,2.4200,-13.1868,0.1997,1.8398,4.0300,1.8114,0.0795,0.0383,-1.18016,0.90
126,0,3.100,2.4285,-13.1828,0.1998,1.8398,4.0300,1.8114,0.0902,0.0400,-1.18019,0.90
126,0,3.200,2.4380,-13.1788,0.1998,1.8398,4.0300,1.8114,0.0976,0.0397,-1.18018,0.90
126,0,3.300,2.4480,-13.1749,0.1999,1.8398,4.0300,1.8114,0.1012,0.0375,-1.18013,0.90
126,0,3.400,2.4583,-13.1712,0.1999,1.8398,4.0300,1.8114,0.1029,0.0341,-1.18016,0.90
126,0,3.500,2.4686,-13.1680,0.2000,1.8398,4.0300,1.8114,0.1029,0.0298,-1.18014,0.90
126,0,3.600,2.4788,-13.1653,0.2000,1.8398,4.0300,1.8114,0.1013,0.0253,-1.18011,0.90
126,0,3.700,2.4889,-13.1630,0.2000,1.8398,4.0300,1.8114,0.0985,0.0212,-1.18005,0.90
126,0,3.800,2.4986,-13.1611,0.2000,1.8398,4.0300,1.8114,0.0942,0.0171,-1.18000,0.90
126,0,3.900,2.5077,-13.1596,0.2000,1.8398,4.0300,1.8114,0.0881,0.0129,-1.17998,0.90
126,0,4.000,2.5162,-13.1585,0.2000,1.8398,4.0300,1.8114,0.0811,0.0091,-1.17995,0.90
126,0,4.100,2.5240,-13.1577,0.2000,1.8398,4.0300,1.8114,0.0745,0.0056,-1.17996,0.90
126,0,4.200,2.5310,-13.1573,0.2000,1.8398,4.0300,1.8114,0.0666,0.0020,-1.18001,0.90
126,0,4.300,2.5373,-13.1573,0.1999,1.8398,4.0300,1.8114,0.0568,-0.0021,-1.18003,0.90
126,0,4.400,2.5424,-13.1578,0.1999,1.8398,4.0300,1.8114,0.0451,-0.0070,-1.18006,0.90
126,0,4.500,2.5463,-13.1587,0.1999,1.8398,4.0300,1.8114,0.0317,-0.0122,-1.18008,0.90
126,0,4.600,2.5488,-13.1602,0.1998,1.8398,4.0300,1.8114,0.0178,-0.0172,-1.18009,0.90
126,0,4.700,2.5498,-13.1622,0.1998,1.8398,4.0300,1.8114,0.0046,-0.0219,-1.18008,0.90
126,0,4.800,2.5497,-13.1646,0.1998,1.8398,4.0300,1.8114,-0.0066,-0.0257,-1.18009,0.90
126,0,4.900,2.5485,-13.1673,0.1997,1.8398,4.0300,1.8114,-0.0155,-0.0281,-1.18008,0.90
126,0,5.000,2.5466,-13.1702,0.1996,1.8398,4.0300,1.8114,-0.0231,-0.0297,-1.18009,0.90
126,0,5.100,2.5439,-13.1732,0.1996,1.8398,4.0300,1.8114,-0.0304,-0.0309,-1.18008,0.90
126,0,5.200,2.5405,-13.1764,0.1995,1.8398,4.0300,1.8114,-0.0383,-0.0316,-1.18008,0.90
126,0,5.300,2.5362,-13.1796,0.1994,1.8398,4.0300,1.8114,-0.0472,-0.0316,-1.18006,0.90
126,0,5.400,2.5310,-13.1827,0.1994,1.8398,4.0300,1.8114,-0.0559,-0.0303,-1.18002,0.90
126,0,5.503,2.5249,-13.1857,0.1993,1.8398,4.0300,1.8114,-0.0660,-0.0288,-1.17999,0.90
126,0,5.600,2.5179,-13.1885,0.1992,1.8398,4.0300,1.8114,-0.0748,-0.0259,-1.17994,0.90
126,0,5.700,2.5101,-13.1908,0.1991,1.8398,4.0300,1.8114,-0.0794,-0.0208,-1.17992,0.90
126,0,5.800,2.5020,-13.1926,0.1990,1.8398,4.0300,1.8114,-0.0822,-0.0150,-1.17993,0.90
126,0,5.900,2.4937,-13.1938,0.1989,1.8398,4.0300,1.8114,-0.0803,-0.0083,-1.17993,0.90
126,0,6.000,2.4859,-13.1943,0.1988,1.8398,4.0300,1.8114,-0.0743,-0.0013,-1.17993,0.90
126,0,6.100,2.4788,-13.1941,0.1987,1.8398,4.0300,1.8114,-0.0654,0.0062,-1.17998,0.90
126,0,6.200,2.4728,-13.1930,0.1986,1.8398,4.0300,1.8114,-0.0548,0.0144,-1.18000,0.90
126,0,6.300,2.4679,-13.1912,0.1986,1.8398,4.0300,1.8114,-0.0436,0.0225,-1.18004,0.90
126,0,6.400,2.4641,-13.1885,0.1985,1.8398,4.0300,1.8114,-0.0329,0.0298,-1.18009,0.90
126,0,6.500,2.4613,-13.1852,0.1984,1.8398,4.0300,1.8114,-0.0226,0.0359,-1.18013,0.90
126,0,6.603,2.4595,-13.1812,0.1983,1.8398,4.0300,1.8114,-0.0145,0.0416,-1.18015,0.90
126,0,6.700,2.4584,-13.1769,0.1983,1.8398,4.0300,1.8114,-0.0081,0.0453,-1.18019,0.90
126,0,6.800,2.4579,-13.1723,0.1982,1.8398,4.0300,1.8114,-0.0021,0.0462,-1.18021,0.90
126,0,6.900,2.4580,-13.1677,0.1982,1.8398,4.0300,1.8114,0.0045,0.0473,-1.18020,0.90
126,0,7.000,2.4588,-13.1629,0.1982,1.8398,4.0300,1.8114,0.0116,0.0483,-1.18023,0.90
126,0,7.100,2.4603,-13.1580,0.1983,1.8398,4.0300,1.8114,0.0189,0.0494,-1.18024,0.90
126,0,7.200,2.4626,-13.1530,0.1983,1.8398,4.0300,1.8114,0.0255,0.0501,-1.18033,0.90
126,0,7.300,2.4654,-13.1480,0.1984,1.8398,4.0300,1.8114,0.0310,0.0505,-1.18031,0.90
126,0,7.400,2.4688,-13.1429,0.1985,1.8398,4.0300,1.8114,0.0354,0.0504,-1.18033,0.90
126,0,7.500,2.4725,-13.1379,0.1987,1.8398,4.0300,1.8114,0.0374,0.0494,-1.18035,0.90
126,0,7.600,2.4763,-13.1330,0.1989,1.8398,4.0300,1.8114,0.0360,0.0470,-1.18031,0.90
126,0,7.700,2.4797,-13.1285,0.1992,1.8398,4.0300,1.8114,0.0323,0.0435,-1.18037,0.90
126,0,7.800,2.4827,-13.1243,0.1994,1.8398,4.0300,1.8114,0.0265,0.0393,-1.18041,0.90
126,0,7.900,2.4850,-13.1206,0.1997,1.8398,4.0300,1.8114,0.0192,0.0348,-1.18037,0.90
126,0,8.000,2.4865,-13.1174,0.2000,1.8398,4.0300,1.8114,0.0108,0.0299,-1.18044,0.90
126,0,8.100,2.4872,-13.1147,0.2003,1.8398,4.0300,1.8114,0.0011,0.0247,-1.18035,0.90
126,0,8.200,2.4868,-13.1124,0.2006,1.8398,4.0300,1.8114,-0.0100,0.0196,-1.18013,0.90
126,0,8.300,2.4852,-13.1107,0.2009,1.8398,4.0300,1.8114,-0.0217,0.0149,-1.18001,0.90
126,0,8.400,2.4824,-13.1095,0.2012,1.8398,4.0300,1.8114,-0.0332,0.0105,-1.17993,0.90
126,0,8.500,2.4786,-13.1086,0.2015,1.8398,4.0300,1.8114,-0.0437,0.0060,-1.17999,0.90
126,0,8.600,2.4737,-13.1082,0.2018,1.8398,4.0300,1.8114,-0.0530,0.0019,-1.17995,0.90
126,0,8.700,2.4680,-13.1083,0.2021,1.8398,4.0300,1.8114,-0.0594,-0.0021,-1.17983,0.90
126,0,8.800,2.4618,-13.1087,0.2023,1.8398,4.0300,1.8114,-0.0621,-0.0062,-1.17978,0.90
126,0,8.900,2.4555,-13.1095,0.2026,1.8398,4.0300,1.8114,-0.0648,-0.0101,-1.17982,0.90
126,0,9.000,2.4489,-13.1107,0.2028,1.8398,4.0300,1.8114,-0.0681,-0.0131,-1.17987,0.90
126,0,9.100,2.4419,-13.1121,0.2031,1.8398,4.0300,1.8114,-0.0716,-0.0159,-1.17990,0.90
126,0,9.200,2.4345,-13.1139,0.2033,1.8398,4.0300,1.8114,-0.0771,-0.0198,-1.17994,0.90
126,0,9.300,2.4265,-13.1161,0.2035,1.8398,4.0300,1.8114,-0.0831,-0.0253,-1.17998,0.90
126,0,9.400,2.4179,-13.1189,0.2036,1.8398,4.0300,1.8114,-0.0903,-0.0326,-1.18002,0.90
126,0,9.500,2.4084,-13.1226,0.2038,1.8398,4.0300,1.8114,-0.1013,-0.0424,-1.18006,0.90
126,0,9.600,2.3976,-13.1274,0.2039,1.8398,4.0300,1.8114,-0.1162,-0.0547,-1.18009,0.90
126,0,9.700,2.3852,-13.1336,0.2039,1.8398,4.0300,1.8114,-0.1329,-0.0689,-1.18010,0.90
126,0,9.800,2.3711,-13.1412,0.2039,1.8398,4.0300,1.8114,-0.1489,-0.0839,-1.18009,0.90
126,0,9.900,2.3554,-13.1504,0.2039,1.8398,4.0300,1.8114,-0.1630,-0.0998,-1.18008,0.90
126,0,10.000,2.3385,-13.1611,0.2038,1.8398,4.0300,1.8114,-0.1720,-0.1154,-1.18010,0.90
126,0,10.100,2.3210,-13.1734,0.2037,1.8398,4.0300,1.8114,-0.1745,-0.1302,-1.18012,0.90
126,0,10.200,2.3036,-13.1872,0.2035,1.8398,4.0300,1.8114,-0.1711,-0.1452,-1.18015,0.90
126,0,10.300,2.2868,-13.2024,0.2032,1.8398,4.0300,1.8114,-0.1600,-0.1590,-1.18013,0.90
126,0,10.400,2.2716,-13.2189,0.2029,1.8398,4.0300,1.8114,-0.1412,-0.1714,-1.18012,0.90
126,0,10.500,2.2585,-13.2367,0.2025,1.8398,4.0300,1.8114,-0.1167,-0.1829,-1.18011,0.90
126,0,10.600,2.2482,-13.2556,0.2021,1.8398,4.0300,1.8114,-0.0878,-0.1929,-1.18011,0.90
126,0,10.700,2.2410,-13.2753,0.2016,1.8398,4.0300,1.8114,-0.0553,-0.1998,-1.18012,0.90
126,0,10.800,2.2372,-13.2955,0.2011,1.8398,4.0300,1.8114,-0.0201,-0.2032,-1.18013,0.90
126,0,10.900,2.2370,-13.3160,0.2006,1.8398,4.0300,1.8114,0.0191,-0.2047,-1.18012,0.90
126,0,11.000,2.2410,-13.3364,0.2000,1.8398,4.0300,1.8114,0.0639,-0.2025,-1.18009,0.90
126,0,11.100,2.2497,-13.3564,0.1994,1.8398,4.0300,1.8114,0.1140,-0.1970,-1.18006,0.90
126,0,11.200,2.2638,-13.3759,0.1988,1.8398,4.0300,1.8114,0.1709,-0.1905,-1.18000,0.90
126,0,11.300,2.2839,-13.3945,0.1982,1.8398,4.0300,1.8114,0.2323,-0.1817,-1.17994,0.90
126,0,11.400,2.3102,-13.4122,0.1976,1.8398,4.0300,1.8114,0.2956,-0.1714,-1.17991,0.90
126,0,11.500,2.3431,-13.4288,0.1969,1.8398,4.0300,1.8114,0.3609,-0.1614,-1.17990,0.90
126,0,11.600,2.3826,-13.4445,0.1963,1.8398,4.0300,1.8114,0.4264,-0.1524,-1.17989,0.90
126,0,11.700,2.4283,-13.4593,0.1956,1.8398,4.0300,1.8114,0.4878,-0.1442,-1.17987,0.90
126,0,11.800,2.4800,-13.4733,0.1949,1.8398,4.0300,1.8114,0.5431,-0.1369,-1.17985,0.90
126,0,11.900,2.5371,-13.4867,0.1942,1.8398,4.0300,1.8114,0.5952,-0.1321,-1.17981,0.90
126,0,12.000,2.5989,-13.4997,0.1935,1.8398,4.0300,1.8114,0.6367,-0.1288,-1.17977,0.90
126,0,12.100,2.6643,-13.5124,0.1928,1.8398,4.0300,1.8114,0.6646,-0.1276,-1.17976,0.90
126,0,12.200,2.7321,-13.5253,0.1920,1.8398,4.0300,1.8114,0.6833,-0.1288,-1.17974,0.90
126,0,12.300,2.8012,-13.5382,0.1913,1.8398,4.0300,1.8114,0.6955,-0.1309,-1.17973,0.90
126,0,12.400,2.8710,-13.5514,0.1905,1.8398,4.0300,1.8114,0.6995,-0.1321,-1.17973,0.90
126,0,12.500,2.9409,-13.5646,0.1897,1.8398,4.0300,1.8114,0.6983,-0.1322,-1.17972,0.90
126,0,12.600,3.0109,-13.5779,0.1890,1.8398,4.0300,1.8114,0.6985,-0.1323,-1.17972,0.90
127,0,9.400,-101.7446,201.8061,1.6316,1.8550,4.8673,1.9208,4.5257,1.6522,0.40413,0.90
127,0,9.500,-101.2911,201.9716,1.6257,1.8550,4.8673,1.9208,4.5353,1.6548,0.40412,0.90
127,0,9.600,-100.8358,202.1377,1.6197,1.8550,4.8673,1.9208,4.5832,1.6701,0.40411,0.90
127,0,9.700,-100.3757,202.3052,1.6137,1.8550,4.8673,1.9208,4.6399,1.6871,0.40411,0.90
127,0,9.800,-99.9090,202.4747,1.6075,1.8550,4.8673,1.9208,4.7000,1.7037,0.40411,0.90
127,0,9.900,-99.4339,202.6466,1.6011,1.8550,4.8673,1.9208,4.8041,1.7346,0.40411,0.90
127,0,10.000,-98.9495,202.8212,1.5945,1.8550,4.8673,1.9208,4.8978,1.7607,0.40409,0.90
127,0,10.100,-98.4557,202.9983,1.5876,1.8550,4.8673,1.9208,4.9770,1.7812,0.40410,0.90
127,0,10.200,-97.9521,203.1781,1.5803,1.8550,4.8673,1.9208,5.0905,1.8132,0.40410,0.90
127,0,10.300,-97.4389,203.3604,1.5726,1.8550,4.8673,1.9208,5.1854,1.8377,0.40410,0.90
127,0,10.400,-96.9165,203.5451,1.5645,1.8550,4.8673,1.9208,5.2547,1.8517,0.40410,0.90
127,0,10.500,-96.3859,203.7315,1.5560,1.8550,4.8673,1.9208,5.3225,1.8635,0.40411,0.90
127,0,10.600,-95.8499,203.9185,1.5470,1.8550,4.8673,1.9208,5.3874,1.8735,0.40411,0.90
127,0,10.700,-95.3099,204.1057,1.5377,1.8550,4.8673,1.9208,5.4212,1.8730,0.40410,0.90
127,0,10.800,-94.7671,204.2926,1.5281,1.8550,4.8673,1.9208,5.4249,1.8632,0.40410,0.90
127,0,10.900,-94.2228,204.4791,1.5182,1.8550,4.8673,1.9208,5.4523,1.8629,0.40410,0.90
127,0,11.000,-93.6781,204.6647,1.5081,1.8550,4.8673,1.9208,5.4541,1.8565,0.40411,0.90
127,0,11.100,-93.1334,204.8499,1.4978,1.8550,4.8673,1.9208,5.4365,1.8467,0.40412,0.90
127,0,11.200,-92.5887,205.0348,1.4874,1.8550,4.8673,1.9208,5.4564,1.8503,0.40413,0.90
127,0,11.300,-92.0436,205.2194,1.4769,1.8550,4.8673,1.9208,5.4590,1.8482,0.40414,0.90
127,0,11.400,-91.4984,205.4039,1.4663,1.8550,4.8673,1.9208,5.4426,1.8409,0.40415,0.90
127,0,11.500,-90.9530,205.5883,1.4557,1.8550,4.8673,1.9208,5.4431,1.8404,0.40415,0.90
128,0,0.000,7.4600,-30.9082,-0.2395,1.7400,4.0300,2.0313,-0.0641,-0.0884,-1.12676,0.90
128,0,0.100,7.4535,-30.9170,-0.2397,1.7400,4.0300,2.0313,-0.0648,-0.0881,-1.12678,0.90
128,0,0.200,7.4470,-30.9258,-0.2399,1.7400,4.0300,2.0313,-0.0664,-0.0864,-1.12678,0.90
128,0,0.300,7.4403,-30.9343,-0.2401,1.7400,4.0300,2.0313,-0.0701,-0.0835,-1.12677,0.90
128,0,0.400,7.4330,-30.9425,-0.2403,1.7400,4.0300,2.0313,-0.0770,-0.0809,-1.12681,0.90
128,0,0.500,7.4249,-30.9504,-0.2405,1.7400,4.0300,2.0313,-0.0852,-0.0769,-1.12675,0.90
128,0,0.600,7.4160,-30.9579,-0.2407,1.7400,4.0300,2.0313,-0.0938,-0.0719,-1.12676,0.90
128,0,0.700,7.4061,-30.9649,-0.2409,1.7400,4.0300,2.0313,-0.1027,-0.0669,-1.12674,0.90
128,0,0.800,7.3954,-30.9713,-0.2410,1.7400,4.0300,2.0313,-0.1111,-0.0629,-1.12677,0.90
128,0,0.900,7.3839,-30.9774,-0.2412,1.7400,4.0300,2.0313,-0.1173,-0.0593,-1.12677,0.90
128,0,1.000,7.3719,-30.9832,-0.2414,1.7400,4.0300,2.0313,-0.1199,-0.0552,-1.12681,0.90
128,0,1.100,7.3599,-30.9885,-0.2415,1.7400,4.0300,2.0313,-0.1185,-0.0505,-1.12685,0.90
128,0,1.200,7.3483,-30.9933,-0.2417,1.7400,4.0300,2.0313,-0.1118,-0.0447,-1.12685,0.90
128,0,1.300,7.3375,-30.9974,-0.2418,1.7400,4.0300,2.0313,-0.1009,-0.0384,-1.12687,0.90
128,0,1.400,7.3280,-31.0010,-0.2419,1.7400,4.0300,2.0313,-0.0880,-0.0323,-1.12687,0.90
128,0,1.500,7.3200,-31.0039,-0.2420,1.7400,4.0300,2.0313,-0.0725,-0.0261,-1.12694,0.90
128,0,1.600,7.3136,-31.0062,-0.2420,1.7400,4.0300,2.0313,-0.0552,-0.0202,-1.12697,0.90
128,0,1.700,7.3089,-31.0079,-0.2421,1.7400,4.0300,2.0313,-0.0375,-0.0149,-1.12697,0.90
128,0,1.800,7.3060,-31.0092,-0.2421,1.7400,4.0300,2.0313,-0.0197,-0.0106,-1.12701,0.90
128,0,1.900,7.3050,-31.0100,-0.2422,1.7400,4.0300,2.0313,-0.0026,-0.0075,-1.12695,0.90
128,0,2.000,7.3055,-31.0107,-0.2422,1.7400,4.0300,2.0313,0.0141,-0.0050,-1.12685,0.90
128,0,2.100,7.3078,-31.0110,-0.2422,1.7400,4.0300,2.0313,0.0309,-0.0024,-1.12674,0.90
128,0,2.200,7.3117,-31.0111,-0.2422,1.7400,4.0300,2.0313,0.0458,-0.0004,-1.12666,0.90
128,0,2.300,7.3170,-31.0111,-0.2421,1.7400,4.0300,2.0313,0.0575,0.0002,-1.12649,0.90
128,0,2.400,7.3232,-31.0111,-0.2421,1.7400,4.0300,2.0313,0.0653,-0.0011,-1.12641,0.90
128,0,2.500,7.3300,-31.0113,-0.2421,1.7400,4.0300,2.0313,0.0694,-0.0044,-1.12638,0.90
128,0,2.600,7.3371,-31.0120,-0.2421,1.7400,4.0300,2.0313,0.0700,-0.0093,-1.12631,0.90
128,0,2.700,7.3440,-31.0132,-0.2421,1.7400,4.0300,2.0313,0.0676,-0.0157,-1.12632,0.90
128,0,2.800,7.3506,-31.0151,-0.2422,1.7400,4.0300,2.0313,0.0634,-0.0230,-1.12633,0.90
128,0,2.900,7.3567,-31.0178,-0.2422,1.7400,4.0300,2.0313,0.0569,-0.0303,-1.12637,0.90
128,0,3.000,7.3620,-31.0212,-0.2423,1.7400,4.0300,2.0313,0.0488,-0.0371,-1.12638,0.90
128,0,3.100,7.3665,-31.0252,-0.2424,1.7400,4.0300,2.0313,0.0404,-0.0433,-1.12641,0.90
128,0,3.200,7.3701,-31.0298,-0.2425,1.7400,4.0300,2.0313,0.0319,-0.0480,-1.12639,0.90
128,0,3.300,7.3728,-31.0348,-0.2426,1.7400,4.0300,2.0313,0.0237,-0.0509,-1.12634,0.90
128,0,3.400,7.3748,-31.0400,-0.2427,1.7400,4.0300,2.0313,0.0164,-0.0522,-1.12637,0.90
128,0,3.500,7.3761,-31.0452,-0.2429,1.7400,4.0300,2.0313,0.0102,-0.0519,-1.12636,0.90
128,0,3.600,7.3769,-31.0504,-0.2430,1.7400,4.0300,2.0313,0.0054,-0.0505,-1.12632,0.90
128,0,3.700,7.3772,-31.0554,-0.2431,1.7400,4.0300,2.0313,0.0014,-0.0486,-1.12627,0.90
128,0,3.800,7.3771,-31.0601,-0.2432,1.7400,4.0300,2.0313,-0.0010,-0.0458,-1.12622,0.90
128,0,3.900,7.3770,-31.0645,-0.2433,1.7400,4.0300,2.0313,-0.0008,-0.0413,-1.12620,0.90
128,0,4.000,7.3770,-31.0684,-0.2434,1.7400,4.0300,2.0313,0.0016,-0.0356,-1.12616,0.90
128,0,4.100,7.3773,-31.0716,-0.2435,1.7400,4.0300,2.0313,0.0056,-0.0300,-1.12617,0.90
128,0,4.200,7.3781,-31.0744,-0.2436,1.7400,4.0300,2.0313,0.0109,-0.0250,-1.12622,0.90
128,0,4.300,7.3795,-31.0766,-0.2436,1.7400,4.0300,2.0313,0.0169,-0.0205,-1.12625,0.90
128,0,4.400,7.3815,-31.0785,-0.2437,1.7400,4.0300,2.0313,0.0235,-0.0168,-1.12627,0.90
128,0,4.500,7.3842,-31.0800,-0.2437,1.7400,4.0300,2.0313,0.0299,-0.0139,-1.12630,0.90
128,0,4.600,7.3874,-31.0813,-0.2438,1.7400,4.0300,2.0313,0.0350,-0.0123,-1.12630,0.90
128,0,4.700,7.3912,-31.0825,-0.2438,1.7400,4.0300,2.0313,0.0381,-0.0125,-1.12630,0.90
128,0,4.800,7.3951,-31.0837,-0.2438,1.7400,4.0300,2.0313,0.0395,-0.0137,-1.12630,0.90
128,0,4.900,7.3991,-31.0852,-0.2438,1.7400,4.0300,2.0313,0.0398,-0.0155,-1.12629,0.90
128,0,5.000,7.4030,-31.0868,-0.2439,1.7400,4.0300,2.0313,0.0393,-0.0175,-1.12630,0.90
128,0,5.100,7.4069,-31.0887,-0.2439,1.7400,4.0300,2.0313,0.0388,-0.0195,-1.12630,0.90
128,0,5.200,7.4108,-31.0907,-0.2440,1.7400,4.0300,2.0313,0.0383,-0.0213,-1.12629,0.90
128,0,5.300,7.4146,-31.0930,-0.2440,1.7400,4.0300,2.0313,0.0378,-0.0230,-1.12628,0.90
128,0,5.400,7.4183,-31.0953,-0.2441,1.7400,4.0300,2.0313,0.0364,-0.0243,-1.12623,0.90
128,0,5.503,7.4220,-31.0979,-0.2442,1.7400,4.0300,2.0313,0.0354,-0.0263,-1.12620,0.90
128,0,5.600,7.4254,-31.1006,-0.2442,1.7400,4.0300,2.0313,0.0332,-0.0282,-1.12615,0.90
128,0,5.700,7.4285,-31.1034,-0.2443,1.7400,4.0300,2.0313,0.0289,-0.0295,-1.12614,0.90
128,0,5.800,7.4312,-31.1065,-0.2444,1.7400,4.0300,2.0313,0.0240,-0.0316,-1.12615,0.90
128,0,5.900,7.4333,-31.1098,-0.2445,1.7400,4.0300,2.0313,0.0176,-0.0335,-1.12614,0.90
128,0,6.000,7.4347,-31.1132,-0.2446,1.7400,4.0300,2.0313,0.0100,-0.0349,-1.12614,0.90
128,0,6.100,7.4353,-31.1167,-0.2447,1.7400,4.0300,2.0313,0.0016,-0.0357,-1.12620,0.90
128,0,6.200,7.4350,-31.1203,-0.2448,1.7400,4.0300,2.0313,-0.0077,-0.0359,-1.12622,0.90
128,0,6.300,7.4338,-31.1239,-0.2449,1.7400,4.0300,2.0313,-0.0175,-0.0352,-1.12625,0.90
128,0,6.400,7.4315,-31.1274,-0.2450,1.7400,4.0300,2.0313,-0.0267,-0.0338,-1.12630,0.90
128,0,6.500,7.4284,-31.1307,-0.2451,1.7400,4.0300,2.0313,-0.0341,-0.0313,-1.12635,0.90
128,0,6.603,7.4246,-31.1338,-0.2452,1.7400,4.0300,2.0313,-0.0423,-0.0297,-1.12637,0.90
128,0,6.700,7.4200,-31.1366,-0.2452,1.7400,4.0300,2.0313,-0.0504,-0.0282,-1.12641,0.90
128,0,6.800,7.4147,-31.1393,-0.2453,1.7400,4.0300,2.0313,-0.0568,-0.0261,-1.12642,0.90
128,0,6.900,7.4086,-31.1418,-0.2453,1.7400,4.0300,2.0313,-0.0640,-0.0251,-1.12642,0.90
128,0,7.000,7.4019,-31.1443,-0.2453,1.7400,4.0300,2.0313,-0.0702,-0.0246,-1.12644,0.90
128,0,7.100,7.3946,-31.1468,-0.2453,1.7400,4.0300,2.0313,-0.0754,-0.0249,-1.12645,0.90
128,0,7.200,7.3868,-31.1493,-0.2453,1.7400,4.0300,2.0313,-0.0795,-0.0260,-1.12654,0.90
128,0,7.300,7.3787,-31.1520,-0.2452,1.7400,4.0300,2.0313,-0.0820,-0.0277,-1.12653,0.90
128,0,7.400,7.3704,-31.1548,-0.2452,1.7400,4.0300,2.0313,-0.0829,-0.0300,-1.12688,0.90
128,0,7.500,7.3621,-31.1580,-0.2451,1.7400,4.0300,2.0313,-0.0828,-0.0331,-1.12682,0.90
128,0,7.600,7.3538,-31.1615,-0.2451,1.7400,4.0300,2.0313,-0.0816,-0.0370,-1.12691,0.90
128,0,7.700,7.3458,-31.1654,-0.2450,1.7400,4.0300,2.0313,-0.0789,-0.0415,-1.12659,0.90
128,0,7.800,7.3381,-31.1697,-0.2450,1.7400,4.0300,2.0313,-0.0746,-0.0466,-1.12663,0.90
128,0,7.900,7.3308,-31.1747,-0.2449,1.7400,4.0300,2.0313,-0.0694,-0.0529,-1.12659,0.90
128,0,8.000,7.3242,-31.1803,-0.2449,1.7400,4.0300,2.0313,-0.0625,-0.0602,-1.12665,0.90
128,0,8.100,7.3183,-31.1867,-0.2448,1.7400,4.0300,2.0313,-0.0539,-0.0689,-1.12656,0.90
128,0,8.200,7.3134,-31.1941,-0.2448,1.7400,4.0300,2.0313,-0.0445,-0.0778,-1.12565,0.90
128,0,8.300,7.3094,-31.2023,-0.2448,1.7400,4.0300,2.0313,-0.0348,-0.0846,-1.12619,0.90
128,0,8.400,7.3064,-31.2110,-0.2448,1.7400,4.0300,2.0313,-0.0247,-0.0888,-1.12615,0.90
128,0,8.500,7.3045,-31.2200,-0.2448,1.7400,4.0300,2.0313,-0.0148,-0.0910,-1.12621,0.90
128,0,8.600,7.3035,-31.2292,-0.2448,1.7400,4.0300,2.0313,-0.0056,-0.0927,-1.12617,0.90
128,0,8.700,7.3034,-31.2386,-0.2448,1.7400,4.0300,2.0313,0.0029,-0.0935,-1.12605,0.90
128,0,8.800,7.3041,-31.2479,-0.2448,1.7400,4.0300,2.0313,0.0107,-0.0932,-1.12689,0.90
128,0,8.900,7.3055,-31.2572,-0.2449,1.7400,4.0300,2.0313,0.0178,-0.0929,-1.12707,0.90
128,0,9.000,7.3076,-31.2665,-0.2449,1.7400,4.0300,2.0313,0.0243,-0.0915,-1.12749,0.90
128,0,9.100,7.3103,-31.2755,-0.2449,1.7400,4.0300,2.0313,0.0299,-0.0892,-1.12777,0.90
128,0,9.200,7.3136,-31.2843,-0.2449,1.7400,4.0300,2.0313,0.0352,-0.0868,-1.12766,0.90
128,0,9.300,7.3174,-31.2928,-0.2450,1.7400,4.0300,2.0313,0.0397,-0.0833,-1.12619,0.90
128,0,9.400,7.3215,-31.3010,-0.2450,1.7400,4.0300,2.0313,0.0433,-0.0789,-1.12720,0.90
128,0,9.500,7.3261,-31.3087,-0.2450,1.7400,4.0300,2.0313,0.0465,-0.0741,-1.12684,0.90
128,0,9.600,7.3309,-31.3158,-0.2451,1.7400,4.0300,2.0313,0.0493,-0.0687,-1.12630,0.90
128,0,9.700,7.3359,-31.3224,-0.2451,1.7400,4.0300,2.0313,0.0521,-0.0622,-1.12631,0.90
128,0,9.800,7.3413,-31.3282,-0.2451,1.7400,4.0300,2.0313,0.0556,-0.0546,-1.12630,0.90
128,0,9.900,7.3470,-31.3333,-0.2451,1.7400,4.0300,2.0313,0.0607,-0.0469,-1.12629,0.90
128,0,10.000,7.3534,-31.3376,-0.2451,1.7400,4.0300,2.0313,0.0661,-0.0390,-1.12650,0.90
128,0,10.100,7.3602,-31.3411,-0.2451,1.7400,4.0300,2.0313,0.0709,-0.0314,-1.12634,0.90
128,0,10.200,7.3676,-31.3439,-0.2451,1.7400,4.0300,2.0313,0.0759,-0.0243,-1.12675,0.90
128,0,10.300,7.3754,-31.3460,-0.2451,1.7400,4.0300,2.0313,0.0803,-0.0175,-1.12635,0.90
128,0,10.400,7.3836,-31.3474,-0.2451,1.7400,4.0300,2.0313,0.0841,-0.0111,-1.12634,0.90
128,0,10.500,7.3922,-31.3482,-0.2451,1.7400,4.0300,2.0313,0.0878,-0.0049,-1.12633,0.90
128,0,10.600,7.4012,-31.3484,-0.2451,1.7400,4.0300,2.0313,0.0916,0.0008,-1.12670,0.90
128,0,10.700,7.4105,-31.3480,-0.2450,1.7400,4.0300,2.0313,0.0948,0.0063,-1.12673,0.90
128,0,10.800,7.4202,-31.3471,-0.2450,1.7400,4.0300,2.0313,0.0974,0.0115,-1.12668,0.90
128,0,10.900,7.4300,-31.3457,-0.2450,1.7400,4.0300,2.0313,0.1003,0.0164,-1.12642,0.90
128,0,11.000,7.4402,-31.3438,-0.2449,1.7400,4.0300,2.0313,0.1026,0.0210,-1.12633,0.90
128,0,11.100,7.4505,-31.3415,-0.2449,1.7400,4.0300,2.0313,0.1043,0.0253,-1.12634,0.90
128,0,11.200,7.4611,-31.3388,-0.2448,1.7400,4.0300,2.0313,0.1064,0.0294,-1.12613,0.90
128,0,11.300,7.4718,-31.3356,-0.2447,1.7400,4.0300,2.0313,0.1079,0.0332,-1.12599,0.90
128,0,11.400,7.4826,-31.3322,-0.2446,1.7400,4.0300,2.0313,0.1087,0.0366,-1.12588,0.90
128,0,11.500,7.4936,-31.3283,-0.2446,1.7400,4.0300,2.0313,0.1096,0.0399,-1.12576,0.90
128,0,11.600,7.5046,-31.3242,-0.2445,1.7400,4.0300,2.0313,0.1107,0.0430,-1.12561,0.90
128,0,11.700,7.5157,-31.3197,-0.2444,1.7400,4.0300,2.0313,0.1111,0.0458,-1.12570,0.90
128,0,11.800,7.5268,-31.3150,-0.2443,1.7400,4.0300,2.0313,0.1108,0.0481,-1.12570,0.90
128,0,11.900,7.5379,-31.3101,-0.2441,1.7400,4.0300,2.0313,0.1111,0.0506,-1.12561,0.90
128,0,12.000,7.5490,-31.3049,-0.2440,1.7400,4.0300,2.0313,0.1107,0.0526,-1.12599,0.90
128,0,12.100,7.5600,-31.2996,-0.2439,1.7400,4.0300,2.0313,0.1096,0.0543,-1.12597,0.90
128,0,12.200,7.5709,-31.2940,-0.2437,1.7400,4.0300,2.0313,0.1089,0.0559,-1.12596,0.90
128,0,12.300,7.5818,-31.2884,-0.2436,1.7400,4.0300,2.0313,0.1085,0.0576,-1.12592,0.90
128,0,12.400,7.5926,-31.2825,-0.2434,1.7400,4.0300,2.0313,0.1079,0.0589,-1.12578,0.90
128,0,12.500,7.6034,-31.2766,-0.2432,1.7400,4.0300,2.0313,0.1070,0.0599,-1.12577,0.90
128,0,12.600,7.6140,-31.2705,-0.2431,1.7400,4.0300,2.0313,0.1068,0.0612,-1.12589,0.90
128,0,12.700,7.6247,-31.2644,-0.2429,1.7400,4.0300,2.0313,0.1064,0.0621,-1.12588,0.90
128,0,12.800,7.6353,-31.2581,-0.2427,1.7400,4.0300,2.0313,0.1057,0.0626,-1.12585,0.90
128,0,12.900,7.6459,-31.2518,-0.2425,1.7400,4.0300,2.0313,0.1058,0.0634,-1.12581,0.90
128,0,13.000,7.6564,-31.2455,-0.2423,1.7400,4.0300,2.0313,0.1055,0.0639,-1.12587,0.90
128,0,13.100,7.6670,-31.2391,-0.2421,1.7400,4.0300,2.0313,0.1050,0.0641,-1.12587,0.90
128,0,13.200,7.6775,-31.2326,-0.2419,1.7400,4.0300,2.0313,0.1053,0.0645,-1.12586,0.90
128,0,13.300,7.6880,-31.2262,-0.2417,1.7400,4.0300,2.0313,0.1056,0.0648,-1.12591,0.90
129,0,7.900,-110.1568,233.3718,2.2412,1.9109,6.0315,1.9775,-0.0927,0.2522,-1.35946,0.90
129,0,8.000,-110.1660,233.3969,2.2421,1.9109,6.0315,1.9775,-0.0922,0.2506,-1.35907,0.90
129,0,8.100,-110.1752,233.4219,2.2430,1.9109,6.0315,1.9775,-0.0914,0.2475,-1.35941,0.90
129,0,8.200,-110.1844,233.4465,2.2438,1.9109,6.0315,1.9775,-0.0906,0.2439,-1.35916,0.90
129,0,8.300,-110.1934,233.4707,2.2447,1.9109,6.0315,1.9775,-0.0898,0.2393,-1.35904,0.90
129,0,8.400,-110.2023,233.4943,2.2455,1.9109,6.0315,1.9775,-0.0882,0.2316,-1.35896,0.90
129,0,8.500,-110.2110,233.5170,2.2464,1.9109,6.0315,1.9775,-0.0858,0.2209,-1.35928,0.90
129,0,8.600,-110.2195,233.5386,2.2471,1.9109,6.0315,1.9775,-0.0836,0.2093,-1.35895,0.90
129,0,8.700,-110.2277,233.5588,2.2479,1.9109,6.0315,1.9775,-0.0807,0.1947,-1.35879,0.90
129,0,8.800,-110.2356,233.5775,2.2486,1.9109,6.0315,1.9775,-0.0769,0.1751,-1.35874,0.90
129,0,8.900,-110.2431,233.5939,2.2492,1.9109,6.0315,1.9775,-0.0733,0.1482,-1.35878,0.90
129,0,9.000,-110.2502,233.6071,2.2497,1.9109,6.0315,1.9775,-0.0698,0.1096,-1.35884,0.90
129,0,9.100,-110.2570,233.6158,2.2501,1.9109,6.0315,1.9775,-0.0677,0.0666,-1.35888,0.90
129,0,9.200,-110.2638,233.6204,2.2503,1.9109,6.0315,1.9775,-0.0691,0.0309,-1.35892,0.90
129,0,9.300,-110.2709,233.6220,2.2505,1.9109,6.0315,1.9775,-0.0734,0.0042,-1.35896,0.90
129,0,9.400,-110.2785,233.6212,2.2506,1.9109,6.0315,1.9775,-0.0799,-0.0165,-1.35901,0.90
129,0,9.500,-110.2869,233.6187,2.2507,1.9109,6.0315,1.9775,-0.0892,-0.0358,-1.35906,0.90
129,0,9.600,-110.2963,233.6141,2.2508,1.9109,6.0315,1.9775,-0.1015,-0.0588,-1.35909,0.90
129,0,9.700,-110.3071,233.6069,2.2508,1.9109,6.0315,1.9775,-0.1144,-0.0815,-1.35906,0.90
129,0,9.800,-110.3192,233.5978,2.2508,1.9109,6.0315,1.9775,-0.1259,-0.0972,-1.35903,0.90
129,0,9.900,-110.3324,233.5874,2.2507,1.9109,6.0315,1.9775,-0.1372,-0.1070,-1.35903,0.90
129,0,10.000,-110.3466,233.5764,2.2507,1.9109,6.0315,1.9775,-0.1471,-0.1099,-1.35910,0.90
129,0,10.100,-110.3618,233.5655,2.2507,1.9109,6.0315,1.9775,-0.1556,-0.1058,-1.35918,0.90
129,0,10.200,-110.3778,233.5552,2.2508,1.9109,6.0315,1.9775,-0.1641,-0.0957,-1.35916,0.90
129,0,10.300,-110.3945,233.5464,2.2509,1.9109,6.0315,1.9775,-0.1690,-0.0727,-1.35914,0.90
129,0,10.400,-110.4115,233.5407,2.2511,1.9109,6.0315,1.9775,-0.1681,-0.0336,-1.35913,0.90
129,0,10.500,-110.4282,233.5396,2.2514,1.9109,6.0315,1.9775,-0.1628,0.0158,-1.35912,0.90
129,0,10.600,-110.4442,233.5439,2.2520,1.9109,6.0315,1.9775,-0.1538,0.0703,-1.35912,0.90
129,0,10.700,-110.4589,233.5537,2.2526,1.9109,6.0315,1.9775,-0.1399,0.1235,-1.35913,0.90
129,0,10.800,-110.4721,233.5686,2.2534,1.9109,6.0315,1.9775,-0.1213,0.1696,-1.35914,0.90
129,0,10.900,-110.4832,233.5876,2.2543,1.9109,6.0315,1.9775,-0.0997,0.2049,-1.35913,0.90
129,0,11.000,-110.4920,233.6095,2.2552,1.9109,6.0315,1.9775,-0.0752,0.2329,-1.35909,0.90
129,0,11.100,-110.4983,233.6342,2.2562,1.9109,6.0315,1.9775,-0.0493,0.2581,-1.35905,0.90
129,0,11.200,-110.5019,233.6612,2.2572,1.9109,6.0315,1.9775,-0.0242,0.2813,-1.35898,0.90
129,0,11.300,-110.5031,233.6903,2.2582,1.9109,6.0315,1.9775,-0.0005,0.2974,-1.35892,0.90
129,0,11.400,-110.5020,233.7206,2.2591,1.9109,6.0315,1.9775,0.0212,0.3004,-1.35889,0.90
129,0,11.500,-110.4989,233.7505,2.2601,1.9109,6.0315,1.9775,0.0395,0.2954,-1.35888,0.90
129,0,11.600,-110.4941,233.7798,2.2609,1.9109,6.0315,1.9775,0.0542,0.2851,-1.35885,0.90
129,0,11.700,-110.4880,233.8075,2.2617,1.9109,6.0315,1.9775,0.0645,0.2681,-1.35884,0.90
129,0,11.800,-110.4812,233.8334,2.2624,1.9109,6.0315,1.9775,0.0688,0.2509,-1.35881,0.90
129,0,11.900,-110.4743,233.8578,2.2631,1.9109,6.0315,1.9775,0.0667,0.2340,-1.35876,0.90
129,0,12.000,-110.4679,233.8801,2.2637,1.9109,6.0315,1.9775,0.0610,0.2104,-1.35872,0.90
129,0,12.100,-110.4621,233.8998,2.2642,1.9109,6.0315,1.9775,0.0530,0.1868,-1.35871,0.90
129,0,12.200,-110.4573,233.9175,2.2647,1.9109,6.0315,1.9775,0.0425,0.1687,-1.35869,0.90
129,0,12.300,-110.4536,233.9336,2.2651,1.9109,6.0315,1.9775,0.0293,0.1579,-1.35867,0.90
129,0,12.400,-110.4514,233.9491,2.2655,1.9109,6.0315,1.9775,0.0113,0.1548,-1.35867,0.90
129,0,12.500,-110.4513,233.9645,2.2660,1.9109,6.0315,1.9775,-0.0075,0.1522,-1.35866,0.90
129,0,12.600,-110.4529,233.9796,2.2665,1.9109,6.0315,1.9775,-0.0243,0.1523,-1.35866,0.90
129,0,12.700,-110.4561,233.9949,2.2671,1.9109,6.0315,1.9775,-0.0420,0.1613,-1.35864,0.90
129,0,12.800,-110.4613,234.0118,2.2677,1.9109,6.0315,1.9775,-0.0623,0.1785,-1.35864,0.90
129,0,12.900,-110.4686,234.0307,2.2685,1.9109,6.0315,1.9775,-0.0866,0.1971,-1.35863,0.90
129,0,13.000,-110.4786,234.0512,2.2693,1.9109,6.0315,1.9775,-0.1098,0.2073,-1.35862,0.90
129,0,13.100,-110.4906,234.0721,2.2702,1.9109,6.0315,1.9775,-0.1285,0.2098,-1.35862,0.90
129,0,13.200,-110.5043,234.0932,2.2712,1.9109,6.0315,1.9775,-0.1456,0.2067,-1.35863,0.90
129,0,13.300,-110.5196,234.1134,2.2721,1.9109,6.0315,1.9775,-0.1573,0.1966,-1.35864,0.90
129,0,13.400,-110.5357,234.1325,2.2731,1.9109,6.0315,1.9775,-0.1613,0.1848,-1.35866,0.90
129,0,13.500,-110.5520,234.1504,2.2740,1.9109,6.0315,1.9775,-0.1605,0.1763,-1.35871,0.90
129,0,13.600,-110.5679,234.1678,2.2749,1.9109,6.0315,1.9775,-0.1560,0.1691,-1.35872,0.90
129,0,13.700,-110.5831,234.1842,2.2757,1.9109,6.0315,1.9775,-0.1477,0.1575,-1.35871,0.90
129,0,13.800,-110.5974,234.1992,2.2765,1.9109,6.0315,1.9775,-0.1394,0.1489,-1.35869,0.90
129,0,13.900,-110.6111,234.2140,2.2773,1.9109,6.0315,1.9775,-0.1343,0.1468,-1.35869,0.90
129,0,14.000,-110.6242,234.2285,2.2781,1.9109,6.0315,1.9775,-0.1301,0.1386,-1.35869,0.90
129,0,14.100,-110.6370,234.2417,2.2788,1.9109,6.0315,1.9775,-0.1278,0.1236,-1.35869,0.90
129,0,14.200,-110.6498,234.2533,2.2795,1.9109,6.0315,1.9775,-0.1299,0.1061,-1.35869,0.90
129,0,14.300,-110.6631,234.2630,2.2801,1.9109,6.0315,1.9775,-0.1314,0.0798,-1.35869,0.90
129,0,14.400,-110.6761,234.2693,2.2806,1.9109,6.0315,1.9775,-0.1263,0.0380,-1.35869,0.90
129,0,14.500,-110.6883,234.2706,2.2809,1.9109,6.0315,1.9775,-0.1158,-0.0148,-1.35869,0.90
129,0,14.600,-110.6993,234.2663,2.2810,1.9109,6.0315,1.9775,-0.1039,-0.0688,-1.35869,0.90
129,0,14.700,-110.7090,234.2568,2.2809,1.9109,6.0315,1.9775,-0.0909,-0.1206,-1.35869,0.90
129,0,14.800,-110.7174,234.2422,2.2806,1.9109,6.0315,1.9775,-0.0784,-0.1654,-1.35869,0.90
129,0,14.900,-110.7247,234.2237,2.2802,1.9109,6.0315,1.9775,-0.0700,-0.1933,-1.35869,0.90
129,0,15.000,-110.7314,234.2036,2.2797,1.9109,6.0315,1.9775,-0.0655,-0.1986,-1.35869,0.90
129,0,15.100,-110.7378,234.1840,2.2793,1.9109,6.0315,1.9775,-0.0639,-0.1882,-1.35870,0.90
129,0,15.200,-110.7442,234.1659,2.2789,1.9109,6.0315,1.9775,-0.0645,-0.1709,-1.35870,0.90
129,0,15.300,-110.7508,234.1498,2.2785,1.9109,6.0315,1.9775,-0.0663,-0.1539,-1.35870,0.90
129,0,15.400,-110.7575,234.1351,2.2782,1.9109,6.0315,1.9775,-0.0672,-0.1423,-1.35870,0.90
129,0,15.500,-110.7642,234.1214,2.2780,1.9109,6.0315,1.9775,-0.0667,-0.1380,-1.35871,0.90
129,0,15.600,-110.7708,234.1075,2.2777,1.9109,6.0315,1.9775,-0.0662,-0.1383,-1.35871,0.90
130,0,0.000,16.8362,-82.0746,-1.5039,1.7400,5.3654,1.8091,-0.0431,-0.0414,0.58489,0.90
130,0,0.100,16.8319,-82.0787,-1.5038,1.7400,5.3654,1.8091,-0.0440,-0.0417,0.58488,0.90
130,0,0.200,16.8274,-82.0829,-1.5038,1.7400,5.3654,1.8091,-0.0472,-0.0427,0.58488,0.90
130,0,0.300,16.8225,-82.0872,-1.5037,1.7400,5.3654,1.8091,-0.0549,-0.0457,0.58489,0.90
130,0,0.400,16.8164,-82.0920,-1.5035,1.7400,5.3654,1.8091,-0.0683,-0.0518,0.58484,0.90
130,0,0.500,16.8088,-82.0976,-1.5034,1.7400,5.3654,1.8091,-0.0868,-0.0610,0.58491,0.90
130,0,0.600,16.7991,-82.1042,-1.5032,1.7400,5.3654,1.8091,-0.1097,-0.0732,0.58489,0.90
130,0,0.700,16.7868,-82.1123,-1.5029,1.7400,5.3654,1.8091,-0.1353,-0.0876,0.58492,0.90
130,0,0.800,16.7720,-82.1218,-1.5027,1.7400,5.3654,1.8091,-0.1610,-0.1032,0.58488,0.90
130,0,0.900,16.7547,-82.1329,-1.5023,1.7400,5.3654,1.8091,-0.1834,-0.1181,0.58489,0.90
130,0,1.000,16.7353,-82.1454,-1.5020,1.7400,5.3654,1.8091,-0.2003,-0.1313,0.58484,0.90
130,0,1.100,16.7145,-82.1592,-1.5016,1.7400,5.3654,1.8091,-0.2116,-0.1426,0.58480,0.90
130,0,1.200,16.6931,-82.1739,-1.5012,1.7400,5.3654,1.8091,-0.2155,-0.1502,0.58480,0.90
130,0,1.300,16.6715,-82.1892,-1.5009,1.7400,5.3654,1.8091,-0.2130,-0.1545,0.58478,0.90
130,0,1.400,16.6504,-82.2048,-1.5005,1.7400,5.3654,1.8091,-0.2074,-0.1575,0.58479,0.90
130,0,1.500,16.6301,-82.2206,-1.5002,1.7400,5.3654,1.8091,-0.1979,-0.1581,0.58471,0.90
130,0,1.600,16.6109,-82.2364,-1.5000,1.7400,5.3654,1.8091,-0.1847,-0.1564,0.58468,0.90
130,0,1.700,16.5931,-82.2520,-1.4998,1.7400,5.3654,1.8091,-0.1695,-0.1535,0.58468,0.90
130,0,1.800,16.5769,-82.2672,-1.4996,1.7400,5.3654,1.8091,-0.1537,-0.1502,0.58464,0.90
130,0,1.900,16.5624,-82.2820,-1.4995,1.7400,5.3654,1.8091,-0.1341,-0.1435,0.58470,0.90
130,0,2.000,16.5501,-82.2958,-1.4994,1.7400,5.3654,1.8091,-0.1101,-0.1331,0.58481,0.90
130,0,2.100,16.5403,-82.3087,-1.4993,1.7400,5.3654,1.8091,-0.0850,-0.1225,0.58491,0.90
130,0,2.200,16.5331,-82.3203,-1.4994,1.7400,5.3654,1.8091,-0.0584,-0.1106,0.58499,0.90
130,0,2.300,16.5286,-82.3307,-1.4994,1.7400,5.3654,1.8091,-0.0301,-0.0963,0.58517,0.90
130,0,2.400,16.5271,-82.3396,-1.4995,1.7400,5.3654,1.8091,0.0016,-0.0784,0.58525,0.90
130,0,2.500,16.5290,-82.3464,-1.4997,1.7400,5.3654,1.8091,0.0379,-0.0558,0.58528,0.90
130,0,2.600,16.5346,-82.3508,-1.4999,1.7400,5.3654,1.8091,0.0775,-0.0284,0.58535,0.90
130,0,2.700,16.5444,-82.3521,-1.5002,1.7400,5.3654,1.8091,0.1192,0.0027,0.58533,0.90
130,0,2.800,16.5585,-82.3502,-1.5005,1.7400,5.3654,1.8091,0.1616,0.0354,0.58532,0.90
130,0,2.900,16.5767,-82.3450,-1.5009,1.7400,5.3654,1.8091,0.1989,0.0665,0.58528,0.90
130,0,3.000,16.5983,-82.3369,-1.5014,1.7400,5.3654,1.8091,0.2272,0.0927,0.58528,0.90
130,0,3.100,16.6222,-82.3265,-1.5018,1.7400,5.3654,1.8091,0.2477,0.1143,0.58525,0.90
130,0,3.200,16.6477,-82.3141,-1.5023,1.7400,5.3654,1.8091,0.2578,0.1300,0.58553,0.90
130,0,3.300,16.6737,-82.3005,-1.5028,1.7400,5.3654,1.8091,0.2575,0.1394,0.58547,0.90
130,0,3.400,16.6993,-82.2862,-1.5033,1.7400,5.3654,1.8091,0.2493,0.1439,0.58528,0.90
130,0,3.500,16.7235,-82.2718,-1.5037,1.7400,5.3654,1.8091,0.2305,0.1420,0.58529,0.90
130,0,3.600,16.7454,-82.2578,-1.5041,1.7400,5.3654,1.8091,0.2061,0.1364,0.58533,0.90
130,0,3.700,16.7648,-82.2444,-1.5044,1.7400,5.3654,1.8091,0.1857,0.1322,0.58538,0.90
130,0,3.800,16.7826,-82.2313,-1.5047,1.7400,5.3654,1.8091,0.1708,0.1295,0.58544,0.90
130,0,3.900,16.7989,-82.2186,-1.5049,1.7400,5.3654,1.8091,0.1612,0.1275,0.58546,0.90
130,0,4.000,16.8148,-82.2058,-1.5051,1.7400,5.3654,1.8091,0.1548,0.1259,0.58549,0.90
130,0,4.100,16.8300,-82.1933,-1.5053,1.7400,5.3654,1.8091,0.1477,0.1234,0.58548,0.90
130,0,4.200,16.8443,-82.1812,-1.5055,1.7400,5.3654,1.8091,0.1351,0.1168,0.58543,0.90
130,0,4.300,16.8569,-82.1700,-1.5057,1.7400,5.3654,1.8091,0.1191,0.1078,0.58555,0.90
130,0,4.400,16.8682,-82.1596,-1.5058,1.7400,5.3654,1.8091,0.1067,0.1012,0.58538,0.90
130,0,4.500,16.8783,-82.1498,-1.5059,1.7400,5.3654,1.8091,0.0966,0.0958,0.58536,0.90
130,0,4.600,16.8875,-82.1405,-1.5060,1.7400,5.3654,1.8091,0.0889,0.0917,0.58535,0.90
130,0,4.700,16.8961,-82.1314,-1.5061,1.7400,5.3654,1.8091,0.0829,0.0887,0.58536,0.90
130,0,4.800,16.9041,-82.1227,-1.5062,1.7400,5.3654,1.8091,0.0773,0.0859,0.58498,0.90
130,0,4.900,16.9115,-82.1143,-1.5062,1.7400,5.3654,1.8091,0.0715,0.0826,0.58496,0.90
130,0,5.000,16.9184,-82.1062,-1.5062,1.7400,5.3654,1.8091,0.0656,0.0789,0.58492,0.90
130,0,5.100,16.9247,-82.0985,-1.5062,1.7400,5.3654,1.8091,0.0602,0.0756,0.58508,0.90
130,0,5.200,16.9304,-82.0911,-1.5062,1.7400,5.3654,1.8091,0.0546,0.0718,0.58536,0.90
130,0,5.300,16.9356,-82.0841,-1.5062,1.7400,5.3654,1.8091,0.0494,0.0677,0.58538,0.90
130,0,5.400,16.9403,-82.0775,-1.5062,1.7400,5.3654,1.8091,0.0445,0.0629,0.58535,0.90
130,0,5.503,16.9446,-82.0713,-1.5062,1.7400,5.3654,1.8091,0.0418,0.0600,0.58545,0.90
130,0,5.600,16.9486,-82.0655,-1.5062,1.7400,5.3654,1.8091,0.0396,0.0569,0.58550,0.90
130,0,5.700,16.9524,-82.0601,-1.5061,1.7400,5.3654,1.8091,0.0365,0.0521,0.58552,0.90
130,0,5.800,16.9560,-82.0551,-1.5061,1.7400,5.3654,1.8091,0.0348,0.0485,0.58544,0.90
130,0,5.900,16.9593,-82.0504,-1.5061,1.7400,5.3654,1.8091,0.0334,0.0448,0.58545,0.90
130,0,6.000,16.9626,-82.0462,-1.5061,1.7400,5.3654,1.8091,0.0323,0.0410,0.58551,0.90
130,0,6.100,16.9658,-82.0422,-1.5061,1.7400,5.3654,1.8091,0.0316,0.0374,0.58545,0.90
130,0,6.200,16.9690,-82.0387,-1.5061,1.7400,5.3654,1.8091,0.0315,0.0343,0.58544,0.90
130,0,6.300,16.9721,-82.0354,-1.5061,1.7400,5.3654,1.8091,0.0319,0.0317,0.58540,0.90
130,0,6.400,16.9753,-82.0323,-1.5061,1.7400,5.3654,1.8091,0.0323,0.0298,0.58535,0.90
130,0,6.500,16.9786,-82.0294,-1.5061,1.7400,5.3654,1.8091,0.0320,0.0284,0.58530,0.90
130,0,6.603,16.9818,-82.0266,-1.5061,1.7400,5.3654,1.8091,0.0317,0.0278,0.58529,0.90
131,0,0.000,-7.4519,1.7637,0.6514,1.7400,4.0562,1.6245,-0.0768,0.1272,-1.13095,0.90
131,0,0.100,-7.4596,1.7765,0.6516,1.7400,4.0562,1.6245,-0.0769,0.1273,-1.13097,0.90
131,0,0.200,-7.4672,1.7892,0.6518,1.7400,4.0562,1.6245,-0.0762,0.1260,-1.13097,0.90
131,0,0.300,-7.4748,1.8017,0.6520,1.7400,4.0562,1.6245,-0.0750,0.1222,-1.13095,0.90
131,0,0.400,-7.4822,1.8137,0.6522,1.7400,4.0562,1.6245,-0.0742,0.1166,-1.13100,0.90
131,0,0.500,-7.4896,1.8250,0.6524,1.7400,4.0562,1.6245,-0.0727,0.1082,-1.13094,0.90
131,0,0.600,-7.4968,1.8353,0.6526,1.7400,4.0562,1.6245,-0.0703,0.0977,-1.13095,0.90
131,0,0.700,-7.5037,1.8445,0.6528,1.7400,4.0562,1.6245,-0.0675,0.0863,-1.13092,0.90
131,0,0.800,-7.5103,1.8526,0.6529,1.7400,4.0562,1.6245,-0.0645,0.0744,-1.13096,0.90
131,0,0.900,-7.5166,1.8594,0.6530,1.7400,4.0562,1.6245,-0.0607,0.0615,-1.13096,0.90
131,0,1.000,-7.5224,1.8649,0.6532,1.7400,4.0562,1.6245,-0.0563,0.0481,-1.13100,0.90
131,0,1.100,-7.5279,1.8690,0.6532,1.7400,4.0562,1.6245,-0.0521,0.0352,-1.13104,0.90
131,0,1.200,-7.5328,1.8719,0.6533,1.7400,4.0562,1.6245,-0.0479,0.0228,-1.13104,0.90
131,0,1.300,-7.5374,1.8736,0.6533,1.7400,4.0562,1.6245,-0.0442,0.0112,-1.13106,0.90
131,0,1.400,-7.5417,1.8741,0.6533,1.7400,4.0562,1.6245,-0.0418,0.0004,-1.13106,0.90
131,0,1.500,-7.5458,1.8736,0.6533,1.7400,4.0562,1.6245,-0.0400,-0.0097,-1.13113,0.90
131,0,1.600,-7.5497,1.8722,0.6533,1.7400,4.0562,1.6245,-0.0389,-0.0189,-1.13116,0.90
131,0,1.700,-7.5536,1.8699,0.6533,1.7400,4.0562,1.6245,-0.0385,-0.0269,-1.13116,0.90
131,0,1.800,-7.5574,1.8668,0.6532,1.7400,4.0562,1.6245,-0.0383,-0.0337,-1.13120,0.90
131,0,1.900,-7.5612,1.8631,0.6531,1.7400,4.0562,1.6245,-0.0382,-0.0393,-1.13114,0.90
131,0,2.000,-7.5650,1.8590,0.6530,1.7400,4.0562,1.6245,-0.0386,-0.0439,-1.13103,0.90
131,0,2.100,-7.5689,1.8543,0.6529,1.7400,4.0562,1.6245,-0.0394,-0.0478,-1.13093,0.90
131,0,2.200,-7.5729,1.8494,0.6528,1.7400,4.0562,1.6245,-0.0393,-0.0504,-1.13085,0.90
131,0,2.300,-7.5768,1.8443,0.6527,1.7400,4.0562,1.6245,-0.0375,-0.0515,-1.13068,0.90
131,0,2.400,-7.5804,1.8391,0.6526,1.7400,4.0562,1.6245,-0.0342,-0.0515,-1.13059,0.90
131,0,2.500,-7.5836,1.8340,0.6525,1.7400,4.0562,1.6245,-0.0299,-0.0505,-1.13056,0.90
131,0,2.600,-7.5864,1.8290,0.6524,1.7400,4.0562,1.6245,-0.0248,-0.0486,-1.13050,0.90
131,0,2.700,-7.5886,1.8243,0.6523,1.7400,4.0562,1.6245,-0.0194,-0.0460,-1.13051,0.90
131,0,2.800,-7.5903,1.8198,0.6522,1.7400,4.0562,1.6245,-0.0140,-0.0435,-1.13052,0.90
131,0,2.900,-7.5914,1.8156,0.6522,1.7400,4.0562,1.6245,-0.0087,-0.0409,-1.13056,0.90
131,0,3.000,-7.5920,1.8116,0.6521,1.7400,4.0562,1.6245,-0.0036,-0.0385,-1.13056,0.90
131,0,3.100,-7.5921,1.8079,0.6520,1.7400,4.0562,1.6245,0.0011,-0.0366,-1.13060,0.90
131,0,3.200,-7.5918,1.8043,0.6520,1.7400,4.0562,1.6245,0.0053,-0.0350,-1.13058,0.90
131,0,3.300,-7.5910,1.8009,0.6519,1.7400,4.0562,1.6245,0.0090,-0.0335,-1.13053,0.90
131,0,3.400,-7.5900,1.7976,0.6519,1.7400,4.0562,1.6245,0.0124,-0.0325,-1.13056,0.90
131,0,3.500,-7.5886,1.7944,0.6518,1.7400,4.0562,1.6245,0.0155,-0.0316,-1.13055,0.90
131,0,3.600,-7.5869,1.7913,0.6518,1.7400,4.0562,1.6245,0.0186,-0.0309,-1.13051,0.90
131,0,3.700,-7.5848,1.7882,0.6518,1.7400,4.0562,1.6245,0.0219,-0.0309,-1.13046,0.90
131,0,3.800,-7.5825,1.7851,0.6517,1.7400,4.0562,1.6245,0.0255,-0.0321,-1.13040,0.90
131,0,3.900,-7.5797,1.7818,0.6517,1.7400,4.0562,1.6245,0.0293,-0.0340,-1.13038,0.90
131,0,4.000,-7.5766,1.7783,0.6516,1.7400,4.0562,1.6245,0.0334,-0.0363,-1.13035,0.90
131,0,4.100,-7.5731,1.7745,0.6516,1.7400,4.0562,1.6245,0.0378,-0.0393,-1.13036,0.90
131,0,4.200,-7.5691,1.7704,0.6515,1.7400,4.0562,1.6245,0.0421,-0.0425,-1.13041,0.90
131,0,4.300,-7.5646,1.7660,0.6514,1.7400,4.0562,1.6245,0.0462,-0.0456,-1.13043,0.90
131,0,4.400,-7.5598,1.7613,0.6513,1.7400,4.0562,1.6245,0.0505,-0.0492,-1.13046,0.90
131,0,4.500,-7.5545,1.7562,0.6512,1.7400,4.0562,1.6245,0.0547,-0.0525,-1.13049,0.90
131,0,4.600,-7.5489,1.7508,0.6511,1.7400,4.0562,1.6245,0.0586,-0.0553,-1.13049,0.90
131,0,4.700,-7.5428,1.7451,0.6510,1.7400,4.0562,1.6245,0.0625,-0.0575,-1.13048,0.90
131,0,4.800,-7.5364,1.7393,0.6509,1.7400,4.0562,1.6245,0.0662,-0.0593,-1.13049,0.90
131,0,4.900,-7.5296,1.7333,0.6507,1.7400,4.0562,1.6245,0.0694,-0.0604,-1.13048,0.90
131,0,5.000,-7.5225,1.7272,0.6505,1.7400,4.0562,1.6245,0.0717,-0.0606,-1.13049,0.90
131,0,5.100,-7.5152,1.7211,0.6504,1.7400,4.0562,1.6245,0.0738,-0.0602,-1.13049,0.90
131,0,5.200,-7.5078,1.7152,0.6502,1.7400,4.0562,1.6245,0.0747,-0.0587,-1.13048,0.90
131,0,5.300,-7.5003,1.7094,0.6500,1.7400,4.0562,1.6245,0.0742,-0.0562,-1.13047,0.90
131,0,5.400,-7.4929,1.7039,0.6498,1.7400,4.0562,1.6245,0.0714,-0.0525,-1.13042,0.90
131,0,5.503,-7.4858,1.6987,0.6496,1.7400,4.0562,1.6245,0.0693,-0.0501,-1.13039,0.90
131,0,5.600,-7.4790,1.6939,0.6494,1.7400,4.0562,1.6245,0.0656,-0.0473,-1.13034,0.90
131,0,5.700,-7.4729,1.6894,0.6492,1.7400,4.0562,1.6245,0.0584,-0.0427,-1.13033,0.90
131,0,5.800,-7.4673,1.6853,0.6490,1.7400,4.0562,1.6245,0.0512,-0.0387,-1.13034,0.90
131,0,5.900,-7.4626,1.6817,0.6488,1.7400,4.0562,1.6245,0.0428,-0.0344,-1.13033,0.90
131,0,6.000,-7.4588,1.6785,0.6486,1.7400,4.0562,1.6245,0.0335,-0.0307,-1.13033,0.90
131,0,6.100,-7.4559,1.6756,0.6484,1.7400,4.0562,1.6245,0.0238,-0.0278,-1.13039,0.90
131,0,6.200,-7.4540,1.6729,0.6482,1.7400,4.0562,1.6245,0.0138,-0.0255,-1.13040,0.90
131,0,6.300,-7.4532,1.6705,0.6480,1.7400,4.0562,1.6245,0.0037,-0.0232,-1.13044,0.90
131,0,6.400,-7.4533,1.6683,0.6479,1.7400,4.0562,1.6245,-0.0065,-0.0208,-1.13049,0.90
131,0,6.500,-7.4545,1.6663,0.6477,1.7400,4.0562,1.6245,-0.0163,-0.0179,-1.13054,0.90
131,0,6.603,-7.4566,1.6646,0.6475,1.7400,4.0562,1.6245,-0.0260,-0.0150,-1.13055,0.90
131,0,6.700,-7.4596,1.6633,0.6474,1.7400,4.0562,1.6245,-0.0352,-0.0117,-1.13060,0.90
131,0,6.800,-7.4635,1.6623,0.6473,1.7400,4.0562,1.6245,-0.0423,-0.0077,-1.13061,0.90
131,0,6.900,-7.4681,1.6617,0.6471,1.7400,4.0562,1.6245,-0.0488,-0.0042,-1.13060,0.90
131,0,7.000,-7.4733,1.6615,0.6471,1.7400,4.0562,1.6245,-0.0541,-0.0012,-1.13063,0.90
131,0,7.100,-7.4790,1.6615,0.6470,1.7400,4.0562,1.6245,-0.0589,0.0011,-1.13064,0.90
131,0,7.200,-7.4851,1.6617,0.6470,1.7400,4.0562,1.6245,-0.0626,0.0024,-1.13073,0.90
131,0,7.300,-7.4915,1.6620,0.6469,1.7400,4.0562,1.6245,-0.0645,0.0029,-1.13071,0.90
131,0,7.400,-7.4980,1.6623,0.6469,1.7400,4.0562,1.6245,-0.0644,0.0020,-1.13074,0.90
131,0,7.500,-7.5044,1.6624,0.6470,1.7400,4.0562,1.6245,-0.0633,0.0001,-1.13075,0.90
131,0,7.600,-7.5106,1.6623,0.6470,1.7400,4.0562,1.6245,-0.0623,-0.0025,-1.13071,0.90
131,0,7.700,-7.5168,1.6619,0.6470,1.7400,4.0562,1.6245,-0.0610,-0.0062,-1.13078,0.90
131,0,7.800,-7.5228,1.6611,0.6471,1.7400,4.0562,1.6245,-0.0587,-0.0109,-1.13082,0.90
131,0,7.900,-7.5286,1.6597,0.6471,1.7400,4.0562,1.6245,-0.0554,-0.0165,-1.13077,0.90
131,0,8.000,-7.5339,1.6578,0.6471,1.7400,4.0562,1.6245,-0.0508,-0.0225,-1.13084,0.90
131,0,8.100,-7.5387,1.6552,0.6471,1.7400,4.0562,1.6245,-0.0448,-0.0290,-1.13075,0.90
131,0,8.200,-7.5429,1.6520,0.6471,1.7400,4.0562,1.6245,-0.0378,-0.0361,-1.13053,0.90
131,0,8.300,-7.5463,1.6480,0.6471,1.7400,4.0562,1.6245,-0.0301,-0.0433,-1.13117,0.90
131,0,8.400,-7.5489,1.6433,0.6470,1.7400,4.0562,1.6245,-0.0222,-0.0497,-1.13034,0.90
131,0,8.500,-7.5507,1.6381,0.6470,1.7400,4.0562,1.6245,-0.0140,-0.0552,-1.13039,0.90
131,0,8.600,-7.5517,1.6323,0.6469,1.7400,4.0562,1.6245,-0.0059,-0.0600,-1.13027,0.90
131,0,8.700,-7.5519,1.6261,0.6467,1.7400,4.0562,1.6245,0.0023,-0.0635,-1.13023,0.90
131,0,8.800,-7.5512,1.6196,0.6466,1.7400,4.0562,1.6245,0.0097,-0.0657,-1.13036,0.90
131,0,8.900,-7.5499,1.6129,0.6465,1.7400,4.0562,1.6245,0.0159,-0.0676,-1.13023,0.90
131,0,9.000,-7.5481,1.6061,0.6463,1.7400,4.0562,1.6245,0.0209,-0.0685,-1.13076,0.90
131,0,9.100,-7.5458,1.5992,0.6461,1.7400,4.0562,1.6245,0.0245,-0.0683,-1.13094,0.90
131,0,9.200,-7.5432,1.5924,0.6460,1.7400,4.0562,1.6245,0.0270,-0.0678,-1.13034,0.90
131,0,9.300,-7.5404,1.5857,0.6458,1.7400,4.0562,1.6245,0.0281,-0.0663,-1.13038,0.90
131,0,9.400,-7.5375,1.5791,0.6457,1.7400,4.0562,1.6245,0.0285,-0.0646,-1.13042,0.90
131,0,9.500,-7.5347,1.5727,0.6455,1.7400,4.0562,1.6245,0.0286,-0.0642,-1.13046,0.90
132,0,0.000,38.6603,-96.1152,-1.4468,2.3284,4.0300,1.6678,-0.1526,-0.0218,-1.13735,0.90
132,0,0.100,38.6451,-96.1174,-1.4469,2.3284,4.0300,1.6678,-0.1516,-0.0212,-1.13737,0.90
132,0,0.200,38.6301,-96.1195,-1.4471,2.3284,4.0300,1.6678,-0.1472,-0.0194,-1.13735,0.90
132,0,0.300,38.6156,-96.1213,-1.4472,2.3284,4.0300,1.6678,-0.1396,-0.0171,-1.13736,0.90
132,0,0.400,38.6021,-96.1229,-1.4473,2.3284,4.0300,1.6678,-0.1300,-0.0142,-1.13740,0.90
132,0,0.500,38.5897,-96.1241,-1.4474,2.3284,4.0300,1.6678,-0.1180,-0.0113,-1.13734,0.90
132,0,0.600,38.5785,-96.1251,-1.4475,2.3284,4.0300,1.6678,-0.1050,-0.0091,-1.13735,0.90
132,0,0.700,38.5686,-96.1260,-1.4475,2.3284,4.0300,1.6678,-0.0930,-0.0082,-1.13733,0.90
132,0,0.800,38.5599,-96.1268,-1.4476,2.3284,4.0300,1.6678,-0.0828,-0.0097,-1.13736,0.90
132,0,0.900,38.5521,-96.1279,-1.4476,2.3284,4.0300,1.6678,-0.0715,-0.0122,-1.13736,0.90
132,0,1.000,38.5456,-96.1292,-1.4476,2.3284,4.0300,1.6678,-0.0571,-0.0142,-1.13740,0.90
132,0,1.100,38.5407,-96.1307,-1.4475,2.3284,4.0300,1.6678,-0.0406,-0.0163,-1.13744,0.90
132,0,1.200,38.5375,-96.1325,-1.4475,2.3284,4.0300,1.6678,-0.0223,-0.0191,-1.13744,0.90
132,0,1.300,38.5362,-96.1346,-1.4474,2.3284,4.0300,1.6678,-0.0038,-0.0212,-1.13746,0.90
132,0,1.400,38.5367,-96.1367,-1.4473,2.3284,4.0300,1.6678,0.0140,-0.0203,-1.13746,0.90
132,0,1.500,38.5390,-96.1386,-1.4472,2.3284,4.0300,1.6678,0.0307,-0.0167,-1.13753,0.90
132,0,1.600,38.5429,-96.1401,-1.4471,2.3284,4.0300,1.6678,0.0455,-0.0115,-1.13756,0.90
132,0,1.700,38.5481,-96.1409,-1.4469,2.3284,4.0300,1.6678,0.0581,-0.0056,-1.13756,0.90
132,0,1.800,38.5545,-96.1412,-1.4468,2.3284,4.0300,1.6678,0.0676,0.0001,-1.13760,0.90
132,0,1.900,38.5616,-96.1409,-1.4466,2.3284,4.0300,1.6678,0.0728,0.0052,-1.13755,0.90
132,0,2.000,38.5691,-96.1401,-1.4465,2.3284,4.0300,1.6678,0.0736,0.0091,-1.13744,0.90
132,0,2.100,38.5764,-96.1391,-1.4463,2.3284,4.0300,1.6678,0.0712,0.0112,-1.13733,0.90
132,0,2.200,38.5833,-96.1379,-1.4462,2.3284,4.0300,1.6678,0.0655,0.0111,-1.13725,0.90
132,0,2.300,38.5895,-96.1369,-1.4460,2.3284,4.0300,1.6678,0.0579,0.0091,-1.13708,0.90
132,0,2.400,38.5949,-96.1361,-1.4459,2.3284,4.0300,1.6678,0.0503,0.0064,-1.13700,0.90
132,0,2.500,38.5996,-96.1356,-1.4457,2.3284,4.0300,1.6678,0.0428,0.0029,-1.13697,0.90
132,0,2.600,38.6034,-96.1355,-1.4456,2.3284,4.0300,1.6678,0.0352,-0.0012,-1.13690,0.90
132,0,2.700,38.6066,-96.1358,-1.4455,2.3284,4.0300,1.6678,0.0284,-0.0049,-1.13691,0.90
132,0,2.800,38.6091,-96.1365,-1.4453,2.3284,4.0300,1.6678,0.0226,-0.0078,-1.13693,0.90
132,0,2.900,38.6111,-96.1374,-1.4452,2.3284,4.0300,1.6678,0.0161,-0.0107,-1.13696,0.90
132,0,3.000,38.6124,-96.1386,-1.4451,2.3284,4.0300,1.6678,0.0088,-0.0136,-1.13676,0.90
132,0,3.100,38.6129,-96.1401,-1.4451,2.3284,4.0300,1.6678,0.0012,-0.0162,-1.13700,0.90
132,0,3.200,38.6126,-96.1418,-1.4450,2.3284,4.0300,1.6678,-0.0059,-0.0185,-1.13698,0.90
132,0,3.300,38.6117,-96.1438,-1.4449,2.3284,4.0300,1.6678,-0.0119,-0.0209,-1.13693,0.90
132,0,3.400,38.6102,-96.1460,-1.4449,2.3284,4.0300,1.6678,-0.0181,-0.0241,-1.13696,0.90
132,0,3.500,38.6081,-96.1486,-1.4449,2.3284,4.0300,1.6678,-0.0230,-0.0267,-1.13695,0.90
132,0,3.600,38.6056,-96.1514,-1.4449,2.3284,4.0300,1.6678,-0.0247,-0.0276,-1.13692,0.90
132,0,3.700,38.6031,-96.1541,-1.4448,2.3284,4.0300,1.6678,-0.0245,-0.0274,-1.13686,0.90
132,0,3.800,38.6007,-96.1568,-1.4448,2.3284,4.0300,1.6678,-0.0236,-0.0264,-1.13681,0.90
132,0,3.900,38.5984,-96.1594,-1.4448,2.3284,4.0300,1.6678,-0.0218,-0.0249,-1.13679,0.90
132,0,4.000,38.5963,-96.1618,-1.4448,2.3284,4.0300,1.6678,-0.0188,-0.0230,-1.13676,0.90
132,0,4.100,38.5946,-96.1640,-1.4448,2.3284,4.0300,1.6678,-0.0147,-0.0212,-1.13676,0.90
132,0,4.200,38.5934,-96.1660,-1.4448,2.3284,4.0300,1.6678,-0.0093,-0.0192,-1.13681,0.90
132,0,4.300,38.5928,-96.1679,-1.4448,2.3284,4.0300,1.6678,-0.0026,-0.0168,-1.13684,0.90
132,0,4.400,38.5929,-96.1694,-1.4448,2.3284,4.0300,1.6678,0.0045,-0.0142,-1.13686,0.90
132,0,4.500,38.5937,-96.1707,-1.4448,2.3284,4.0300,1.6678,0.0116,-0.0119,-1.13689,0.90
132,0,4.600,38.5952,-96.1718,-1.4448,2.3284,4.0300,1.6678,0.0174,-0.0102,-1.13689,0.90
132,0,4.700,38.5972,-96.1727,-1.4448,2.3284,4.0300,1.6678,0.0217,-0.0092,-1.13697,0.90
132,0,4.800,38.5995,-96.1736,-1.4449,2.3284,4.0300,1.6678,0.0247,-0.0082,-1.13700,0.90
132,0,4.900,38.6021,-96.1744,-1.4449,2.3284,4.0300,1.6678,0.0261,-0.0072,-1.13689,0.90
132,0,5.000,38.6048,-96.1750,-1.4450,2.3284,4.0300,1.6678,0.0257,-0.0065,-1.13689,0.90
132,0,5.100,38.6073,-96.1757,-1.4451,2.3284,4.0300,1.6678,0.0242,-0.0062,-1.13689,0.90
132,0,5.200,38.6096,-96.1763,-1.4452,2.3284,4.0300,1.6678,0.0223,-0.0059,-1.13688,0.90
132,0,5.300,38.6117,-96.1769,-1.4453,2.3284,4.0300,1.6678,0.0197,-0.0058,-1.13687,0.90
132,0,5.400,38.6135,-96.1774,-1.4455,2.3284,4.0300,1.6678,0.0165,-0.0058,-1.13692,0.90
132,0,5.503,38.6151,-96.1780,-1.4456,2.3284,4.0300,1.6678,0.0133,-0.0062,-1.13679,0.90
132,0,5.600,38.6162,-96.1787,-1.4458,2.3284,4.0300,1.6678,0.0092,-0.0070,-1.13675,0.90
132,0,5.700,38.6169,-96.1794,-1.4461,2.3284,4.0300,1.6678,0.0045,-0.0081,-1.13673,0.90
132,0,5.800,38.6171,-96.1803,-1.4463,2.3284,4.0300,1.6678,0.0000,-0.0096,-1.13674,0.90
132,0,5.900,38.6169,-96.1813,-1.4466,2.3284,4.0300,1.6678,-0.0044,-0.0115,-1.13673,0.90
132,0,6.000,38.6162,-96.1826,-1.4469,2.3284,4.0300,1.6678,-0.0079,-0.0129,-1.13673,0.90
132,0,6.100,38.6153,-96.1839,-1.4472,2.3284,4.0300,1.6678,-0.0104,-0.0135,-1.13679,0.90
132,0,6.200,38.6141,-96.1853,-1.4476,2.3284,4.0300,1.6678,-0.0130,-0.0143,-1.13681,0.90
132,0,6.300,38.6127,-96.1868,-1.4479,2.3284,4.0300,1.6678,-0.0167,-0.0160,-1.13685,0.90
132,0,6.400,38.6108,-96.1885,-1.4483,2.3284,4.0300,1.6678,-0.0221,-0.0182,-1.13709,0.90
132,0,6.500,38.6083,-96.1904,-1.4486,2.3284,4.0300,1.6678,-0.0293,-0.0200,-1.13702,0.90
132,0,6.603,38.6049,-96.1926,-1.4490,2.3284,4.0300,1.6678,-0.0395,-0.0225,-1.13696,0.90
132,0,6.700,38.6004,-96.1949,-1.4493,2.3284,4.0300,1.6678,-0.0510,-0.0244,-1.13700,0.90
132,0,6.800,38.5948,-96.1973,-1.4495,2.3284,4.0300,1.6678,-0.0615,-0.0248,-1.13701,0.90
132,0,6.900,38.5881,-96.1999,-1.4498,2.3284,4.0300,1.6678,-0.0711,-0.0246,-1.13702,0.90
132,0,7.000,38.5806,-96.2023,-1.4500,2.3284,4.0300,1.6678,-0.0772,-0.0226,-1.13704,0.90
132,0,7.100,38.5726,-96.2044,-1.4501,2.3284,4.0300,1.6678,-0.0805,-0.0194,-1.13706,0.90
132,0,7.200,38.5645,-96.2061,-1.4502,2.3284,4.0300,1.6678,-0.0814,-0.0154,-1.13723,0.90
132,0,7.300,38.5564,-96.2075,-1.4502,2.3284,4.0300,1.6678,-0.0793,-0.0106,-1.13717,0.90
132,0,7.400,38.5486,-96.2083,-1.4502,2.3284,4.0300,1.6678,-0.0741,-0.0049,-1.13714,0.90
132,0,7.500,38.5415,-96.2084,-1.4501,2.3284,4.0300,1.6678,-0.0666,0.0016,-1.13715,0.90
132,0,7.600,38.5353,-96.2079,-1.4499,2.3284,4.0300,1.6678,-0.0561,0.0090,-1.13711,0.90
132,0,7.700,38.5303,-96.2066,-1.4496,2.3284,4.0300,1.6678,-0.0422,0.0172,-1.13718,0.90
132,0,7.800,38.5269,-96.2045,-1.4494,2.3284,4.0300,1.6678,-0.0286,0.0244,-1.13722,0.90
132,0,7.900,38.5246,-96.2017,-1.4490,2.3284,4.0300,1.6678,-0.0179,0.0293,-1.13674,0.90
132,0,8.000,38.5233,-96.1986,-1.4487,2.3284,4.0300,1.6678,-0.0093,0.0316,-1.13724,0.90
132,0,8.100,38.5227,-96.1954,-1.4484,2.3284,4.0300,1.6678,-0.0029,0.0315,-1.13621,0.90
132,0,8.200,38.5227,-96.1923,-1.4480,2.3284,4.0300,1.6678,0.0014,0.0291,-1.13694,0.90
132,0,8.300,38.5230,-96.1896,-1.4476,2.3284,4.0300,1.6678,0.0043,0.0252,-1.13681,0.90
132,0,8.400,38.5236,-96.1873,-1.4472,2.3284,4.0300,1.6678,0.0064,0.0207,-1.13674,0.90
132,0,8.500,38.5243,-96.1855,-1.4469,2.3284,4.0300,1.6678,0.0079,0.0159,-1.13700,0.90
132,0,8.600,38.5252,-96.1841,-1.4465,2.3284,4.0300,1.6678,0.0092,0.0114,-1.13771,0.90
132,0,8.700,38.5261,-96.1832,-1.4461,2.3284,4.0300,1.6678,0.0101,0.0069,-1.13857,0.90
132,0,8.800,38.5272,-96.1827,-1.4457,2.3284,4.0300,1.6678,0.0107,0.0026,-1.13659,0.90
132,0,8.900,38.5283,-96.1827,-1.4454,2.3284,4.0300,1.6678,0.0110,-0.0017,-1.14010,0.90
132,0,9.000,38.5294,-96.1831,-1.4450,2.3284,4.0300,1.6678,0.0109,-0.0059,-1.14109,0.90
132,0,9.100,38.5304,-96.1838,-1.4446,2.3284,4.0300,1.6678,0.0104,-0.0099,-1.13671,0.90
132,0,9.200,38.5315,-96.1850,-1.4442,2.3284,4.0300,1.6678,0.0097,-0.0139,-1.13674,0.90
132,0,9.300,38.5324,-96.1866,-1.4439,2.3284,4.0300,1.6678,0.0087,-0.0178,-1.13678,0.90
132,0,9.400,38.5332,-96.1886,-1.4435,2.3284,4.0300,1.6678,0.0072,-0.0216,-1.14304,0.90
132,0,9.500,38.5338,-96.1909,-1.4431,2.3284,4.0300,1.6678,0.0055,-0.0253,-1.14324,0.90
132,0,9.600,38.5343,-96.1937,-1.4428,2.3284,4.0300,1.6678,0.0034,-0.0291,-1.14327,0.90
132,0,9.700,38.5345,-96.1968,-1.4424,2.3284,4.0300,1.6678,0.0010,-0.0328,-1.14309,0.90
132,0,9.800,38.5345,-96.2002,-1.4420,2.3284,4.0300,1.6678,-0.0018,-0.0363,-1.14291,0.90
132,0,9.900,38.5341,-96.2040,-1.4417,2.3284,4.0300,1.6678,-0.0049,-0.0400,-1.14276,0.90
132,0,10.000,38.5335,-96.2082,-1.4413,2.3284,4.0300,1.6678,-0.0084,-0.0435,-1.14271,0.90
132,0,10.100,38.5325,-96.2127,-1.4410,2.3284,4.0300,1.6678,-0.0122,-0.0468,-1.14261,0.90
132,0,10.200,38.5310,-96.2176,-1.4406,2.3284,4.0300,1.6678,-0.0164,-0.0504,-1.14244,0.90
132,0,10.300,38.5292,-96.2228,-1.4403,2.3284,4.0300,1.6678,-0.0210,-0.0539,-1.14224,0.90
132,0,10.400,38.5268,-96.2283,-1.4399,2.3284,4.0300,1.6678,-0.0259,-0.0571,-1.14202,0.90
132,0,10.500,38.5240,-96.2342,-1.4396,2.3284,4.0300,1.6678,-0.0312,-0.0605,-1.14166,0.90
132,0,10.600,38.5206,-96.2405,-1.4393,2.3284,4.0300,1.6678,-0.0371,-0.0641,-1.14133,0.90
132,0,10.700,38.5166,-96.2470,-1.4389,2.3284,4.0300,1.6678,-0.0432,-0.0675,-1.14110,0.90
132,0,10.800,38.5120,-96.2540,-1.4386,2.3284,4.0300,1.6678,-0.0496,-0.0707,-1.14079,0.90
132,0,10.900,38.5066,-96.2612,-1.4383,2.3284,4.0300,1.6678,-0.0568,-0.0743,-1.14026,0.90
132,0,11.000,38.5006,-96.2688,-1.4380,2.3284,4.0300,1.6678,-0.0642,-0.0778,-1.13991,0.90
132,0,11.100,38.4938,-96.2767,-1.4377,2.3284,4.0300,1.6678,-0.0718,-0.0810,-1.13965,0.90
132,0,11.200,38.4862,-96.2850,-1.4374,2.3284,4.0300,1.6678,-0.0804,-0.0847,-1.13918,0.90
132,0,11.300,38.4778,-96.2937,-1.4371,2.3284,4.0300,1.6678,-0.0892,-0.0882,-1.13877,0.90
132,0,11.400,38.4684,-96.3027,-1.4369,2.3284,4.0300,1.6678,-0.0982,-0.0914,-1.13839,0.90
132,0,11.500,38.4581,-96.3120,-1.4366,2.3284,4.0300,1.6678,-0.1079,-0.0950,-1.13800,0.90
132,0,11.600,38.4468,-96.3217,-1.4363,2.3284,4.0300,1.6678,-0.1185,-0.0990,-1.13759,0.90
132,0,11.700,38.4344,-96.3318,-1.4361,2.3284,4.0300,1.6678,-0.1294,-0.1027,-1.13740,0.90
132,0,11.800,38.4209,-96.3422,-1.4358,2.3284,4.0300,1.6678,-0.1403,-0.1061,-1.13713,0.90
132,0,11.900,38.4063,-96.3530,-1.4356,2.3284,4.0300,1.6678,-0.1527,-0.1102,-1.13677,0.90
132,0,12.000,38.3905,-96.3642,-1.4354,2.3284,4.0300,1.6678,-0.1652,-0.1141,-1.13666,0.90
132,0,12.100,38.3733,-96.3758,-1.4352,2.3284,4.0300,1.6678,-0.1777,-0.1177,-1.13660,0.90
132,0,12.200,38.3548,-96.3878,-1.4350,2.3284,4.0300,1.6678,-0.1914,-0.1217,-1.13655,0.90
132,0,12.300,38.3350,-96.4002,-1.4348,2.3284,4.0300,1.6678,-0.2045,-0.1256,-1.13654,0.90
132,0,12.400,38.3140,-96.4129,-1.4346,2.3284,4.0300,1.6678,-0.2130,-0.1278,-1.13653,0.90
132,0,12.500,38.2924,-96.4257,-1.4345,2.3284,4.0300,1.6678,-0.2165,-0.1284,-1.13653,0.90
132,0,12.600,38.2706,-96.4386,-1.4343,2.3284,4.0300,1.6678,-0.2173,-0.1285,-1.13652,0.90
132,0,12.700,38.2490,-96.4514,-1.4342,2.3284,4.0300,1.6678,-0.2144,-0.1269,-1.13651,0.90
132,0,12.800,38.2278,-96.4640,-1.4340,2.3284,4.0300,1.6678,-0.2091,-0.1242,-1.13650,0.90
132,0,12.900,38.2071,-96.4763,-1.4339,2.3284,4.0300,1.6678,-0.2051,-0.1224,-1.13650,0.90
132,0,13.000,38.1868,-96.4884,-1.4338,2.3284,4.0300,1.6678,-0.2021,-0.1210,-1.13649,0.90
132,0,13.100,38.1667,-96.5004,-1.4336,2.3284,4.0300,1.6678,-0.1999,-0.1197,-1.13649,0.90
132,0,13.200,38.1468,-96.5124,-1.4335,2.3284,4.0300,1.6678,-0.1993,-0.1194,-1.13650,0.90
133,0,0.000,20.6310,-50.6296,-1.4072,1.9827,4.0300,1.4100,0.0810,-0.1399,-1.10364,0.90
133,0,0.100,20.6391,-50.6436,-1.4076,1.9827,4.0300,1.4100,0.0817,-0.1406,-1.10366,0.90
133,0,0.200,20.6473,-50.6577,-1.4080,1.9827,4.0300,1.4100,0.0832,-0.1419,-1.10366,0.90
133,0,0.300,20.6557,-50.6719,-1.4084,1.9827,4.0300,1.4100,0.0861,-0.1439,-1.10365,0.90
133,0,0.400,20.6645,-50.6865,-1.4089,1.9827,4.0300,1.4100,0.0911,-0.1487,-1.10369,0.90
133,0,0.500,20.6739,-50.7016,-1.4093,1.9827,4.0300,1.4100,0.0966,-0.1557,-1.10363,0.90
133,0,0.600,20.6838,-50.7176,-1.4098,1.9827,4.0300,1.4100,0.1025,-0.1651,-1.10364,0.90
133,0,0.700,20.6944,-50.7347,-1.4103,1.9827,4.0300,1.4100,0.1093,-0.1780,-1.10362,0.90
133,0,0.800,20.7057,-50.7533,-1.4109,1.9827,4.0300,1.4100,0.1170,-0.1948,-1.10365,0.90
133,0,0.900,20.7178,-50.7736,-1.4116,1.9827,4.0300,1.4100,0.1247,-0.2142,-1.10365,0.90
133,0,1.000,20.7306,-50.7961,-1.4123,1.9827,4.0300,1.4100,0.1318,-0.2360,-1.10369,0.90
133,0,1.100,20.7442,-50.8209,-1.4130,1.9827,4.0300,1.4100,0.1398,-0.2620,-1.10373,0.90
133,0,1.200,20.7586,-50.8484,-1.4139,1.9827,4.0300,1.4100,0.1476,-0.2895,-1.10373,0.90
133,0,1.300,20.7737,-50.8787,-1.4149,1.9827,4.0300,1.4100,0.1554,-0.3174,-1.10375,0.90
133,0,1.400,20.7897,-50.9120,-1.4159,1.9827,4.0300,1.4100,0.1652,-0.3481,-1.10375,0.90
133,0,1.500,20.8067,-50.9482,-1.4171,1.9827,4.0300,1.4100,0.1752,-0.3781,-1.10382,0.90
133,0,1.600,20.8247,-50.9875,-1.4184,1.9827,4.0300,1.4100,0.1853,-0.4067,-1.10385,0.90
133,0,1.700,20.8438,-51.0297,-1.4198,1.9827,4.0300,1.4100,0.1960,-0.4362,-1.10385,0.90
133,0,1.800,20.8640,-51.0749,-1.4213,1.9827,4.0300,1.4100,0.2067,-0.4670,-1.10389,0.90
133,0,1.900,20.8851,-51.1230,-1.4229,1.9827,4.0300,1.4100,0.2170,-0.4956,-1.10384,0.90
133,0,2.000,20.9073,-51.1739,-1.4247,1.9827,4.0300,1.4100,0.2283,-0.5215,-1.10373,0.90
133,0,2.100,20.9308,-51.2275,-1.4266,1.9827,4.0300,1.4100,0.2432,-0.5500,-1.10362,0.90
133,0,2.200,20.9559,-51.2838,-1.4286,1.9827,4.0300,1.4100,0.2589,-0.5758,-1.10354,0.90
133,0,2.300,20.9826,-51.3425,-1.4308,1.9827,4.0300,1.4100,0.2746,-0.5989,-1.10337,0.90
133,0,2.400,21.0109,-51.4038,-1.4331,1.9827,4.0300,1.4100,0.2918,-0.6232,-1.10329,0.90
133,0,2.500,21.0411,-51.4674,-1.4356,1.9827,4.0300,1.4100,0.3099,-0.6493,-1.10326,0.90
133,0,2.600,21.0728,-51.5335,-1.4382,1.9827,4.0300,1.4100,0.3254,-0.6733,-1.10319,0.90
133,0,2.700,21.1060,-51.6019,-1.4409,1.9827,4.0300,1.4100,0.3400,-0.6938,-1.10320,0.90
133,0,2.800,21.1410,-51.6725,-1.4438,1.9827,4.0300,1.4100,0.3602,-0.7168,-1.10322,0.90
133,0,2.900,21.1780,-51.7451,-1.4468,1.9827,4.0300,1.4100,0.3840,-0.7350,-1.10325,0.90
133,0,3.000,21.2176,-51.8193,-1.4499,1.9827,4.0300,1.4100,0.4107,-0.7489,-1.10326,0.90
133,0,3.100,21.2603,-51.8951,-1.4532,1.9827,4.0300,1.4100,0.4431,-0.7669,-1.10329,0.90
133,0,3.200,21.3061,-51.9725,-1.4566,1.9827,4.0300,1.4100,0.4755,-0.7818,-1.10327,0.90
133,0,3.300,21.3553,-52.0513,-1.4601,1.9827,4.0300,1.4100,0.5054,-0.7939,-1.10322,0.90
133,0,3.400,21.4074,-52.1316,-1.4638,1.9827,4.0300,1.4100,0.5360,-0.8121,-1.10325,0.90
133,0,3.500,21.4623,-52.2135,-1.4676,1.9827,4.0300,1.4100,0.5633,-0.8281,-1.10324,0.90
133,0,3.600,21.5199,-52.2970,-1.4714,1.9827,4.0300,1.4100,0.5878,-0.8418,-1.10320,0.90
133,0,3.700,21.5801,-52.3822,-1.4753,1.9827,4.0300,1.4100,0.6117,-0.8605,-1.10315,0.90
133,0,3.800,21.6425,-52.4694,-1.4793,1.9827,4.0300,1.4100,0.6347,-0.8849,-1.10310,0.90
133,0,3.900,21.7069,-52.5589,-1.4834,1.9827,4.0300,1.4100,0.6554,-0.9079,-1.10308,0.90
133,0,4.000,21.7734,-52.6508,-1.4875,1.9827,4.0300,1.4100,0.6736,-0.9296,-1.10305,0.90
133,0,4.100,21.8419,-52.7452,-1.4916,1.9827,4.0300,1.4100,0.6923,-0.9618,-1.10305,0.90
133,0,4.200,21.9117,-52.8429,-1.4958,1.9827,4.0300,1.4100,0.7032,-0.9969,-1.10310,0.90
133,0,4.300,21.9823,-52.9443,-1.5000,1.9827,4.0300,1.4100,0.7081,-1.0340,-1.10313,0.90
133,0,4.400,22.0536,-53.0501,-1.5043,1.9827,4.0300,1.4100,0.7153,-1.0824,-1.10315,0.90
133,0,4.500,22.1252,-53.1605,-1.5087,1.9827,4.0300,1.4100,0.7177,-1.1318,-1.10318,0.90
133,0,4.600,22.1969,-53.2761,-1.5131,1.9827,4.0300,1.4100,0.7147,-1.1821,-1.10318,0.90
133,0,4.700,22.2684,-53.3974,-1.5176,1.9827,4.0300,1.4100,0.7129,-1.2398,-1.10318,0.90
133,0,4.800,22.3398,-53.5246,-1.5221,1.9827,4.0300,1.4100,0.7132,-1.3051,-1.10318,0.90
133,0,4.900,22.4109,-53.6581,-1.5267,1.9827,4.0300,1.4100,0.7090,-1.3702,-1.10318,0.90
133,0,5.000,22.4814,-53.7983,-1.5313,1.9827,4.0300,1.4100,0.6989,-1.4351,-1.10318,0.90
133,0,5.100,22.5509,-53.9456,-1.5360,1.9827,4.0300,1.4100,0.6918,-1.5128,-1.10318,0.90
133,0,5.200,22.6195,-54.1004,-1.5408,1.9827,4.0300,1.4100,0.6828,-1.5876,-1.10317,0.90
133,0,5.300,22.6873,-54.2627,-1.5456,1.9827,4.0300,1.4100,0.6752,-1.6571,-1.10316,0.90
133,0,5.400,22.7548,-54.4325,-1.5506,1.9827,4.0300,1.4100,0.6665,-1.7065,-1.10311,0.90
133,0,5.503,22.8228,-54.6096,-1.5556,1.9827,4.0300,1.4100,0.6843,-1.8111,-1.10308,0.90
133,0,5.600,22.8915,-54.7942,-1.5609,1.9827,4.0300,1.4100,0.7051,-1.9132,-1.10304,0.90
133,0,5.700,22.9616,-54.9862,-1.5662,1.9827,4.0300,1.4100,0.7077,-1.9536,-1.10302,0.90
133,0,5.800,23.0333,-55.1857,-1.5718,1.9827,4.0300,1.4100,0.7291,-2.0346,-1.10303,0.90
133,0,5.900,23.1072,-55.3926,-1.5775,1.9827,4.0300,1.4100,0.7527,-2.1083,-1.10302,0.90
133,0,6.000,23.1837,-55.6068,-1.5834,1.9827,4.0300,1.4100,0.7793,-2.1731,-1.10302,0.90
133,0,6.100,23.2634,-55.8281,-1.5896,1.9827,4.0300,1.4100,0.8150,-2.2419,-1.10308,0.90
133,0,6.200,23.3470,-56.0561,-1.5959,1.9827,4.0300,1.4100,0.8616,-2.3140,-1.10310,0.90
133,0,6.300,23.4354,-56.2903,-1.6025,1.9827,4.0300,1.4100,0.9132,-2.3738,-1.10314,0.90
133,0,6.400,23.5294,-56.5302,-1.6092,1.9827,4.0300,1.4100,0.9673,-2.4213,-1.10318,0.90
133,0,6.500,23.6293,-56.7755,-1.6162,1.9827,4.0300,1.4100,1.0148,-2.4375,-1.10323,0.90
133,0,6.603,23.7357,-57.0257,-1.6233,1.9827,4.0300,1.4100,1.1017,-2.5277,-1.10325,0.90
133,0,6.700,23.8493,-57.2803,-1.6306,1.9827,4.0300,1.4100,1.1932,-2.6060,-1.10329,0.90
133,0,6.800,23.9706,-57.5387,-1.6380,1.9827,4.0300,1.4100,1.2519,-2.6031,-1.10330,0.90
133,0,6.900,24.0994,-57.8002,-1.6454,1.9827,4.0300,1.4100,1.3288,-2.6319,-1.10330,0.90
133,0,7.000,24.2359,-58.0644,-1.6529,1.9827,4.0300,1.4100,1.4012,-2.6464,-1.10332,0.90
133,0,7.100,24.3802,-58.3306,-1.6604,1.9827,4.0300,1.4100,1.4772,-2.6654,-1.10333,0.90
133,0,7.200,24.5320,-58.5985,-1.6679,1.9827,4.0300,1.4100,1.5557,-2.6905,-1.10342,0.90
133,0,7.300,24.6909,-58.8679,-1.6753,1.9827,4.0300,1.4100,1.6226,-2.7057,-1.10341,0.90
133,0,7.400,24.8560,-59.1389,-1.6827,1.9827,4.0300,1.4100,1.6731,-2.7119,-1.10343,0.90
133,0,7.500,25.0262,-59.4114,-1.6898,1.9827,4.0300,1.4100,1.7189,-2.7263,-1.10344,0.90
133,0,7.600,25.2005,-59.6852,-1.6969,1.9827,4.0300,1.4100,1.7626,-2.7479,-1.10340,0.90
133,0,7.700,25.3782,-59.9603,-1.7038,1.9827,4.0300,1.4100,1.7930,-2.7591,-1.10347,0.90
133,0,7.800,25.5586,-60.2363,-1.7106,1.9827,4.0300,1.4100,1.8086,-2.7605,-1.10351,0.90
133,0,7.900,25.7407,-60.5134,-1.7173,1.9827,4.0300,1.4100,1.8278,-2.7794,-1.10347,0.90
133,0,8.000,25.9237,-60.7914,-1.7239,1.9827,4.0300,1.4100,1.8349,-2.7870,-1.10353,0.90
133,0,8.100,26.1071,-61.0701,-1.7304,1.9827,4.0300,1.4100,1.8302,-2.7831,-1.10264,0.90
133,0,8.200,26.2905,-61.3491,-1.7367,1.9827,4.0300,1.4100,1.8260,-2.7861,-1.10323,0.90
133,0,8.300,26.4731,-61.6284,-1.7430,1.9827,4.0300,1.4100,1.8238,-2.7955,-1.10310,0.90
133,0,8.400,26.6547,-61.9075,-1.7493,1.9827,4.0300,1.4100,1.8122,-2.7933,-1.10353,0.90
133,0,8.500,26.8350,-62.1863,-1.7555,1.9827,4.0300,1.4100,1.7909,-2.7808,-1.10309,0.90
133,0,8.600,27.0136,-62.4647,-1.7616,1.9827,4.0300,1.4100,1.7792,-2.7850,-1.10305,0.90
133,0,8.700,27.1904,-62.7426,-1.7677,1.9827,4.0300,1.4100,1.7630,-2.7771,-1.10293,0.90
133,0,8.800,27.3657,-63.0194,-1.7737,1.9827,4.0300,1.4100,1.7442,-2.7577,-1.10288,0.90
133,0,8.900,27.5399,-63.2952,-1.7798,1.9827,4.0300,1.4100,1.7392,-2.7565,-1.10292,0.90
133,0,9.000,27.7131,-63.5700,-1.7858,1.9827,4.0300,1.4100,1.7305,-2.7470,-1.10335,0.90
133,0,9.100,27.8855,-63.8438,-1.7919,1.9827,4.0300,1.4100,1.7180,-2.7292,-1.10300,0.90
133,0,9.200,28.0574,-64.1169,-1.7979,1.9827,4.0300,1.4100,1.7191,-2.7305,-1.10303,0.90
133,0,9.300,28.2289,-64.3892,-1.8040,1.9827,4.0300,1.4100,1.7164,-2.7236,-1.10307,0.90
133,0,9.400,28.4002,-64.6609,-1.8100,1.9827,4.0300,1.4100,1.7095,-2.7094,-1.10311,0.90
133,0,9.500,28.5714,-64.9321,-1.8161,1.9827,4.0300,1.4100,1.7090,-2.7075,-1.10316,0.90
134,0,9.300,-70.3887,119.1205,2.6760,1.9149,4.0335,1.6484,2.5406,0.3374,0.32369,0.90
134,0,9.400,-70.1342,119.1544,2.6882,1.9149,4.0335,1.6484,2.5427,0.3379,0.30935,0.90
134,0,9.500,-69.8792,119.1882,2.7005,1.9149,4.0335,1.6484,2.5493,0.3381,0.29502,0.90
134,0,9.600,-69.6233,119.2221,2.7128,1.9149,4.0335,1.6484,2.5691,0.3371,0.28069,0.90
134,0,9.700,-69.3660,119.2556,2.7252,1.9149,4.0335,1.6484,2.5851,0.3306,0.27471,0.90
134,0,9.800,-69.1070,119.2881,2.7377,1.9149,4.0335,1.6484,2.5971,0.3174,0.26874,0.90
134,0,9.900,-68.8456,119.3192,2.7503,1.9149,4.0335,1.6484,2.6319,0.2996,0.26277,0.90
134,0,10.000,-68.5813,119.3480,2.7632,1.9149,4.0335,1.6484,2.6637,0.2731,0.25678,0.90
134,0,10.100,-68.3136,119.3737,2.7763,1.9149,4.0335,1.6484,2.6914,0.2371,0.25080,0.90
134,0,10.200,-68.0420,119.3955,2.7898,1.9149,4.0335,1.6484,2.7408,0.1928,0.24481,0.90
134,0,10.300,-67.7662,119.4122,2.8036,1.9149,4.0335,1.6484,2.7842,0.1372,0.23885,0.90
134,0,10.400,-67.4859,119.4229,2.8179,1.9149,4.0335,1.6484,2.8206,0.0704,0.23287,0.90
134,0,10.500,-67.2010,119.4263,2.8326,1.9149,4.0335,1.6484,2.8667,-0.0070,0.19754,0.90
134,0,10.600,-66.9114,119.4215,2.8480,1.9149,4.0335,1.6484,2.9227,-0.0955,0.16221,0.90
134,0,10.700,-66.6172,119.4073,2.8639,1.9149,4.0335,1.6484,2.9692,-0.1946,0.12688,0.90
134,0,10.800,-66.3184,119.3826,2.8804,1.9149,4.0335,1.6484,3.0045,-0.3032,0.09154,0.90
134,0,10.900,-66.0151,119.3465,2.8977,1.9149,4.0335,1.6484,3.0578,-0.4240,0.05621,0.90
134,0,11.000,-65.7076,119.2979,2.9156,1.9149,4.0335,1.6484,3.0990,-0.5537,0.02089,0.90
134,0,11.100,-65.3961,119.2359,2.9342,1.9149,4.0335,1.6484,3.1276,-0.6904,-0.01444,0.90
134,0,11.200,-65.0809,119.1596,2.9536,1.9149,4.0335,1.6484,3.1745,-0.8406,-0.04975,0.90
134,0,11.300,-64.7621,119.0680,2.9736,1.9149,4.0335,1.6484,3.2082,-0.9968,-0.08759,0.90
134,0,11.400,-64.4401,118.9605,2.9943,1.9149,4.0335,1.6484,3.2277,-1.1563,-0.12544,0.90
134,0,11.500,-64.1153,118.8363,3.0156,1.9149,4.0335,1.6484,3.2538,-1.3253,-0.16329,0.90
134,0,11.600,-63.7881,118.6949,3.0374,1.9149,4.0335,1.6484,3.2865,-1.5047,-0.20114,0.90
134,0,11.700,-63.4589,118.5358,3.0598,1.9149,4.0335,1.6484,3.3041,-1.6841,-0.23900,0.90
134,0,11.800,-63.1281,118.3585,3.0826,1.9149,4.0335,1.6484,3.3060,-1.8608,-0.27685,0.90
134,0,11.900,-62.7964,118.1629,3.1058,1.9149,4.0335,1.6484,3.3248,-2.0522,-0.31469,0.90
134,0,12.000,-62.4641,117.9486,3.1292,1.9149,4.0335,1.6484,3.3273,-2.2386,-0.35254,0.90
134,0,12.100,-62.1318,117.7158,3.1528,1.9149,4.0335,1.6484,3.3132,-2.4169,-0.39039,0.90
134,0,12.200,-61.8001,117.4643,3.1765,1.9149,4.0335,1.6484,3.3041,-2.6011,-0.42824,0.90
134,0,12.300,-61.4697,117.1945,3.2003,1.9149,4.0335,1.6484,3.2997,-2.7922,-0.46609,0.90
134,0,12.400,-61.1411,116.9066,3.2241,1.9149,4.0335,1.6484,3.2787,-2.9715,-0.52919,0.90
134,0,12.500,-60.8148,116.6010,3.2478,1.9149,4.0335,1.6484,3.2425,-3.1368,-0.59228,0.90
134,0,12.600,-60.4913,116.2780,3.2715,1.9149,4.0335,1.6484,3.2248,-3.3194,-0.65537,0.90
134,0,12.700,-60.1707,115.9380,3.2951,1.9149,4.0335,1.6484,3.1950,-3.4881,-0.71846,0.90
134,0,12.800,-59.8532,115.5813,3.3186,1.9149,4.0335,1.6484,3.1548,-3.6414,-0.78156,0.90
134,0,12.900,-59.5385,115.2083,3.3421,1.9149,4.0335,1.6484,3.1355,-3.8143,-0.84465,0.90
134,0,13.000,-59.2269,114.8195,3.3655,1.9149,4.0335,1.6484,3.1047,-3.9686,-0.90775,0.90
134,0,13.100,-58.9184,114.4157,3.3889,1.9149,4.0335,1.6484,3.0626,-4.1018,-0.92794,0.90
134,0,13.200,-58.6132,113.9976,3.4123,1.9149,4.0335,1.6484,3.0407,-4.2545,-0.94813,0.90
134,0,13.300,-58.3111,113.5659,3.4356,1.9149,4.0335,1.6484,3.0085,-4.3852,-0.96832,0.90
134,0,13.400,-58.0123,113.1217,3.4588,1.9149,4.0335,1.6484,2.9669,-4.4924,-0.98852,0.90
134,0,13.500,-57.7166,112.6657,3.4820,1.9149,4.0335,1.6484,2.9358,-4.6051,-1.00873,0.90
134,0,13.600,-57.4240,112.1989,3.5050,1.9149,4.0335,1.6484,2.9154,-4.7243,-1.02892,0.90
134,0,13.700,-57.1343,111.7221,3.5277,1.9149,4.0335,1.6484,2.8873,-4.8197,-1.04911,0.90
134,0,13.800,-56.8473,111.2362,3.5502,1.9149,4.0335,1.6484,2.8519,-4.8911,-1.06929,0.90
134,0,13.900,-56.5628,110.7420,3.5724,1.9149,4.0335,1.6484,2.8376,-4.9879,-1.08948,0.90
134,0,14.000,-56.2805,110.2400,3.5943,1.9149,4.0335,1.6484,2.8156,-5.0615,-1.10967,0.90
134,0,14.100,-56.0004,109.7310,3.6157,1.9149,4.0335,1.6484,2.7855,-5.1110,-1.10967,0.90
134,0,14.200,-55.7223,109.2158,3.6367,1.9149,4.0335,1.6484,2.7657,-5.1700,-1.10967,0.90
134,0,14.300,-55.4462,108.6950,3.6573,1.9149,4.0335,1.6484,2.7555,-5.2395,-1.10967,0.90
134,0,14.400,-55.1720,108.1693,3.6773,1.9149,4.0335,1.6484,2.7364,-5.2850,-1.10967,0.90
134,0,14.500,-54.8997,107.6394,3.6969,1.9149,4.0335,1.6484,2.7088,-5.3059,-1.10967,0.90
134,0,14.600,-54.6292,107.1060,3.7158,1.9149,4.0335,1.6484,2.6999,-5.3553,-1.10967,0.90
134,0,14.700,-54.3604,106.5698,3.7343,1.9149,4.0335,1.6484,2.6828,-5.3805,-1.10967,0.90
134,0,14.800,-54.0933,106.0314,3.7522,1.9149,4.0335,1.6484,2.6573,-5.3810,-1.10967,0.90
134,0,14.900,-53.8279,105.4915,3.7696,1.9149,4.0335,1.6484,2.6498,-5.4103,-1.10967,0.90
134,0,15.000,-53.5641,104.9508,3.7866,1.9149,4.0335,1.6484,2.6341,-5.4155,-1.10967,0.90
134,0,15.100,-53.3018,104.4098,3.8031,1.9149,4.0335,1.6484,2.6109,-5.3979,-1.10967,0.90
134,0,15.200,-53.0409,103.8691,3.8193,1.9149,4.0335,1.6484,2.5977,-5.3943,-1.10967,0.90
134,0,15.300,-52.7812,103.3288,3.8353,1.9149,4.0335,1.6484,2.5950,-5.4063,-1.10968,0.90
134,0,15.400,-52.5226,102.7893,3.8511,1.9149,4.0335,1.6484,2.5859,-5.3996,-1.10968,0.90
134,0,15.500,-52.2647,102.2504,3.8667,1.9149,4.0335,1.6484,2.5716,-5.3759,-1.10968,0.90
134,0,15.600,-52.0072,101.7120,3.8824,1.9149,4.0335,1.6484,2.5697,-5.3734,-1.10968,0.90
135,0,6.900,-78.9737,135.4967,2.7508,1.7400,4.0300,2.3316,-0.2063,-0.0684,0.42218,0.90
135,0,7.000,-78.9944,135.4898,2.7308,1.7400,4.0300,2.3316,-0.2059,-0.0685,0.42213,0.90
135,0,7.100,-79.0150,135.4830,2.7108,1.7400,4.0300,2.3316,-0.2046,-0.0688,0.42210,0.90
135,0,7.200,-79.0354,135.4760,2.6906,1.7400,4.0300,2.3316,-0.2021,-0.0696,0.42192,0.90
135,0,7.300,-79.0554,135.4691,2.6703,1.7400,4.0300,2.3316,-0.1964,-0.0704,0.42198,0.90
135,0,7.400,-79.0746,135.4620,2.6498,1.7400,4.0300,2.3316,-0.1881,-0.0713,0.42196,0.90
135,0,7.500,-79.0930,135.4548,2.6291,1.7400,4.0300,2.3316,-0.1791,-0.0728,0.42195,0.90
135,0,7.600,-79.1105,135.4474,2.6082,1.7400,4.0300,2.3316,-0.1699,-0.0746,0.42201,0.90
135,0,7.700,-79.1270,135.4399,2.5872,1.7400,4.0300,2.3316,-0.1599,-0.0755,0.42194,0.90
135,0,7.800,-79.1424,135.4323,2.5663,1.7400,4.0300,2.3316,-0.1493,-0.0755,0.42192,0.90
135,0,7.900,-79.1569,135.4247,2.5456,1.7400,4.0300,2.3316,-0.1394,-0.0759,0.42200,0.90
135,0,8.000,-79.1703,135.4171,2.5256,1.7400,4.0300,2.3316,-0.1284,-0.0761,0.42195,0.90
135,0,8.100,-79.1825,135.4095,2.5067,1.7400,4.0300,2.3316,-0.1158,-0.0764,0.42209,0.90
135,0,8.200,-79.1935,135.4018,2.4894,1.7400,4.0300,2.3316,-0.1017,-0.0775,0.42237,0.90
135,0,8.300,-79.2029,135.3940,2.4747,1.7400,4.0300,2.3316,-0.0837,-0.0789,0.42249,0.90
135,0,8.400,-79.2102,135.3861,2.4635,1.7400,4.0300,2.3316,-0.0598,-0.0799,0.42257,0.90
135,0,8.500,-79.2149,135.3781,2.4568,1.7400,4.0300,2.3316,-0.0300,-0.0807,0.42253,0.90
135,0,8.600,-79.2162,135.3699,2.4561,1.7400,4.0300,2.3316,0.0025,-0.0826,0.42263,0.90
135,0,8.700,-79.2143,135.3616,2.4616,1.7400,4.0300,2.3316,0.0325,-0.0856,0.42282,0.90
135,0,8.800,-79.2097,135.3528,2.4729,1.7400,4.0300,2.3316,0.0554,-0.0902,0.42289,0.90
135,0,8.900,-79.2032,135.3435,2.4885,1.7400,4.0300,2.3316,0.0701,-0.0962,0.42283,0.90
135,0,9.000,-79.1957,135.3336,2.5071,1.7400,4.0300,2.3316,0.0762,-0.1018,0.42277,0.90
135,0,9.100,-79.1880,135.3232,2.5274,1.7400,4.0300,2.3316,0.0748,-0.1063,0.42272,0.90
135,0,9.200,-79.1808,135.3123,2.5485,1.7400,4.0300,2.3316,0.0683,-0.1110,0.42267,0.90
135,0,9.300,-79.1744,135.3010,2.5695,1.7400,4.0300,2.3316,0.0576,-0.1147,0.42262,0.90
135,0,9.400,-79.1692,135.2894,2.5897,1.7400,4.0300,2.3316,0.0440,-0.1172,0.42257,0.90
135,0,9.500,-79.1656,135.2775,2.6082,1.7400,4.0300,2.3316,0.0287,-0.1194,0.42251,0.90
135,0,9.600,-79.1635,135.2655,2.6247,1.7400,4.0300,2.3316,0.0123,-0.1215,0.42247,0.90
135,0,9.700,-79.1631,135.2533,2.6385,1.7400,4.0300,2.3316,-0.0052,-0.1228,0.42246,0.90
135,0,9.800,-79.1645,135.2409,2.6491,1.7400,4.0300,2.3316,-0.0228,-0.1231,0.42247,0.90
135,0,9.900,-79.1677,135.2286,2.6561,1.7400,4.0300,2.3316,-0.0401,-0.1238,0.42249,0.90
135,0,10.000,-79.1725,135.2162,2.6592,1.7400,4.0300,2.3316,-0.0562,-0.1235,0.42246,0.90
135,0,10.100,-79.1789,135.2039,2.6579,1.7400,4.0300,2.3316,-0.0707,-0.1222,0.42243,0.90
135,0,10.200,-79.1867,135.1917,2.6518,1.7400,4.0300,2.3316,-0.0849,-0.1215,0.42239,0.90
135,0,10.300,-79.1959,135.1796,2.6407,1.7400,4.0300,2.3316,-0.0982,-0.1202,0.42242,0.90
135,0,10.400,-79.2063,135.1677,2.6242,1.7400,4.0300,2.3316,-0.1101,-0.1183,0.42243,0.90
135,0,10.500,-79.2179,135.1559,2.6020,1.7400,4.0300,2.3316,-0.1213,-0.1165,0.42244,0.90
135,0,10.600,-79.2306,135.1444,2.5738,1.7400,4.0300,2.3316,-0.1315,-0.1144,0.42244,0.90
135,0,10.700,-79.2442,135.1331,2.5395,1.7400,4.0300,2.3316,-0.1403,-0.1113,0.42243,0.90
135,0,10.800,-79.2586,135.1221,2.4990,1.7400,4.0300,2.3316,-0.1478,-0.1079,0.42241,0.90
135,0,10.900,-79.2738,135.1115,2.4522,1.7400,4.0300,2.3316,-0.1552,-0.1060,0.42243,0.90
135,0,11.000,-79.2896,135.1010,2.3994,1.7400,4.0300,2.3316,-0.1610,-0.1040,0.42247,0.90
135,0,11.100,-79.3060,135.0907,2.3408,1.7400,4.0300,2.3316,-0.1646,-0.1021,0.42252,0.90
135,0,11.200,-79.3226,135.0805,2.2770,1.7400,4.0300,2.3316,-0.1675,-0.1015,0.42260,0.90
135,0,11.300,-79.3394,135.0704,2.2088,1.7400,4.0300,2.3316,-0.1676,-0.1005,0.42267,0.90
135,0,11.400,-79.3561,135.0604,2.1373,1.7400,4.0300,2.3316,-0.1653,-0.0991,0.42271,0.90
135,0,11.500,-79.3726,135.0506,2.0630,1.7400,4.0300,2.3316,-0.1622,-0.0980,0.42272,0.90
135,0,11.600,-79.3886,135.0408,1.9864,1.7400,4.0300,2.3316,-0.1581,-0.0966,0.42275,0.90
135,0,11.700,-79.4041,135.0313,1.9089,1.7400,4.0300,2.3316,-0.1519,-0.0939,0.42277,0.90
135,0,11.800,-79.4190,135.0220,1.8323,1.7400,4.0300,2.3316,-0.1437,-0.0899,0.42280,0.90
135,0,11.900,-79.4329,135.0133,1.7577,1.7400,4.0300,2.3316,-0.1353,-0.0853,0.42286,0.90
135,0,12.000,-79.4460,135.0050,1.6859,1.7400,4.0300,2.3316,-0.1255,-0.0795,0.42291,0.90
135,0,12.100,-79.4580,134.9974,1.6173,1.7400,4.0300,2.3316,-0.1138,-0.0723,0.42292,0.90
135,0,12.200,-79.4688,134.9905,1.5529,1.7400,4.0300,2.3316,-0.1010,-0.0642,0.42294,0.90
135,0,12.300,-79.4782,134.9845,1.4936,1.7400,4.0300,2.3316,-0.0879,-0.0553,0.42296,0.90
135,0,12.400,-79.4863,134.9795,1.4400,1.7400,4.0300,2.3316,-0.0749,-0.0457,0.42297,0.90
135,0,12.500,-79.4932,134.9754,1.3923,1.7400,4.0300,2.3316,-0.0625,-0.0354,0.42297,0.90
135,0,12.600,-79.4989,134.9724,1.3508,1.7400,4.0300,2.3316,-0.0509,-0.0254,0.42298,0.90
135,0,12.700,-79.5034,134.9703,1.3156,1.7400,4.0300,2.3316,-0.0393,-0.0161,0.42300,0.90
135,0,12.800,-79.5067,134.9691,1.2865,1.7400,4.0300,2.3316,-0.0280,-0.0078,0.42301,0.90
135,0,12.900,-79.5090,134.9688,1.2635,1.7400,4.0300,2.3316,-0.0173,-0.0005,0.42302,0.90
135,0,13.000,-79.5102,134.9691,1.2464,1.7400,4.0300,2.3316,-0.0068,0.0062,0.42302,0.90
135,0,13.100,-79.5103,134.9700,1.2351,1.7400,4.0300,2.3316,0.0032,0.0120,0.42302,0.90
135,0,13.200,-79.5095,134.9715,1.2293,1.7400,4.0300,2.3316,0.0127,0.0169,0.42301,0.90
135,0,13.300,-79.5078,134.9734,1.2289,1.7400,4.0300,2.3316,0.0216,0.0209,0.42301,0.90
135,0,13.400,-79.5052,134.9756,1.2337,1.7400,4.0300,2.3316,0.0295,0.0238,0.42298,0.90
135,0,13.500,-79.5019,134.9781,1.2435,1.7400,4.0300,2.3316,0.0364,0.0257,0.42292,0.90
135,0,13.600,-79.4979,134.9808,1.2581,1.7400,4.0300,2.3316,0.0420,0.0268,0.42290,0.90
135,0,13.700,-79.4935,134.9835,1.2771,1.7400,4.0300,2.3316,0.0461,0.0273,0.42292,0.90
135,0,13.800,-79.4887,134.9862,1.3005,1.7400,4.0300,2.3316,0.0488,0.0273,0.42294,0.90
135,0,13.900,-79.4837,134.9890,1.3279,1.7400,4.0300,2.3316,0.0506,0.0270,0.42294,0.90
135,0,14.000,-79.4786,134.9916,1.3589,1.7400,4.0300,2.3316,0.0511,0.0264,0.42294,0.90
135,0,14.100,-79.4735,134.9942,1.3931,1.7400,4.0300,2.3316,0.0506,0.0256,0.42295,0.90
135,0,14.200,-79.4685,134.9967,1.4300,1.7400,4.0300,2.3316,0.0496,0.0247,0.42294,0.90
135,0,14.300,-79.4636,134.9992,1.4690,1.7400,4.0300,2.3316,0.0482,0.0241,0.42294,0.90
135,0,14.400,-79.4588,135.0016,1.5090,1.7400,4.0300,2.3316,0.0468,0.0235,0.42295,0.90
135,0,14.500,-79.4542,135.0039,1.5503,1.7400,4.0300,2.3316,0.0453,0.0231,0.42294,0.90
135,0,14.600,-79.4498,135.0062,1.5927,1.7400,4.0300,2.3316,0.0443,0.0228,0.42294,0.90
135,0,14.700,-79.4454,135.0084,1.6359,1.7400,4.0300,2.3316,0.0436,0.0227,0.42294,0.90
135,0,14.800,-79.4410,135.0107,1.6803,1.7400,4.0300,2.3316,0.0436,0.0228,0.42294,0.90
135,0,14.900,-79.4367,135.0130,1.7260,1.7400,4.0300,2.3316,0.0441,0.0229,0.42294,0.90
135,0,15.000,-79.4322,135.0153,1.7728,1.7400,4.0300,2.3316,0.0447,0.0231,0.42294,0.90
135,0,15.100,-79.4277,135.0176,1.8212,1.7400,4.0300,2.3316,0.0456,0.0235,0.42294,0.90
135,0,15.200,-79.4231,135.0200,1.8713,1.7400,4.0300,2.3316,0.0468,0.0240,0.42293,0.90
135,0,15.300,-79.4184,135.0224,1.9228,1.7400,4.0300,2.3316,0.0475,0.0243,0.42293,0.90
135,0,15.400,-79.4136,135.0248,1.9747,1.7400,4.0300,2.3316,0.0477,0.0243,0.42293,0.90
135,0,15.500,-79.4088,135.0273,2.0267,1.7400,4.0300,2.3316,0.0476,0.0243,0.42292,0.90
135,0,15.600,-79.4041,135.0297,2.0791,1.7400,4.0300,2.3316,0.0477,0.0244,0.42293,0.90
136,0,1.300,13.0221,-41.2821,-0.8228,1.7400,4.0300,1.6952,-0.0524,-0.4988,-1.12172,0.90
136,0,1.400,13.0168,-41.3321,-0.8246,1.7400,4.0300,1.6952,-0.0511,-0.5024,-1.12189,0.90
136,0,1.500,13.0119,-41.3825,-0.8264,1.7400,4.0300,1.6952,-0.0466,-0.5081,-1.12206,0.90
136,0,1.600,13.0075,-41.4336,-0.8282,1.7400,4.0300,1.6952,-0.0390,-0.5158,-1.12182,0.90
136,0,1.700,13.0041,-41.4858,-0.8301,1.7400,4.0300,1.6952,-0.0286,-0.5291,-1.12182,0.90
136,0,1.800,13.0018,-41.5396,-0.8320,1.7400,4.0300,1.6952,-0.0137,-0.5486,-1.12185,0.90
136,0,1.900,13.0013,-41.5954,-0.8341,1.7400,4.0300,1.6952,0.0072,-0.5714,-1.12180,0.90
136,0,2.000,13.0032,-41.6537,-0.8363,1.7400,4.0300,1.6952,0.0341,-0.5973,-1.12170,0.90
136,0,2.100,13.0082,-41.7151,-0.8386,1.7400,4.0300,1.6952,0.0649,-0.6350,-1.12160,0.90
136,0,2.200,13.0162,-41.7806,-0.8411,1.7400,4.0300,1.6952,0.0978,-0.6804,-1.12159,0.90
136,0,2.300,13.0277,-41.8510,-0.8439,1.7400,4.0300,1.6952,0.1333,-0.7323,-1.12141,0.90
136,0,2.400,13.0429,-41.9273,-0.8469,1.7400,4.0300,1.6952,0.1722,-0.7953,-1.12128,0.90
136,0,2.500,13.0622,-42.0104,-0.8502,1.7400,4.0300,1.6952,0.2155,-0.8688,-1.12126,0.90
136,0,2.600,13.0860,-42.1008,-0.8538,1.7400,4.0300,1.6952,0.2608,-0.9463,-1.12103,0.90
136,0,2.700,13.1143,-42.1994,-0.8577,1.7400,4.0300,1.6952,0.3057,-1.0276,-1.12122,0.90
136,0,2.800,13.1472,-42.3068,-0.8620,1.7400,4.0300,1.6952,0.3548,-1.1207,-1.12123,0.90
136,0,2.900,13.1851,-42.4232,-0.8667,1.7400,4.0300,1.6952,0.4036,-1.2120,-1.12102,0.90
136,0,3.000,13.2278,-42.5488,-0.8718,1.7400,4.0300,1.6952,0.4487,-1.2997,-1.12094,0.90
136,0,3.100,13.2751,-42.6837,-0.8773,1.7400,4.0300,1.6952,0.4948,-1.3969,-1.12129,0.90
136,0,3.200,13.3267,-42.8278,-0.8831,1.7400,4.0300,1.6952,0.5376,-1.4880,-1.12128,0.90
136,0,3.300,13.3825,-42.9809,-0.8893,1.7400,4.0300,1.6952,0.5769,-1.5643,-1.12123,0.90
136,0,3.400,13.4423,-43.1413,-0.8958,1.7400,4.0300,1.6952,0.6143,-1.6324,-1.12108,0.90
136,0,3.500,13.5051,-43.3069,-0.9026,1.7400,4.0300,1.6952,0.6403,-1.6726,-1.12082,0.90
136,0,3.600,13.5701,-43.4754,-0.9094,1.7400,4.0300,1.6952,0.6548,-1.6845,-1.12066,0.90
136,0,3.700,13.6364,-43.6445,-0.9163,1.7400,4.0300,1.6952,0.6621,-1.6795,-1.12059,0.90
136,0,3.800,13.7028,-43.8119,-0.9231,1.7400,4.0300,1.6952,0.6624,-1.6576,-1.12084,0.90
136,0,3.900,13.7687,-43.9755,-0.9297,1.7400,4.0300,1.6952,0.6511,-1.6074,-1.12109,0.90
136,0,4.000,13.8329,-44.1330,-0.9361,1.7400,4.0300,1.6952,0.6306,-1.5343,-1.12107,0.90
136,0,4.100,13.8950,-44.2830,-0.9422,1.7400,4.0300,1.6952,0.6111,-1.4624,-1.12110,0.90
136,0,4.200,13.9549,-44.4251,-0.9480,1.7400,4.0300,1.6952,0.5879,-1.3802,-1.12113,0.90
136,0,4.300,14.0124,-44.5587,-0.9534,1.7400,4.0300,1.6952,0.5613,-1.2884,-1.12104,0.90
136,0,4.400,14.0674,-44.6833,-0.9585,1.7400,4.0300,1.6952,0.5367,-1.1998,-1.12116,0.90
136,0,4.500,14.1196,-44.7983,-0.9632,1.7400,4.0300,1.6952,0.5087,-1.1041,-1.12119,0.90
136,0,4.600,14.1690,-44.9038,-0.9675,1.7400,4.0300,1.6952,0.4783,-1.0070,-1.12119,0.90
136,0,4.700,14.2155,-45.0001,-0.9714,1.7400,4.0300,1.6952,0.4507,-0.9190,-1.12121,0.90
136,0,4.800,14.2593,-45.0880,-0.9750,1.7400,4.0300,1.6952,0.4267,-0.8412,-1.12119,0.90
136,0,4.900,14.3007,-45.1681,-0.9783,1.7400,4.0300,1.6952,0.4037,-0.7685,-1.12124,0.90
136,0,5.000,14.3400,-45.2414,-0.9813,1.7400,4.0300,1.6952,0.3825,-0.7027,-1.12131,0.90
136,0,5.100,14.3774,-45.3089,-0.9840,1.7400,4.0300,1.6952,0.3669,-0.6507,-1.12119,0.90
136,0,5.200,14.4132,-45.3714,-0.9866,1.7400,4.0300,1.6952,0.3533,-0.6052,-1.12123,0.90
136,0,5.300,14.4479,-45.4298,-0.9890,1.7400,4.0300,1.6952,0.3418,-0.5665,-1.12122,0.90
136,0,5.400,14.4817,-45.4849,-0.9912,1.7400,4.0300,1.6952,0.3301,-0.5307,-1.12113,0.90
136,0,5.503,14.5150,-45.5377,-0.9934,1.7400,4.0300,1.6952,0.3313,-0.5195,-1.12117,0.90
136,0,5.600,14.5479,-45.5887,-0.9955,1.7400,4.0300,1.6952,0.3329,-0.5129,-1.12106,0.90
136,0,5.700,14.5806,-45.6386,-0.9975,1.7400,4.0300,1.6952,0.3252,-0.4967,-1.12104,0.90
136,0,5.800,14.6131,-45.6882,-0.9995,1.7400,4.0300,1.6952,0.3247,-0.4947,-1.12105,0.90
137,0,6.700,-112.8160,223.8675,2.0560,2.5097,4.9441,2.0200,0.4370,0.1742,-1.18189,0.90
137,0,6.800,-112.7722,223.8849,2.0551,2.5097,4.9441,2.0200,0.4385,0.1742,-1.18270,0.90
137,0,6.900,-112.7284,223.9023,2.0541,2.5097,4.9441,2.0200,0.4379,0.1718,-1.18350,0.90
137,0,7.000,-112.6848,223.9193,2.0532,2.5097,4.9441,2.0200,0.4346,0.1674,-1.18397,0.90
137,0,7.100,-112.6413,223.9358,2.0522,2.5097,4.9441,2.0200,0.4314,0.1627,-1.18517,0.90
137,0,7.200,-112.5983,223.9519,2.0512,2.5097,4.9441,2.0200,0.4283,0.1579,-1.18607,0.90
137,0,7.300,-112.5558,223.9673,2.0503,2.5097,4.9441,2.0200,0.4225,0.1519,-1.18496,0.90
137,0,7.400,-112.5139,223.9822,2.0493,2.5097,4.9441,2.0200,0.4140,0.1446,-1.18531,0.90
137,0,7.500,-112.4728,223.9963,2.0483,2.5097,4.9441,2.0200,0.4055,0.1371,-1.18551,0.90
137,0,7.600,-112.4327,224.0097,2.0474,2.5097,4.9441,2.0200,0.3971,0.1292,-1.18586,0.90
137,0,7.700,-112.3935,224.0221,2.0464,2.5097,4.9441,2.0200,0.3860,0.1200,-1.18624,0.90
137,0,7.800,-112.3556,224.0336,2.0455,2.5097,4.9441,2.0200,0.3722,0.1097,-1.18609,0.90
137,0,7.900,-112.3189,224.0441,2.0446,2.5097,4.9441,2.0200,0.3595,0.0995,-1.18588,0.90
137,0,8.000,-112.2838,224.0535,2.0436,2.5097,4.9441,2.0200,0.3442,0.0879,-1.18593,0.90
137,0,8.100,-112.2502,224.0617,2.0427,2.5097,4.9441,2.0200,0.3263,0.0752,-1.18591,0.90
137,0,8.200,-112.2184,224.0686,2.0418,2.5097,4.9441,2.0200,0.3082,0.0620,-1.18693,0.90
137,0,8.300,-112.1884,224.0741,2.0410,2.5097,4.9441,2.0200,0.2895,0.0481,-1.18938,0.90
137,0,8.400,-112.1606,224.0782,2.0401,2.5097,4.9441,2.0200,0.2682,0.0330,-1.19125,0.90
137,0,8.500,-112.1349,224.0807,2.0393,2.5097,4.9441,2.0200,0.2446,0.0170,-1.19223,0.90
137,0,8.600,-112.1115,224.0816,2.0385,2.5097,4.9441,2.0200,0.2210,0.0002,-1.19367,0.90
137,0,8.700,-112.0907,224.0807,2.0377,2.5097,4.9441,2.0200,0.1950,-0.0177,-1.19525,0.90
137,0,8.800,-112.0726,224.0780,2.0369,2.5097,4.9441,2.0200,0.1668,-0.0365,-1.19676,0.90
137,0,8.900,-112.0573,224.0734,2.0362,2.5097,4.9441,2.0200,0.1379,-0.0566,-1.19822,0.90
137,0,9.000,-112.0450,224.0667,2.0355,2.5097,4.9441,2.0200,0.1068,-0.0776,-1.19992,0.90
137,0,9.100,-112.0360,224.0579,2.0349,2.5097,4.9441,2.0200,0.0737,-0.0989,-1.20076,0.90
137,0,9.200,-112.0303,224.0469,2.0342,2.5097,4.9441,2.0200,0.0411,-0.1201,-1.20161,0.90
137,0,9.300,-112.0278,224.0339,2.0337,2.5097,4.9441,2.0200,0.0099,-0.1397,-1.20246,0.90
137,0,9.400,-112.0283,224.0190,2.0331,2.5097,4.9441,2.0200,-0.0188,-0.1572,-1.20330,0.90
137,0,9.500,-112.0315,224.0024,2.0326,2.5097,4.9441,2.0200,-0.0446,-0.1732,-1.20416,0.90
137,0,9.600,-112.0372,223.9843,2.0321,2.5097,4.9441,2.0200,-0.0675,-0.1882,-1.20499,0.90
137,0,9.700,-112.0450,223.9648,2.0316,2.5097,4.9441,2.0200,-0.0887,-0.2005,-1.20588,0.90
137,0,9.800,-112.0549,223.9442,2.0312,2.5097,4.9441,2.0200,-0.1088,-0.2101,-1.20676,0.90
137,0,9.900,-112.0668,223.9227,2.0308,2.5097,4.9441,2.0200,-0.1288,-0.2190,-1.20768,0.90
137,0,10.000,-112.0807,223.9005,2.0304,2.5097,4.9441,2.0200,-0.1478,-0.2251,-1.20822,0.90
137,0,10.100,-112.0963,223.8778,2.0301,2.5097,4.9441,2.0200,-0.1655,-0.2284,-1.20966,0.90
137,0,10.200,-112.1138,223.8547,2.0298,2.5097,4.9441,2.0200,-0.1837,-0.2311,-1.21055,0.90
137,0,10.300,-112.1330,223.8316,2.0296,2.5097,4.9441,2.0200,-0.2007,-0.2310,-1.21142,0.90
137,0,10.400,-112.1539,223.8086,2.0294,2.5097,4.9441,2.0200,-0.2164,-0.2281,-1.21227,0.90
137,0,10.500,-112.1764,223.7859,2.0293,2.5097,4.9441,2.0200,-0.2322,-0.2239,-1.21298,0.90
137,0,10.600,-112.2004,223.7637,2.0292,2.5097,4.9441,2.0200,-0.2482,-0.2183,-1.21372,0.90
137,0,10.700,-112.2260,223.7423,2.0292,2.5097,4.9441,2.0200,-0.2630,-0.2100,-1.21456,0.90
137,0,10.800,-112.2530,223.7218,2.0292,2.5097,4.9441,2.0200,-0.2763,-0.1989,-1.21532,0.90
137,0,10.900,-112.2813,223.7024,2.0293,2.5097,4.9441,2.0200,-0.2909,-0.1869,-1.21586,0.90
137,0,11.000,-112.3111,223.6844,2.0295,2.5097,4.9441,2.0200,-0.3042,-0.1723,-1.21657,0.90
137,0,11.100,-112.3421,223.6680,2.0297,2.5097,4.9441,2.0200,-0.3160,-0.1549,-1.21739,0.90
137,0,11.200,-112.3744,223.6534,2.0300,2.5097,4.9441,2.0200,-0.3295,-0.1364,-1.21799,0.90
137,0,11.300,-112.4079,223.6408,2.0305,2.5097,4.9441,2.0200,-0.3415,-0.1151,-1.21865,0.90
137,0,11.400,-112.4426,223.6304,2.0310,2.5097,4.9441,2.0200,-0.3519,-0.0914,-1.21934,0.90
137,0,11.500,-112.4784,223.6225,2.0315,2.5097,4.9441,2.0200,-0.3632,-0.0657,-1.22002,0.90
137,0,11.600,-112.5154,223.6172,2.0322,2.5097,4.9441,2.0200,-0.3753,-0.0378,-1.22069,0.90
137,0,11.700,-112.5534,223.6149,2.0330,2.5097,4.9441,2.0200,-0.3858,-0.0074,-1.22161,0.90
137,0,11.800,-112.5924,223.6158,2.0339,2.5097,4.9441,2.0200,-0.3948,0.0254,-1.22238,0.90
137,0,11.900,-112.6325,223.6200,2.0349,2.5097,4.9441,2.0200,-0.4061,0.0603,-1.22313,0.90
137,0,12.000,-112.6735,223.6278,2.0360,2.5097,4.9441,2.0200,-0.4133,0.0932,-1.22390,0.90
137,0,12.100,-112.7150,223.6386,2.0372,2.5097,4.9441,2.0200,-0.4137,0.1205,-1.22469,0.90
137,0,12.200,-112.7564,223.6519,2.0385,2.5097,4.9441,2.0200,-0.4113,0.1442,-1.22547,0.90
137,0,12.300,-112.7975,223.6675,2.0398,2.5097,4.9441,2.0200,-0.4064,0.1671,-1.22626,0.90
137,0,12.400,-112.8376,223.6853,2.0412,2.5097,4.9441,2.0200,-0.3957,0.1897,-1.22706,0.90
137,0,12.500,-112.8765,223.7054,2.0426,2.5097,4.9441,2.0200,-0.3809,0.2112,-1.22786,0.90
137,0,12.600,-112.9139,223.7276,2.0441,2.5097,4.9441,2.0200,-0.3673,0.2316,-1.22865,0.90
137,0,12.700,-112.9499,223.7516,2.0456,2.5097,4.9441,2.0200,-0.3502,0.2472,-1.22944,0.90
137,0,12.800,-112.9839,223.7770,2.0470,2.5097,4.9441,2.0200,-0.3255,0.2583,-1.23024,0.90
137,0,12.900,-113.0151,223.8034,2.0485,2.5097,4.9441,2.0200,-0.2953,0.2658,-1.23103,0.90
137,0,13.000,-113.0429,223.8301,2.0498,2.5097,4.9441,2.0200,-0.2578,0.2639,-1.23183,0.90
137,0,13.100,-113.0666,223.8561,2.0511,2.5097,4.9441,2.0200,-0.2139,0.2510,-1.23263,0.90
137,0,13.200,-113.0857,223.8804,2.0522,2.5097,4.9441,2.0200,-0.1657,0.2298,-1.23344,0.90
137,0,13.300,-113.0997,223.9020,2.0531,2.5097,4.9441,2.0200,-0.1145,0.2021,-1.23425,0.90
137,0,13.400,-113.1086,223.9208,2.0538,2.5097,4.9441,2.0200,-0.0641,0.1716,-1.23508,0.90
137,0,13.500,-113.1125,223.9364,2.0543,2.5097,4.9441,2.0200,-0.0141,0.1368,-1.23593,0.90
137,0,13.600,-113.1114,223.9482,2.0546,2.5097,4.9441,2.0200,0.0374,0.0956,-1.23675,0.90
137,0,13.700,-113.1050,223.9555,2.0547,2.5097,4.9441,2.0200,0.0914,0.0458,-1.23754,0.90
137,0,13.800,-113.0932,223.9574,2.0545,2.5097,4.9441,2.0200,0.1465,-0.0121,-1.23832,0.90
137,0,13.900,-113.0757,223.9531,2.0539,2.5097,4.9441,2.0200,0.2028,-0.0775,-1.23913,0.90
137,0,14.000,-113.0527,223.9419,2.0531,2.5097,4.9441,2.0200,0.2563,-0.1468,-1.23993,0.90
137,0,14.100,-113.0245,223.9238,2.0520,2.5097,4.9441,2.0200,0.3044,-0.2142,-1.23551,0.90
137,0,14.200,-112.9916,223.8990,2.0506,2.5097,4.9441,2.0200,0.3479,-0.2761,-1.23110,0.90
137,0,14.300,-112.9548,223.8684,2.0489,2.5097,4.9441,2.0200,0.3861,-0.3308,-1.22668,0.90
137,0,14.400,-112.9145,223.8329,2.0471,2.5097,4.9441,2.0200,0.4166,-0.3774,-1.22226,0.90
137,0,14.500,-112.8716,223.7930,2.0451,2.5097,4.9441,2.0200,0.4390,-0.4167,-1.21784,0.90
137,0,14.600,-112.8266,223.7494,2.0430,2.5097,4.9441,2.0200,0.4566,-0.4542,-1.21343,0.90
137,0,14.700,-112.7804,223.7023,2.0407,2.5097,4.9441,2.0200,0.4636,-0.4871,-1.20901,0.90
137,0,14.800,-112.7340,223.6521,2.0384,2.5097,4.9441,2.0200,0.4616,-0.5156,-1.20460,0.90
137,0,14.900,-112.6879,223.5990,2.0360,2.5097,4.9441,2.0200,0.4594,-0.5442,-1.20018,0.90
137,0,15.000,-112.6422,223.5434,2.0336,2.5097,4.9441,2.0200,0.4535,-0.5682,-1.19577,0.90
137,0,15.100,-112.5973,223.4855,2.0312,2.5097,4.9441,2.0200,0.4451,-0.5871,-1.19135,0.90
137,0,15.200,-112.5530,223.4258,2.0287,2.5097,4.9441,2.0200,0.4406,-0.6030,-1.18694,0.90
137,0,15.300,-112.5090,223.3647,2.0263,2.5097,4.9441,2.0200,0.4399,-0.6163,-1.18252,0.90
137,0,15.400,-112.4651,223.3027,2.0238,2.5097,4.9441,2.0200,0.4400,-0.6230,-1.17811,0.90
137,0,15.500,-112.4211,223.2402,2.0213,2.5097,4.9441,2.0200,0.4400,-0.6234,-1.17369,0.90
137,0,15.600,-112.3770,223.1777,2.0188,2.5097,4.9441,2.0200,0.4406,-0.6238,-1.16928,0.90
138,0,8.500,-92.4683,209.1687,1.7613,1.7400,4.3625,2.4321,-2.0243,-1.0270,-2.75147,0.90
138,0,8.600,-92.6711,209.0658,1.7652,1.7400,4.3625,2.4321,-2.0296,-1.0297,-2.74968,0.90
138,0,8.700,-92.8737,208.9630,1.7692,1.7400,4.3625,2.4321,-2.0244,-1.0276,-2.74784,0.90
138,0,8.800,-93.0755,208.8605,1.7731,1.7400,4.3625,2.4321,-2.0056,-1.0208,-2.74609,0.90
138,0,8.900,-93.2756,208.7584,1.7770,1.7400,4.3625,2.4321,-1.9890,-1.0198,-2.74442,0.90
138,0,9.000,-93.4727,208.6568,1.7808,1.7400,4.3625,2.4321,-1.9552,-1.0168,-2.74275,0.90
138,0,9.100,-93.6661,208.5554,1.7845,1.7400,4.3625,2.4321,-1.9085,-1.0143,-2.74107,0.90
138,0,9.200,-93.8552,208.4536,1.7880,1.7400,4.3625,2.4321,-1.8716,-1.0243,-2.73938,0.90
138,0,9.300,-94.0399,208.3508,1.7914,1.7400,4.3625,2.4321,-1.8292,-1.0389,-2.73769,0.90
138,0,9.400,-94.2205,208.2461,1.7945,1.7400,4.3625,2.4321,-1.7836,-1.0594,-2.73600,0.90
138,0,9.500,-94.3973,208.1385,1.7975,1.7400,4.3625,2.4321,-1.7466,-1.0934,-2.73430,0.90
138,0,9.600,-94.5705,208.0270,1.8003,1.7400,4.3625,2.4321,-1.7166,-1.1418,-2.73258,0.90
138,0,9.700,-94.7402,207.9104,1.8029,1.7400,4.3625,2.4321,-1.6806,-1.1973,-2.73086,0.90
138,0,9.800,-94.9062,207.7878,1.8053,1.7400,4.3625,2.4321,-1.6394,-1.2603,-2.72913,0.90
138,0,9.900,-95.0687,207.6579,1.8074,1.7400,4.3625,2.4321,-1.6116,-1.3442,-2.72739,0.90
138,0,10.000,-95.2281,207.5193,1.8094,1.7400,4.3625,2.4321,-1.5814,-1.4367,-2.72567,0.90
138,0,10.100,-95.3846,207.3709,1.8111,1.7400,4.3625,2.4321,-1.5495,-1.5363,-2.72394,0.90
138,0,10.200,-95.5386,207.2115,1.8127,1.7400,4.3625,2.4321,-1.5298,-1.6567,-2.67456,0.90
138,0,10.300,-95.6901,207.0401,1.8141,1.7400,4.3625,2.4321,-1.5049,-1.7805,-2.62519,0.90
138,0,10.400,-95.8391,206.8559,1.8154,1.7400,4.3625,2.4321,-1.4738,-1.9048,-2.57581,0.90
138,0,10.500,-95.9855,206.6583,1.8165,1.7400,4.3625,2.4321,-1.4473,-2.0410,-2.52643,0.90
138,0,10.600,-96.1292,206.4469,1.8176,1.7400,4.3625,2.4321,-1.4283,-2.1899,-2.47706,0.90
138,0,10.700,-96.2708,206.2209,1.8186,1.7400,4.3625,2.4321,-1.4093,-2.3374,-2.42768,0.90
138,0,10.800,-96.4107,205.9800,1.8196,1.7400,4.3625,2.4321,-1.3889,-2.4832,-2.37831,0.90
138,0,10.900,-96.5491,205.7233,1.8207,1.7400,4.3625,2.4321,-1.3779,-2.6530,-2.32885,0.90
138,0,11.000,-96.6859,205.4501,1.8219,1.7400,4.3625,2.4321,-1.3609,-2.8224,-2.27956,0.90
138,0,11.100,-96.8209,205.1596,1.8233,1.7400,4.3625,2.4321,-1.3341,-2.9876,-2.23018,0.90
138,0,11.200,-96.9532,204.8514,1.8248,1.7400,4.3625,2.4321,-1.3072,-3.1770,-2.18080,0.90
138,0,11.300,-97.0820,204.5251,1.8266,1.7400,4.3625,2.4321,-1.2609,-3.3564,-2.13143,0.90
138,0,11.400,-97.2051,204.1811,1.8286,1.7400,4.3625,2.4321,-1.1891,-3.5195,-2.08195,0.90
138,0,11.500,-97.3203,203.8198,1.8308,1.7400,4.3625,2.4321,-1.1002,-3.6894,-2.03253,0.90
138,0,11.600,-97.4255,203.4417,1.8334,1.7400,4.3625,2.4321,-0.9932,-3.8682,-1.98309,0.90
138,0,11.700,-97.5187,203.0472,1.8363,1.7400,4.3625,2.4321,-0.8607,-4.0312,-1.93393,0.90
138,0,11.800,-97.5975,202.6366,1.8395,1.7400,4.3625,2.4321,-0.7040,-4.1768,-1.88457,0.90
138,0,11.900,-97.6597,202.2102,1.8431,1.7400,4.3625,2.4321,-0.5297,-4.3469,-1.83518,0.90
138,0,12.000,-97.7033,201.7684,1.8471,1.7400,4.3625,2.4321,-0.3350,-4.5013,-1.76255,0.90
138,0,12.100,-97.7267,201.3112,1.8515,1.7400,4.3625,2.4321,-0.1299,-4.6384,-1.68992,0.90
138,0,12.200,-97.7293,200.8389,1.8564,1.7400,4.3625,2.4321,0.0806,-4.7870,-1.61729,0.90
138,0,12.300,-97.7105,200.3519,1.8618,1.7400,4.3625,2.4321,0.2993,-4.9476,-1.54466,0.90
138,0,12.400,-97.6695,199.8507,1.8678,1.7400,4.3625,2.4321,0.5250,-5.0868,-1.47203,0.90
138,0,12.500,-97.6056,199.3359,1.8744,1.7400,4.3625,2.4321,0.7524,-5.2027,-1.39940,0.90
138,0,12.600,-97.5187,198.8081,1.8815,1.7400,4.3625,2.4321,0.9845,-5.3461,-1.32677,0.90
138,0,12.700,-97.4090,198.2681,1.8893,1.7400,4.3625,2.4321,1.2096,-5.4656,-1.31196,0.90
138,0,12.800,-97.2771,197.7165,1.8976,1.7400,4.3625,2.4321,1.4198,-5.5614,-1.29715,0.90
138,0,12.900,-97.1245,197.1536,1.9065,1.7400,4.3625,2.4321,1.6262,-5.6899,-1.28234,0.90
138,0,13.000,-96.9523,196.5800,1.9159,1.7400,4.3625,2.4321,1.8120,-5.7959,-1.26753,0.90
138,0,13.100,-96.7626,195.9960,1.9258,1.7400,4.3625,2.4321,1.9738,-5.8790,-1.25271,0.90
138,0,13.200,-96.5568,195.4019,1.9361,1.7400,4.3625,2.4321,2.1320,-5.9977,-1.23790,0.90
138,0,13.300,-96.3367,194.7981,1.9468,1.7400,4.3625,2.4321,2.2693,-6.0931,-1.22309,0.90
138,0,13.400,-96.1036,194.1850,1.9579,1.7400,4.3625,2.4321,2.3870,-6.1627,-1.20825,0.90
138,0,13.500,-95.8584,193.5632,1.9692,1.7400,4.3625,2.4321,2.5020,-6.2461,-1.19347,0.90
138,0,13.600,-95.6022,192.9333,1.9808,1.7400,4.3625,2.4321,2.6154,-6.3429,-1.17866,0.90
138,0,13.700,-95.3360,192.2963,1.9927,1.7400,4.3625,2.4321,2.7114,-6.4120,-1.16385,0.90
138,0,13.800,-95.0606,191.6526,2.0048,1.7400,4.3625,2.4321,2.7869,-6.4556,-1.16385,0.90
138,0,13.900,-94.7775,191.0026,2.0172,1.7400,4.3625,2.4321,2.8668,-6.5388,-1.16385,0.90
138,0,14.000,-94.4880,190.3466,2.0297,1.7400,4.3625,2.4321,2.9256,-6.6007,-1.16385,0.90
138,0,14.100,-94.1932,189.6843,2.0425,1.7400,4.3625,2.4321,2.9645,-6.6433,-1.16385,0.90
138,0,14.200,-93.8940,189.0154,2.0555,1.7400,4.3625,2.4321,3.0030,-6.7097,-1.16385,0.90
138,0,14.300,-93.5914,188.3397,2.0687,1.7400,4.3625,2.4321,3.0418,-6.7987,-1.16385,0.90
138,0,14.400,-93.2865,187.6575,2.0822,1.7400,4.3625,2.4321,3.0608,-6.8626,-1.16385,0.90
138,0,14.500,-92.9801,186.9690,2.0960,1.7400,4.3625,2.4321,3.0618,-6.9013,-1.16385,0.90
138,0,14.600,-92.6729,186.2745,2.1100,1.7400,4.3625,2.4321,3.0771,-6.9841,-1.16385,0.90
138,0,14.700,-92.3655,185.5741,2.1242,1.7400,4.3625,2.4321,3.0773,-7.0408,-1.16385,0.90
138,0,14.800,-92.0583,184.8682,2.1387,1.7400,4.3625,2.4321,3.0638,-7.0693,-1.16385,0.90
138,0,14.900,-91.7515,184.1574,2.1534,1.7400,4.3625,2.4321,3.0683,-7.1387,-1.16385,0.90
138,0,15.000,-91.4454,183.4424,2.1682,1.7400,4.3625,2.4321,3.0624,-7.1779,-1.16385,0.90
138,0,15.100,-91.1399,182.7238,2.1831,1.7400,4.3625,2.4321,3.0448,-7.1861,-1.16385,0.90
138,0,15.200,-90.8353,182.0023,2.1981,1.7400,4.3625,2.4321,3.0345,-7.2106,-1.16385,0.90
138,0,15.300,-90.5318,181.2788,2.2130,1.7400,4.3625,2.4321,3.0336,-7.2502,-1.16385,0.90
138,0,15.400,-90.2294,180.5542,2.2280,1.7400,4.3625,2.4321,3.0238,-7.2562,-1.16385,0.90
138,0,15.500,-89.9278,179.8296,2.2429,1.7400,4.3625,2.4321,3.0058,-7.2280,-1.16385,0.90
138,0,15.600,-89.6270,179.1058,2.2578,1.7400,4.3625,2.4321,3.0022,-7.2235,-1.16385,0.90
139,0,0.000,28.8771,-61.8849,-1.6512,2.2549,5.7096,1.8348,-2.1542,4.9735,2.22299,0.90
139,0,0.100,28.6613,-61.3866,-1.6370,2.2549,5.7096,1.8348,-2.1631,4.9942,2.21237,0.90
139,0,0.200,28.4451,-60.8874,-1.6228,2.2549,5.7096,1.8348,-2.1690,5.0069,2.20177,0.90
139,0,0.300,28.2281,-60.3866,-1.6085,2.2549,5.7096,1.8348,-2.1724,5.0116,2.19118,0.90
139,0,0.400,28.0097,-59.8832,-1.5941,2.2549,5.7096,1.8348,-2.1959,5.0579,2.18054,0.90
139,0,0.500,27.7895,-59.3764,-1.5795,2.2549,5.7096,1.8348,-2.2185,5.0952,2.17000,0.90
139,0,0.600,27.5666,-58.8655,-1.5647,2.2549,5.7096,1.8348,-2.2402,5.1228,2.15939,0.90
139,0,0.700,27.3405,-58.3498,-1.5495,2.2549,5.7096,1.8348,-2.2758,5.1747,2.14881,0.90
139,0,0.800,27.1106,-57.8285,-1.5340,2.2549,5.7096,1.8348,-2.3251,5.2510,2.13817,0.90
139,0,0.900,26.8761,-57.3010,-1.5180,2.2549,5.7096,1.8348,-2.3722,5.3170,2.12758,0.90
139,0,1.000,26.6368,-56.7665,-1.5015,2.2549,5.7096,1.8348,-2.4154,5.3723,2.11693,0.90
139,0,1.100,26.3921,-56.2244,-1.4844,2.2549,5.7096,1.8348,-2.4784,5.4698,2.10630,0.90
139,0,1.200,26.1418,-55.6741,-1.4668,2.2549,5.7096,1.8348,-2.5374,5.5550,2.09569,0.90
139,0,1.300,25.8853,-55.1149,-1.4485,2.2549,5.7096,1.8348,-2.5900,5.6269,2.08507,0.90
139,0,1.400,25.6227,-54.5465,-1.4295,2.2549,5.7096,1.8348,-2.6610,5.7413,2.07448,0.90
139,0,1.500,25.3538,-53.9682,-1.4098,2.2549,5.7096,1.8348,-2.7246,5.8406,2.06381,0.90
139,0,1.600,25.0786,-53.3799,-1.3895,2.2549,5.7096,1.8348,-2.7782,5.9237,2.05317,0.90
139,0,1.700,24.7971,-52.7811,-1.3685,2.2549,5.7096,1.8348,-2.8386,6.0304,2.04257,0.90
139,0,1.800,24.5097,-52.1714,-1.3468,2.2549,5.7096,1.8348,-2.9067,6.1610,2.03194,0.90
139,0,1.900,24.2165,-51.5506,-1.3244,2.2549,5.7096,1.8348,-2.9634,6.2735,2.02139,0.90
139,0,2.000,23.9178,-50.9184,-1.3013,2.2549,5.7096,1.8348,-3.0079,6.3664,2.01090,0.90
139,0,2.100,23.6138,-50.2748,-1.2776,2.2549,5.7096,1.8348,-3.0706,6.5023,2.01101,0.90
139,0,2.200,23.3045,-49.6197,-1.2532,2.2549,5.7096,1.8348,-3.1223,6.6170,2.01108,0.90
139,0,2.300,22.9902,-48.9532,-1.2281,2.2549,5.7096,1.8348,-3.1637,6.7081,2.01126,0.90
139,0,2.400,22.6705,-48.2755,-1.2023,2.2549,5.7096,1.8348,-3.2162,6.8197,2.01134,0.90
139,0,2.500,22.3456,-47.5866,-1.1759,2.2549,5.7096,1.8348,-3.2790,6.9532,2.01137,0.90
139,0,2.600,22.0156,-46.8867,-1.1488,2.2549,5.7096,1.8348,-3.3300,7.0627,2.01144,0.90
139,0,2.700,21.6805,-46.1760,-1.1211,2.2549,5.7096,1.8348,-3.3692,7.1475,2.01142,0.90
139,0,2.800,21.3404,-45.4544,-1.0927,2.2549,5.7096,1.8348,-3.4299,7.2794,2.01141,0.90
139,0,2.900,20.9955,-44.7221,-1.0638,2.2549,5.7096,1.8348,-3.4775,7.3875,2.01137,0.90
139,0,3.000,20.6459,-43.9789,-1.0342,2.2549,5.7096,1.8348,-3.5112,7.4716,2.01137,0.90
139,0,3.100,20.2919,-43.2248,-1.0040,2.2549,5.7096,1.8348,-3.5664,7.6057,2.01134,0.90
139,0,3.200,19.9336,-42.4598,-0.9732,2.2549,5.7096,1.8348,-3.6088,7.7153,2.01135,0.90
139,0,3.300,19.5711,-41.6838,-0.9420,2.2549,5.7096,1.8348,-3.6386,7.7990,2.01140,0.90
139,0,3.400,19.2044,-40.8969,-0.9103,2.2549,5.7096,1.8348,-3.6935,7.9339,2.01137,0.90
139,0,3.500,18.8334,-40.0992,-0.8781,2.2549,5.7096,1.8348,-3.7365,8.0419,2.01139,0.90
139,0,3.600,18.4581,-39.2907,-0.8456,2.2549,5.7096,1.8348,-3.7663,8.1221,2.01142,0.90
139,0,3.700,18.0786,-38.4715,-0.8127,2.2549,5.7096,1.8348,-3.8086,8.2279,2.01148,0.90
139,0,3.800,17.6949,-37.6419,-0.7796,2.2549,5.7096,1.8348,-3.8641,8.3604,2.01153,0.90
139,0,3.900,17.3069,-36.8017,-0.7463,2.2549,5.7096,1.8348,-3.9074,8.4637,2.01155,0.90
139,0,4.000,16.9144,-35.9514,-0.7127,2.2549,5.7096,1.8348,-3.9399,8.5364,2.01158,0.90
139,0,4.100,16.5173,-35.0911,-0.6790,2.2549,5.7096,1.8348,-4.0006,8.6643,2.01158,0.90
139,0,4.200,16.1154,-34.2209,-0.6451,2.2549,5.7096,1.8348,-4.0499,8.7626,2.01152,0.90
139,0,4.300,15.7085,-33.3410,-0.6111,2.2549,5.7096,1.8348,-4.0867,8.8301,2.01150,0.90
139,0,4.400,15.2965,-32.4514,-0.5770,2.2549,5.7096,1.8348,-4.1516,8.9547,2.01148,0.90
139,0,4.500,14.8793,-31.5524,-0.5427,2.2549,5.7096,1.8348,-4.2034,9.0481,2.01145,0.90
139,0,4.600,14.4569,-30.6442,-0.5082,2.2549,5.7096,1.8348,-4.2403,9.1094,2.01144,0.90
139,0,4.700,14.0295,-29.7269,-0.4735,2.2549,5.7096,1.8348,-4.2903,9.2001,2.01145,0.90
139,0,4.800,13.5972,-28.8006,-0.4385,2.2549,5.7096,1.8348,-4.3539,9.3212,2.01145,0.90
139,0,4.900,13.1599,-27.8652,-0.4033,2.2549,5.7096,1.8348,-4.4022,9.4113,2.01145,0.90
139,0,5.000,12.7179,-26.9208,-0.3677,2.2549,5.7096,1.8348,-4.4346,9.4700,2.01144,0.90
139,0,5.100,12.2713,-25.9675,-0.3318,2.2549,5.7096,1.8348,-4.4963,9.5907,2.01145,0.90
139,0,5.200,11.8199,-25.0053,-0.2956,2.2549,5.7096,1.8348,-4.5442,9.6783,2.01146,0.90
139,0,5.300,11.3636,-24.0345,-0.2592,2.2549,5.7096,1.8348,-4.5784,9.7318,2.01147,0.90
139,0,5.400,10.9024,-23.0551,-0.2227,2.2549,5.7096,1.8348,-4.5630,9.6767,2.01152,0.90
139,0,5.503,10.4361,-22.0675,-0.1860,2.2549,5.7096,1.8348,-4.6939,9.9315,2.01155,0.90
139,0,5.600,9.9649,-21.0715,-0.1493,2.2549,5.7096,1.8348,-4.8119,10.1598,2.01159,0.90
139,0,5.700,9.4889,-20.0675,-0.1127,2.2549,5.7096,1.8348,-4.7742,10.0604,2.01161,0.90
1039,0,9.800,-12.2700,25.0826,1.5397,2.2549,5.7096,1.8348,-5.3724,11.2920,2.01144,0.90
1039,0,9.900,-12.8074,26.2136,1.5795,2.2549,5.7096,1.8348,-5.3736,11.3197,2.01146,0.90
1039,0,10.000,-13.3432,27.3435,1.6194,2.2549,5.7096,1.8348,-5.3576,11.3088,2.01143,0.90
1039,0,10.100,-13.8775,28.4723,1.6593,2.2549,5.7096,1.8348,-5.3254,11.2598,2.01141,0.90
1039,0,10.200,-14.4104,29.5999,1.6995,2.2549,5.7096,1.8348,-5.3307,11.2849,2.01138,0.90
1039,0,10.300,-14.9422,30.7262,1.7399,2.2549,5.7096,1.8348,-5.3215,11.2718,2.01140,0.90
1039,0,10.400,-15.4732,31.8512,1.7808,2.2549,5.7096,1.8348,-5.2994,11.2207,2.01141,0.90
1039,0,10.500,-16.0041,32.9747,1.8220,2.2549,5.7096,1.8348,-5.3003,11.2066,2.01142,0.90
1039,0,10.600,-16.5354,34.0969,1.8636,2.2549,5.7096,1.8348,-5.3234,11.2272,2.01142,0.90
1039,0,10.700,-17.0674,35.2172,1.9057,2.2549,5.7096,1.8348,-5.3316,11.2063,2.01141,0.90
1039,0,10.800,-17.6003,36.3352,1.9481,2.2549,5.7096,1.8348,-5.3228,11.1438,2.01140,0.90
1039,0,10.900,-18.1341,37.4503,1.9907,2.2549,5.7096,1.8348,-5.3482,11.1513,2.01141,0.90
1039,0,11.000,-18.6685,38.5624,2.0335,2.2549,5.7096,1.8348,-5.3539,11.1189,2.01144,0.90
1039,0,11.100,-19.2034,39.6711,2.0764,2.2549,5.7096,1.8348,-5.3397,11.0473,2.01148,0.90
1039,0,11.200,-19.7385,40.7762,2.1194,2.2549,5.7096,1.8348,-5.3585,11.0474,2.01154,0.90
1039,0,11.300,-20.2736,41.8776,2.1625,2.2549,5.7096,1.8348,-5.3572,11.0100,2.01159,0.90
1039,0,11.400,-20.8085,42.9752,2.2056,2.2549,5.7096,1.8348,-5.3354,10.9358,2.01162,0.90
1039,0,11.500,-21.3428,44.0691,2.2487,2.2549,5.7096,1.8348,-5.3284,10.8983,2.01163,0.90
1039,0,11.600,-21.8763,45.1592,2.2918,2.2549,5.7096,1.8348,-5.3349,10.8977,2.01165,0.90
1039,0,11.700,-22.4084,46.2457,2.3346,2.2549,5.7096,1.8348,-5.3195,10.8623,2.01166,0.90
1039,0,11.800,-22.9388,47.3287,2.3773,2.2549,5.7096,1.8348,-5.2835,10.7923,2.01168,0.90
1039,0,11.900,-23.4672,48.4084,2.4196,2.2549,5.7096,1.8348,-5.2803,10.7942,2.01173,0.90
1039,0,12.000,-23.9934,49.4847,2.4615,2.2549,5.7096,1.8348,-5.2582,10.7598,2.01176,0.90
1039,0,12.100,-24.5174,50.5574,2.5029,2.2549,5.7096,1.8348,-5.2180,10.6885,2.01177,0.90
1039,0,12.200,-25.0390,51.6266,2.5439,2.2549,5.7096,1.8348,-5.1945,10.6510,2.01179,0.90
1039,0,12.300,-25.5583,52.6918,2.5845,2.2549,5.7096,1.8348,-5.1879,10.6459,2.01180,0.90
1039,0,12.400,-26.0752,53.7529,2.6246,2.2549,5.7096,1.8348,-5.1639,10.6016,2.01181,0.90
1039,0,12.500,-26.5897,54.8093,2.6642,2.2549,5.7096,1.8348,-5.1221,10.5181,2.01181,0.90
1039,0,12.600,-27.1017,55.8606,2.7034,2.2549,5.7096,1.8348,-5.1129,10.4998,2.01182,0.90
1039,0,12.700,-27.6109,56.9064,2.7424,2.2549,5.7096,1.8348,-5.0849,10.4419,2.01183,0.90
1039,0,12.800,-28.1173,57.9462,2.7810,2.2549,5.7096,1.8348,-5.0379,10.3449,2.01183,0.90
1039,0,12.900,-28.6205,58.9795,2.8195,2.2549,5.7096,1.8348,-5.0212,10.3114,2.01184,0.90
1039,0,13.000,-29.1202,60.0057,2.8579,2.2549,5.7096,1.8348,-4.9844,10.2376,2.01184,0.90
1039,0,13.100,-29.6160,61.0242,2.8964,2.2549,5.7096,1.8348,-4.9274,10.1229,2.01185,0.90
1039,0,13.200,-30.1076,62.0343,2.9349,2.2549,5.7096,1.8348,-4.8987,10.0672,2.01184,0.90
1039,0,13.300,-30.5944,63.0349,2.9736,2.2549,5.7096,1.8348,-4.8485,9.9686,2.01183,0.90
1039,0,13.400,-31.0760,64.0253,3.0125,2.2549,5.7096,1.8348,-4.7765,9.8273,2.01181,0.90
1039,0,13.500,-31.5516,65.0043,3.0517,2.2549,5.7096,1.8348,-4.7144,9.7089,2.01177,0.90
1039,0,13.600,-32.0207,65.9709,3.0910,2.2549,5.7096,1.8348,-4.6620,9.6124,2.01176,0.90
1039,0,13.700,-32.4827,66.9242,3.1306,2.2549,5.7096,1.8348,-4.5886,9.4746,2.01177,0.90
1039,0,13.800,-32.9372,67.8633,3.1702,2.2549,5.7096,1.8348,-4.4955,9.2976,2.01179,0.90
1039,0,13.900,-33.3836,68.7874,3.2100,2.2549,5.7096,1.8348,-4.4278,9.1748,2.01178,0.90
1039,0,14.000,-33.8216,69.6958,3.2497,2.2549,5.7096,1.8348,-4.3420,9.0155,2.01179,0.90
1039,0,14.100,-34.2508,70.5880,3.2893,2.2549,5.7096,1.8348,-4.2406,8.8227,2.01179,0.90
1039,0,14.200,-34.6713,71.4638,3.3288,2.2549,5.7096,1.8348,-4.1532,8.6576,2.01179,0.90
1039,0,14.300,-35.0831,72.3229,3.3678,2.2549,5.7096,1.8348,-4.0803,8.5206,2.01178,0.90
1039,0,14.400,-35.4863,73.1656,3.4065,2.2549,5.7096,1.8348,-3.9957,8.3564,2.01179,0.90
1039,0,14.500,-35.8812,73.9920,3.4446,2.2549,5.7096,1.8348,-3.9014,8.1690,2.01179,0.90
1039,0,14.600,-36.2681,74.8026,3.4821,2.2549,5.7096,1.8348,-3.8372,8.0417,2.01179,0.90
1039,0,14.700,-36.6476,75.5982,3.5190,2.2549,5.7096,1.8348,-3.7650,7.8958,2.01179,0.90
1039,0,14.800,-37.0201,76.3797,3.5552,2.2549,5.7096,1.8348,-3.6864,7.7350,2.01178,0.90
1039,0,14.900,-37.3863,77.1482,3.5908,2.2549,5.7096,1.8348,-3.6387,7.6380,2.01178,0.90
1039,0,15.000,-37.7469,77.9052,3.6256,2.2549,5.7096,1.8348,-3.5859,7.5300,2.01178,0.90
1039,0,15.100,-38.1025,78.6522,3.6599,2.2549,5.7096,1.8348,-3.5293,7.4136,2.01178,0.90
1039,0,15.200,-38.4541,79.3908,3.6937,2.2549,5.7096,1.8348,-3.4929,7.3396,2.01178,0.90
1039,0,15.300,-38.8025,80.1230,3.7270,2.2549,5.7096,1.8348,-3.4766,7.3076,2.01178,0.90
1039,0,15.400,-39.1485,80.8504,3.7600,2.2549,5.7096,1.8348,-3.4574,7.2686,2.01178,0.90
1039,0,15.500,-39.4930,81.5747,3.7928,2.2549,5.7096,1.8348,-3.4352,7.2223,2.01177,0.90
1039,0,15.600,-39.8369,82.2977,3.8256,2.2549,5.7096,1.8348,-3.4318,7.2152,2.01177,0.90
140,0,10.300,-96.4170,216.2066,1.2688,1.7400,4.0300,1.6386,-3.7807,3.8802,2.52154,0.90
140,0,10.400,-96.7959,216.5953,1.2864,1.7400,4.0300,1.6386,-3.7803,3.8866,2.46719,0.90
140,0,10.500,-97.1746,216.9854,1.3042,1.7400,4.0300,1.6386,-3.7760,3.9083,2.41283,0.90
140,0,10.600,-97.5525,217.3785,1.3220,1.7400,4.0300,1.6386,-3.7761,3.9608,2.36246,0.90
140,0,10.700,-97.9288,217.7765,1.3400,1.7400,4.0300,1.6386,-3.7535,4.0181,2.31209,0.90
140,0,10.800,-98.3022,218.1811,1.3583,1.7400,4.0300,1.6386,-3.7056,4.0802,2.26160,0.90
140,0,10.900,-98.6714,218.5942,1.3769,1.7400,4.0300,1.6386,-3.6672,4.1882,2.21134,0.90
140,0,11.000,-99.0347,219.0176,1.3959,1.7400,4.0300,1.6386,-3.6007,4.3016,2.16098,0.90
140,0,11.100,-99.3905,219.4533,1.4152,1.7400,4.0300,1.6386,-3.5080,4.4178,2.13182,0.90
140,0,11.200,-99.7377,219.9029,1.4350,1.7400,4.0300,1.6386,-3.4277,4.5777,2.10266,0.90
140,0,11.300,-100.0751,220.3676,1.4553,1.7400,4.0300,1.6386,-3.3275,4.7341,2.07351,0.90
140,0,11.400,-100.4023,220.8484,1.4761,1.7400,4.0300,1.6386,-3.2098,4.8835,2.04434,0.90
140,0,11.500,-100.7184,221.3462,1.4975,1.7400,4.0300,1.6386,-3.0983,5.0549,2.01517,0.90
140,0,11.600,-101.0231,221.8614,1.5193,1.7400,4.0300,1.6386,-2.9932,5.2475,1.98601,0.90
140,0,11.700,-101.3162,222.3943,1.5416,1.7400,4.0300,1.6386,-2.8757,5.4250,1.95684,0.90
140,0,11.800,-101.5975,222.9450,1.5643,1.7400,4.0300,1.6386,-2.7486,5.5834,1.92767,0.90
140,0,11.900,-101.8670,223.5132,1.5874,1.7400,4.0300,1.6386,-2.6410,5.7765,1.89851,0.90
140,0,12.000,-102.1250,224.0987,1.6109,1.7400,4.0300,1.6386,-2.5286,5.9478,1.86935,0.90
140,0,12.100,-102.3720,224.7011,1.6346,1.7400,4.0300,1.6386,-2.4158,6.0942,1.86095,0.90
140,0,12.200,-102.6091,225.3199,1.6586,1.7400,4.0300,1.6386,-2.3227,6.2541,1.85255,0.90
140,0,12.300,-102.8375,225.9544,1.6827,1.7400,4.0300,1.6386,-2.2507,6.4275,1.84416,0.90
140,0,12.400,-103.0586,226.6037,1.7071,1.7400,4.0300,1.6386,-2.1842,6.5720,1.83576,0.90
140,0,12.500,-103.2737,227.2670,1.7317,1.7400,4.0300,1.6386,-2.1222,6.6865,1.82749,0.90
140,0,12.600,-103.4839,227.9436,1.7564,1.7400,4.0300,1.6386,-2.0859,6.8377,1.81896,0.90
140,0,12.700,-103.6903,228.6327,1.7813,1.7400,4.0300,1.6386,-2.0545,6.9615,1.81056,0.90
140,0,12.800,-103.8943,229.3341,1.8062,1.7400,4.0300,1.6386,-2.0267,7.0587,1.80216,0.90
140,0,12.900,-104.0965,230.0472,1.8313,1.7400,4.0300,1.6386,-2.0177,7.1985,1.79377,0.90
140,0,13.000,-104.2973,230.7718,1.8565,1.7400,4.0300,1.6386,-2.0047,7.3090,1.78536,0.90
140,0,13.100,-104.4969,231.5071,1.8819,1.7400,4.0300,1.6386,-1.9874,7.3861,1.77697,0.90
140,0,13.200,-104.6955,232.2519,1.9073,1.7400,4.0300,1.6386,-1.9856,7.4995,1.76283,0.90
140,0,13.300,-104.8934,233.0049,1.9329,1.7400,4.0300,1.6386,-1.9786,7.5714,1.74869,0.90
140,0,13.400,-105.0907,233.7641,1.9586,1.7400,4.0300,1.6386,-1.9654,7.5949,1.73455,0.90
140,0,13.500,-105.2873,234.5269,1.9843,1.7400,4.0300,1.6386,-1.9591,7.6163,1.72040,0.90
140,0,13.600,-105.4833,235.2904,2.0100,1.7400,4.0300,1.6386,-1.9563,7.6200,1.70627,0.90
